[main 8de7f56] Atualiza vitrine - 05/09/2026 11:45
 2 files changed, 82 insertions(+), 76 deletions(-)
 create mode 100644 vitrine_cron.log
To github.com:gestordecx/promod-vitrine.git
   2b209c6..8de7f56  main -> main
10 ofertas escritas em index.html.
Vitrine publicada com sucesso.
[main b4f9021] Atualiza vitrine - 05/09/2026 12:00
 2 files changed, 75 insertions(+), 69 deletions(-)
To github.com:gestordecx/promod-vitrine.git
   8de7f56..b4f9021  main -> main
10 ofertas escritas em index.html.
Vitrine publicada com sucesso.
[main 42f8da8] Atualiza vitrine - 05/09/2026 12:15
 2 files changed, 75 insertions(+), 73 deletions(-)
To github.com:gestordecx/promod-vitrine.git
   b4f9021..42f8da8  main -> main
10 ofertas escritas em index.html.
Vitrine publicada com sucesso.
[main 6d6cef6] Atualiza vitrine - 05/09/2026 12:30
 2 files changed, 82 insertions(+), 77 deletions(-)
To github.com:gestordecx/promod-vitrine.git
   42f8da8..6d6cef6  main -> main
10 ofertas escritas em index.html.
Vitrine publicada com sucesso.
[main ffbe812] Atualiza vitrine - 05/09/2026 12:45
 2 files changed, 84 insertions(+), 76 deletions(-)
To github.com:gestordecx/promod-vitrine.git
   6d6cef6..ffbe812  main -> main
10 ofertas escritas em index.html.
Vitrine publicada com sucesso.
[main f32e8fe] Atualiza vitrine - 05/09/2026 13:00
 2 files changed, 84 insertions(+), 80 deletions(-)
To github.com:gestordecx/promod-vitrine.git
   ffbe812..f32e8fe  main -> main
10 ofertas escritas em index.html.
Vitrine publicada com sucesso.
[main aab10c3] Atualiza vitrine - 05/09/2026 13:15
 2 files changed, 79 insertions(+), 71 deletions(-)
To github.com:gestordecx/promod-vitrine.git
   f32e8fe..aab10c3  main -> main
10 ofertas escritas em index.html.
Vitrine publicada com sucesso.
[main 05e5874] Atualiza vitrine - 05/09/2026 13:30
 2 files changed, 72 insertions(+), 67 deletions(-)
To github.com:gestordecx/promod-vitrine.git
   aab10c3..05e5874  main -> main
10 ofertas escritas em index.html.
Vitrine publicada com sucesso.
[main 4e4d57d] Atualiza vitrine - 05/09/2026 13:45
 2 files changed, 90 insertions(+), 84 deletions(-)
To github.com:gestordecx/promod-vitrine.git
   05e5874..4e4d57d  main -> main
10 ofertas escritas em index.html.
Vitrine publicada com sucesso.
[main 5035763] Atualiza vitrine - 05/09/2026 14:00
 2 files changed, 81 insertions(+), 74 deletions(-)
To github.com:gestordecx/promod-vitrine.git
   4e4d57d..5035763  main -> main
10 ofertas escritas em index.html.
Vitrine publicada com sucesso.
[main 1327699] Atualiza vitrine - 05/09/2026 14:15
 2 files changed, 74 insertions(+), 66 deletions(-)
To github.com:gestordecx/promod-vitrine.git
   5035763..1327699  main -> main
10 ofertas escritas em index.html.
Vitrine publicada com sucesso.
[main f24a2ee] Atualiza vitrine - 05/09/2026 14:30
 2 files changed, 24 insertions(+), 17 deletions(-)
To github.com:gestordecx/promod-vitrine.git
   1327699..f24a2ee  main -> main
10 ofertas escritas em index.html.
Vitrine publicada com sucesso.
[main fde9a2b] Atualiza vitrine - 05/09/2026 14:45
 2 files changed, 76 insertions(+), 75 deletions(-)
To github.com:gestordecx/promod-vitrine.git
   f24a2ee..fde9a2b  main -> main
10 ofertas escritas em index.html.
Vitrine publicada com sucesso.
[main 59292bd] Atualiza vitrine - 05/09/2026 15:00
 2 files changed, 79 insertions(+), 77 deletions(-)
To github.com:gestordecx/promod-vitrine.git
   fde9a2b..59292bd  main -> main
10 ofertas escritas em index.html.
Vitrine publicada com sucesso.
[main e1fd49b] Atualiza vitrine - 05/09/2026 15:15
 2 files changed, 81 insertions(+), 72 deletions(-)
To github.com:gestordecx/promod-vitrine.git
   59292bd..e1fd49b  main -> main
10 ofertas escritas em index.html.
Vitrine publicada com sucesso.
[main 9da4105] Atualiza vitrine - 05/09/2026 15:30
 2 files changed, 83 insertions(+), 77 deletions(-)
To github.com:gestordecx/promod-vitrine.git
   e1fd49b..9da4105  main -> main
10 ofertas escritas em index.html.
Vitrine publicada com sucesso.
[main dd04fa2] Atualiza vitrine - 05/09/2026 15:45
 2 files changed, 81 insertions(+), 78 deletions(-)
To github.com:gestordecx/promod-vitrine.git
   9da4105..dd04fa2  main -> main
10 ofertas escritas em index.html.
Vitrine publicada com sucesso.
[main 8d34d3a] Atualiza vitrine - 05/09/2026 16:00
 2 files changed, 55 insertions(+), 49 deletions(-)
To github.com:gestordecx/promod-vitrine.git
   dd04fa2..8d34d3a  main -> main
10 ofertas escritas em index.html.
Vitrine publicada com sucesso.
[main 81c65f0] Atualiza vitrine - 05/09/2026 16:15
 2 files changed, 86 insertions(+), 74 deletions(-)
To github.com:gestordecx/promod-vitrine.git
   8d34d3a..81c65f0  main -> main
10 ofertas escritas em index.html.
Vitrine publicada com sucesso.
[main 77d97cf] Atualiza vitrine - 05/09/2026 16:30
 1 file changed, 1 insertion(+), 1 deletion(-)
To github.com:gestordecx/promod-vitrine.git
   81853fa..77d97cf  main -> main
10 ofertas escritas em index.html.
Vitrine publicada com sucesso.
[main db20a71] Atualiza vitrine - 05/09/2026 16:45
 1 file changed, 49 insertions(+), 49 deletions(-)
To github.com:gestordecx/promod-vitrine.git
   27c0ee5..db20a71  main -> main
12 ofertas escritas em index.html.
Vitrine publicada com sucesso.
[main fc86825] Atualiza vitrine - 05/09/2026 17:00
 1 file changed, 66 insertions(+), 66 deletions(-)
To github.com:gestordecx/promod-vitrine.git
   55832e9..fc86825  main -> main
12 ofertas escritas em index.html.
Vitrine publicada com sucesso.
[main cb51fd8] Atualiza vitrine - 05/09/2026 17:15
 2 files changed, 97 insertions(+), 94 deletions(-)
To github.com:gestordecx/promod-vitrine.git
   fc86825..cb51fd8  main -> main
12 ofertas escritas em index.html.
Vitrine publicada com sucesso.
[main bffbbb0] Atualiza vitrine - 05/09/2026 17:30
 2 files changed, 90 insertions(+), 84 deletions(-)
To github.com:gestordecx/promod-vitrine.git
   cb51fd8..bffbbb0  main -> main
12 ofertas escritas em index.html.
Vitrine publicada com sucesso.
[main 84f66a7] Atualiza vitrine - 05/09/2026 17:45
 2 files changed, 91 insertions(+), 84 deletions(-)
To github.com:gestordecx/promod-vitrine.git
   bffbbb0..84f66a7  main -> main
12 ofertas escritas em index.html.
Vitrine publicada com sucesso.
[main 787c1a1] Atualiza vitrine - 05/09/2026 18:00
 2 files changed, 88 insertions(+), 81 deletions(-)
To github.com:gestordecx/promod-vitrine.git
   84f66a7..787c1a1  main -> main
12 ofertas escritas em index.html.
Vitrine publicada com sucesso.
[main 701caeb] Atualiza vitrine - 05/09/2026 18:15
 2 files changed, 71 insertions(+), 65 deletions(-)
To github.com:gestordecx/promod-vitrine.git
   787c1a1..701caeb  main -> main
12 ofertas escritas em index.html.
Vitrine publicada com sucesso.
[main 723dfc0] Atualiza vitrine - 05/09/2026 18:30
 2 files changed, 23 insertions(+), 17 deletions(-)
To github.com:gestordecx/promod-vitrine.git
   701caeb..723dfc0  main -> main
12 ofertas escritas em index.html.
Vitrine publicada com sucesso.
[main f5cfe33] Atualiza vitrine - 05/09/2026 18:45
 2 files changed, 100 insertions(+), 94 deletions(-)
To github.com:gestordecx/promod-vitrine.git
   723dfc0..f5cfe33  main -> main
12 ofertas escritas em index.html.
Vitrine publicada com sucesso.
[main 4891c75] Atualiza vitrine - 05/09/2026 19:00
 2 files changed, 56 insertions(+), 49 deletions(-)
To github.com:gestordecx/promod-vitrine.git
   f5cfe33..4891c75  main -> main
12 ofertas escritas em index.html.
Vitrine publicada com sucesso.
[main 0f0db29] Atualiza vitrine - 05/09/2026 19:15
 2 files changed, 71 insertions(+), 65 deletions(-)
To github.com:gestordecx/promod-vitrine.git
   4891c75..0f0db29  main -> main
12 ofertas escritas em index.html.
Vitrine publicada com sucesso.
[main 0948c66] Atualiza vitrine - 05/09/2026 19:30
 2 files changed, 23 insertions(+), 17 deletions(-)
To github.com:gestordecx/promod-vitrine.git
   0f0db29..0948c66  main -> main
12 ofertas escritas em index.html.
Vitrine publicada com sucesso.
[main 48e68af] Atualiza vitrine - 05/09/2026 19:45
 2 files changed, 23 insertions(+), 17 deletions(-)
To github.com:gestordecx/promod-vitrine.git
   0948c66..48e68af  main -> main
12 ofertas escritas em index.html.
Vitrine publicada com sucesso.
[main c8870fb] Atualiza vitrine - 05/09/2026 20:00
 2 files changed, 39 insertions(+), 33 deletions(-)
To github.com:gestordecx/promod-vitrine.git
   48e68af..c8870fb  main -> main
12 ofertas escritas em index.html.
Vitrine publicada com sucesso.
[main 912c9ac] Atualiza vitrine - 05/09/2026 20:15
 2 files changed, 39 insertions(+), 36 deletions(-)
To github.com:gestordecx/promod-vitrine.git
   c8870fb..912c9ac  main -> main
12 ofertas escritas em index.html.
Vitrine publicada com sucesso.
[main e244c42] Atualiza vitrine - 05/09/2026 20:30
 2 files changed, 23 insertions(+), 17 deletions(-)
To github.com:gestordecx/promod-vitrine.git
   912c9ac..e244c42  main -> main
12 ofertas escritas em index.html.
Vitrine publicada com sucesso.
[main ce7c547] Atualiza vitrine - 05/09/2026 20:45
 2 files changed, 103 insertions(+), 92 deletions(-)
To github.com:gestordecx/promod-vitrine.git
   e244c42..ce7c547  main -> main
12 ofertas escritas em index.html.
Vitrine publicada com sucesso.
[main 7acd3a9] Atualiza vitrine - 05/09/2026 21:00
 2 files changed, 103 insertions(+), 97 deletions(-)
To github.com:gestordecx/promod-vitrine.git
   ce7c547..7acd3a9  main -> main
12 ofertas escritas em index.html.
Vitrine publicada com sucesso.
[main 39dd0e4] Atualiza vitrine - 05/09/2026 21:15
 2 files changed, 87 insertions(+), 84 deletions(-)
To github.com:gestordecx/promod-vitrine.git
   7acd3a9..39dd0e4  main -> main
12 ofertas escritas em index.html.
Vitrine publicada com sucesso.
[main d6491c0] Atualiza vitrine - 05/09/2026 21:30
 2 files changed, 55 insertions(+), 49 deletions(-)
To github.com:gestordecx/promod-vitrine.git
   39dd0e4..d6491c0  main -> main
12 ofertas escritas em index.html.
Vitrine publicada com sucesso.
[main e6d4d37] Atualiza vitrine - 05/09/2026 21:45
 2 files changed, 7 insertions(+), 1 deletion(-)
To github.com:gestordecx/promod-vitrine.git
   d6491c0..e6d4d37  main -> main
12 ofertas escritas em index.html.
Vitrine publicada com sucesso.
[main 7a2a5c3] Atualiza vitrine - 05/09/2026 22:00
 2 files changed, 71 insertions(+), 67 deletions(-)
To github.com:gestordecx/promod-vitrine.git
   e6d4d37..7a2a5c3  main -> main
12 ofertas escritas em index.html.
Vitrine publicada com sucesso.
[main eba1d43] Atualiza vitrine - 05/09/2026 22:15
 2 files changed, 39 insertions(+), 33 deletions(-)
To github.com:gestordecx/promod-vitrine.git
   7a2a5c3..eba1d43  main -> main
12 ofertas escritas em index.html.
Vitrine publicada com sucesso.
[main b74c273] Atualiza vitrine - 05/09/2026 22:30
 2 files changed, 7 insertions(+), 1 deletion(-)
To github.com:gestordecx/promod-vitrine.git
   eba1d43..b74c273  main -> main
12 ofertas escritas em index.html.
Vitrine publicada com sucesso.
[main 9e23194] Atualiza vitrine - 05/09/2026 22:45
 2 files changed, 23 insertions(+), 17 deletions(-)
To github.com:gestordecx/promod-vitrine.git
   b74c273..9e23194  main -> main
12 ofertas escritas em index.html.
Vitrine publicada com sucesso.
[main 6b60acf] Atualiza vitrine - 05/09/2026 23:00
 2 files changed, 23 insertions(+), 17 deletions(-)
To github.com:gestordecx/promod-vitrine.git
   9e23194..6b60acf  main -> main
12 ofertas escritas em index.html.
Vitrine publicada com sucesso.
[main dbc3d3c] Atualiza vitrine - 05/09/2026 23:15
 2 files changed, 71 insertions(+), 65 deletions(-)
To github.com:gestordecx/promod-vitrine.git
   6b60acf..dbc3d3c  main -> main
12 ofertas escritas em index.html.
Vitrine publicada com sucesso.
[main 53684cb] Atualiza vitrine - 05/09/2026 23:30
 2 files changed, 7 insertions(+), 1 deletion(-)
To github.com:gestordecx/promod-vitrine.git
   dbc3d3c..53684cb  main -> main
12 ofertas escritas em index.html.
Vitrine publicada com sucesso.
[main 73c1b67] Atualiza vitrine - 05/09/2026 23:45
 2 files changed, 7 insertions(+), 1 deletion(-)
To github.com:gestordecx/promod-vitrine.git
   53684cb..73c1b67  main -> main
12 ofertas escritas em index.html.
Vitrine publicada com sucesso.
[main e5f2797] Atualiza vitrine - 06/09/2026 00:00
 2 files changed, 39 insertions(+), 33 deletions(-)
To github.com:gestordecx/promod-vitrine.git
   73c1b67..e5f2797  main -> main
12 ofertas escritas em index.html.
Vitrine publicada com sucesso.
[main 2fafd9d] Atualiza vitrine - 06/09/2026 00:15
 2 files changed, 23 insertions(+), 17 deletions(-)
To github.com:gestordecx/promod-vitrine.git
   e5f2797..2fafd9d  main -> main
12 ofertas escritas em index.html.
Vitrine publicada com sucesso.
[main 3ebddd2] Atualiza vitrine - 06/09/2026 00:30
 2 files changed, 92 insertions(+), 86 deletions(-)
To github.com:gestordecx/promod-vitrine.git
   2fafd9d..3ebddd2  main -> main
12 ofertas escritas em index.html.
Vitrine publicada com sucesso.
[main 13d8b88] Atualiza vitrine - 06/09/2026 00:45
 2 files changed, 83 insertions(+), 77 deletions(-)
To github.com:gestordecx/promod-vitrine.git
   3ebddd2..13d8b88  main -> main
12 ofertas escritas em index.html.
Vitrine publicada com sucesso.
[main f088f6a] Atualiza vitrine - 06/09/2026 01:00
 2 files changed, 39 insertions(+), 33 deletions(-)
To github.com:gestordecx/promod-vitrine.git
   13d8b88..f088f6a  main -> main
12 ofertas escritas em index.html.
Vitrine publicada com sucesso.
[main f0fa506] Atualiza vitrine - 06/09/2026 01:15
 2 files changed, 55 insertions(+), 49 deletions(-)
To github.com:gestordecx/promod-vitrine.git
   f088f6a..f0fa506  main -> main
12 ofertas escritas em index.html.
Vitrine publicada com sucesso.
[main e12057b] Atualiza vitrine - 06/09/2026 01:30
 2 files changed, 7 insertions(+), 1 deletion(-)
To github.com:gestordecx/promod-vitrine.git
   f0fa506..e12057b  main -> main
12 ofertas escritas em index.html.
Vitrine publicada com sucesso.
[main 3a60aba] Atualiza vitrine - 06/09/2026 01:45
 2 files changed, 7 insertions(+), 1 deletion(-)
To github.com:gestordecx/promod-vitrine.git
   e12057b..3a60aba  main -> main
12 ofertas escritas em index.html.
Vitrine publicada com sucesso.
[main 310762b] Atualiza vitrine - 06/09/2026 02:00
 2 files changed, 7 insertions(+), 1 deletion(-)
To github.com:gestordecx/promod-vitrine.git
   3a60aba..310762b  main -> main
12 ofertas escritas em index.html.
Vitrine publicada com sucesso.
[main 8354b65] Atualiza vitrine - 06/09/2026 02:15
 2 files changed, 7 insertions(+), 1 deletion(-)
To github.com:gestordecx/promod-vitrine.git
   310762b..8354b65  main -> main
12 ofertas escritas em index.html.
Vitrine publicada com sucesso.
[main f94c2cd] Atualiza vitrine - 06/09/2026 02:30
 2 files changed, 55 insertions(+), 49 deletions(-)
To github.com:gestordecx/promod-vitrine.git
   8354b65..f94c2cd  main -> main
12 ofertas escritas em index.html.
Vitrine publicada com sucesso.
[main cb1a881] Atualiza vitrine - 06/09/2026 02:45
 2 files changed, 7 insertions(+), 1 deletion(-)
To github.com:gestordecx/promod-vitrine.git
   f94c2cd..cb1a881  main -> main
12 ofertas escritas em index.html.
Vitrine publicada com sucesso.
[main d3bd1f4] Atualiza vitrine - 06/09/2026 03:00
 2 files changed, 7 insertions(+), 1 deletion(-)
To github.com:gestordecx/promod-vitrine.git
   cb1a881..d3bd1f4  main -> main
12 ofertas escritas em index.html.
Vitrine publicada com sucesso.
[main 9dc40d3] Atualiza vitrine - 06/09/2026 03:15
 2 files changed, 7 insertions(+), 1 deletion(-)
To github.com:gestordecx/promod-vitrine.git
   d3bd1f4..9dc40d3  main -> main
12 ofertas escritas em index.html.
Vitrine publicada com sucesso.
[main 970dfc5] Atualiza vitrine - 06/09/2026 03:30
 2 files changed, 23 insertions(+), 17 deletions(-)
To github.com:gestordecx/promod-vitrine.git
   9dc40d3..970dfc5  main -> main
12 ofertas escritas em index.html.
Vitrine publicada com sucesso.
[main 1fc78b7] Atualiza vitrine - 06/09/2026 03:45
 2 files changed, 7 insertions(+), 1 deletion(-)
To github.com:gestordecx/promod-vitrine.git
   970dfc5..1fc78b7  main -> main
12 ofertas escritas em index.html.
Vitrine publicada com sucesso.
[main 5e00a52] Atualiza vitrine - 06/09/2026 04:00
 2 files changed, 7 insertions(+), 1 deletion(-)
To github.com:gestordecx/promod-vitrine.git
   1fc78b7..5e00a52  main -> main
12 ofertas escritas em index.html.
Vitrine publicada com sucesso.
[main a056980] Atualiza vitrine - 06/09/2026 04:15
 2 files changed, 7 insertions(+), 1 deletion(-)
To github.com:gestordecx/promod-vitrine.git
   5e00a52..a056980  main -> main
12 ofertas escritas em index.html.
Vitrine publicada com sucesso.
[main 6a42dcb] Atualiza vitrine - 06/09/2026 04:30
 2 files changed, 7 insertions(+), 1 deletion(-)
To github.com:gestordecx/promod-vitrine.git
   a056980..6a42dcb  main -> main
12 ofertas escritas em index.html.
Vitrine publicada com sucesso.
[main 17a684a] Atualiza vitrine - 06/09/2026 04:45
 2 files changed, 39 insertions(+), 33 deletions(-)
To github.com:gestordecx/promod-vitrine.git
   6a42dcb..17a684a  main -> main
12 ofertas escritas em index.html.
Vitrine publicada com sucesso.
[main 0de930c] Atualiza vitrine - 06/09/2026 05:00
 2 files changed, 7 insertions(+), 1 deletion(-)
To github.com:gestordecx/promod-vitrine.git
   17a684a..0de930c  main -> main
12 ofertas escritas em index.html.
Vitrine publicada com sucesso.
[main 8ecaf49] Atualiza vitrine - 06/09/2026 05:15
 2 files changed, 7 insertions(+), 1 deletion(-)
To github.com:gestordecx/promod-vitrine.git
   0de930c..8ecaf49  main -> main
12 ofertas escritas em index.html.
Vitrine publicada com sucesso.
[main d1f50e5] Atualiza vitrine - 06/09/2026 05:30
 2 files changed, 23 insertions(+), 17 deletions(-)
To github.com:gestordecx/promod-vitrine.git
   8ecaf49..d1f50e5  main -> main
12 ofertas escritas em index.html.
Vitrine publicada com sucesso.
[main 64ab9c0] Atualiza vitrine - 06/09/2026 05:45
 2 files changed, 23 insertions(+), 17 deletions(-)
To github.com:gestordecx/promod-vitrine.git
   d1f50e5..64ab9c0  main -> main
12 ofertas escritas em index.html.
Vitrine publicada com sucesso.
[main 578bb50] Atualiza vitrine - 06/09/2026 06:00
 2 files changed, 7 insertions(+), 1 deletion(-)
To github.com:gestordecx/promod-vitrine.git
   64ab9c0..578bb50  main -> main
12 ofertas escritas em index.html.
Vitrine publicada com sucesso.
[main ab14d20] Atualiza vitrine - 06/09/2026 06:15
 2 files changed, 7 insertions(+), 1 deletion(-)
To github.com:gestordecx/promod-vitrine.git
   578bb50..ab14d20  main -> main
12 ofertas escritas em index.html.
Vitrine publicada com sucesso.
[main c06f00d] Atualiza vitrine - 06/09/2026 06:30
 2 files changed, 7 insertions(+), 1 deletion(-)
To github.com:gestordecx/promod-vitrine.git
   ab14d20..c06f00d  main -> main
12 ofertas escritas em index.html.
Vitrine publicada com sucesso.
[main a316c15] Atualiza vitrine - 06/09/2026 06:45
 2 files changed, 7 insertions(+), 1 deletion(-)
To github.com:gestordecx/promod-vitrine.git
   c06f00d..a316c15  main -> main
12 ofertas escritas em index.html.
Vitrine publicada com sucesso.
[main 57f1006] Atualiza vitrine - 06/09/2026 07:00
 2 files changed, 23 insertions(+), 17 deletions(-)
To github.com:gestordecx/promod-vitrine.git
   a316c15..57f1006  main -> main
12 ofertas escritas em index.html.
Vitrine publicada com sucesso.
[main 4cd4076] Atualiza vitrine - 06/09/2026 07:15
 2 files changed, 23 insertions(+), 17 deletions(-)
To github.com:gestordecx/promod-vitrine.git
   57f1006..4cd4076  main -> main
12 ofertas escritas em index.html.
Vitrine publicada com sucesso.
[main 90bcc8c] Atualiza vitrine - 06/09/2026 07:30
 2 files changed, 39 insertions(+), 33 deletions(-)
To github.com:gestordecx/promod-vitrine.git
   4cd4076..90bcc8c  main -> main
12 ofertas escritas em index.html.
Vitrine publicada com sucesso.
[main 07bfc0c] Atualiza vitrine - 06/09/2026 07:45
 2 files changed, 39 insertions(+), 33 deletions(-)
To github.com:gestordecx/promod-vitrine.git
   90bcc8c..07bfc0c  main -> main
12 ofertas escritas em index.html.
Vitrine publicada com sucesso.
[main 5749df9] Atualiza vitrine - 06/09/2026 08:00
 2 files changed, 7 insertions(+), 1 deletion(-)
To github.com:gestordecx/promod-vitrine.git
   07bfc0c..5749df9  main -> main
12 ofertas escritas em index.html.
Vitrine publicada com sucesso.
[main 2617a8d] Atualiza vitrine - 06/09/2026 08:15
 2 files changed, 23 insertions(+), 17 deletions(-)
To github.com:gestordecx/promod-vitrine.git
   5749df9..2617a8d  main -> main
12 ofertas escritas em index.html.
Vitrine publicada com sucesso.
[main 3dfb2fb] Atualiza vitrine - 06/09/2026 08:30
 2 files changed, 87 insertions(+), 81 deletions(-)
To github.com:gestordecx/promod-vitrine.git
   2617a8d..3dfb2fb  main -> main
12 ofertas escritas em index.html.
Vitrine publicada com sucesso.
[main 0e15ee4] Atualiza vitrine - 06/09/2026 08:45
 2 files changed, 75 insertions(+), 69 deletions(-)
To github.com:gestordecx/promod-vitrine.git
   3dfb2fb..0e15ee4  main -> main
12 ofertas escritas em index.html.
Vitrine publicada com sucesso.
[main e8e62f0] Atualiza vitrine - 06/09/2026 09:00
 2 files changed, 39 insertions(+), 33 deletions(-)
To github.com:gestordecx/promod-vitrine.git
   0e15ee4..e8e62f0  main -> main
12 ofertas escritas em index.html.
Vitrine publicada com sucesso.
[main 0b0c216] Atualiza vitrine - 06/09/2026 09:15
 2 files changed, 7 insertions(+), 1 deletion(-)
To github.com:gestordecx/promod-vitrine.git
   e8e62f0..0b0c216  main -> main
12 ofertas escritas em index.html.
Vitrine publicada com sucesso.
[main 17f241f] Atualiza vitrine - 06/09/2026 09:30
 2 files changed, 98 insertions(+), 91 deletions(-)
To github.com:gestordecx/promod-vitrine.git
   0b0c216..17f241f  main -> main
12 ofertas escritas em index.html.
Vitrine publicada com sucesso.
[main 51b7f51] Atualiza vitrine - 06/09/2026 09:45
 2 files changed, 97 insertions(+), 92 deletions(-)
To github.com:gestordecx/promod-vitrine.git
   17f241f..51b7f51  main -> main
12 ofertas escritas em index.html.
Vitrine publicada com sucesso.
[main f4eec65] Atualiza vitrine - 06/09/2026 10:00
 2 files changed, 71 insertions(+), 65 deletions(-)
To github.com:gestordecx/promod-vitrine.git
   51b7f51..f4eec65  main -> main
12 ofertas escritas em index.html.
Vitrine publicada com sucesso.
[main ed05139] Atualiza vitrine - 06/09/2026 10:15
 2 files changed, 98 insertions(+), 92 deletions(-)
To github.com:gestordecx/promod-vitrine.git
   f4eec65..ed05139  main -> main
12 ofertas escritas em index.html.
Vitrine publicada com sucesso.
[main a959f30] Atualiza vitrine - 06/09/2026 10:30
 2 files changed, 97 insertions(+), 91 deletions(-)
To github.com:gestordecx/promod-vitrine.git
   ed05139..a959f30  main -> main
12 ofertas escritas em index.html.
Vitrine publicada com sucesso.
[main e02c57c] Atualiza vitrine - 06/09/2026 10:45
 2 files changed, 94 insertions(+), 88 deletions(-)
To github.com:gestordecx/promod-vitrine.git
   a959f30..e02c57c  main -> main
12 ofertas escritas em index.html.
Vitrine publicada com sucesso.
[main 4446fee] Atualiza vitrine - 06/09/2026 11:00
 2 files changed, 98 insertions(+), 92 deletions(-)
To github.com:gestordecx/promod-vitrine.git
   e02c57c..4446fee  main -> main
12 ofertas escritas em index.html.
Vitrine publicada com sucesso.
[main 59a0b72] Atualiza vitrine - 06/09/2026 11:15
 2 files changed, 105 insertions(+), 95 deletions(-)
To github.com:gestordecx/promod-vitrine.git
   4446fee..59a0b72  main -> main
12 ofertas escritas em index.html.
Vitrine publicada com sucesso.
[main 81932e2] Atualiza vitrine - 06/09/2026 11:30
 2 files changed, 102 insertions(+), 100 deletions(-)
To github.com:gestordecx/promod-vitrine.git
   59a0b72..81932e2  main -> main
12 ofertas escritas em index.html.
Vitrine publicada com sucesso.
[main 275c73a] Atualiza vitrine - 06/09/2026 11:45
 2 files changed, 55 insertions(+), 49 deletions(-)
To github.com:gestordecx/promod-vitrine.git
   81932e2..275c73a  main -> main
12 ofertas escritas em index.html.
Vitrine publicada com sucesso.
[main f2ba0c7] Atualiza vitrine - 06/09/2026 12:00
 2 files changed, 23 insertions(+), 17 deletions(-)
To github.com:gestordecx/promod-vitrine.git
   275c73a..f2ba0c7  main -> main
12 ofertas escritas em index.html.
Vitrine publicada com sucesso.
[main d7bf2ca] Atualiza vitrine - 06/09/2026 12:15
 2 files changed, 95 insertions(+), 89 deletions(-)
To github.com:gestordecx/promod-vitrine.git
   f2ba0c7..d7bf2ca  main -> main
12 ofertas escritas em index.html.
Vitrine publicada com sucesso.
[main 2be1a67] Atualiza vitrine - 06/09/2026 12:30
 2 files changed, 99 insertions(+), 93 deletions(-)
To github.com:gestordecx/promod-vitrine.git
   d7bf2ca..2be1a67  main -> main
12 ofertas escritas em index.html.
Vitrine publicada com sucesso.
[main 421a78e] Atualiza vitrine - 06/09/2026 12:45
 2 files changed, 71 insertions(+), 65 deletions(-)
To github.com:gestordecx/promod-vitrine.git
   2be1a67..421a78e  main -> main
12 ofertas escritas em index.html.
Vitrine publicada com sucesso.
[main 3e04d02] Atualiza vitrine - 06/09/2026 13:00
 2 files changed, 55 insertions(+), 49 deletions(-)
To github.com:gestordecx/promod-vitrine.git
   421a78e..3e04d02  main -> main
12 ofertas escritas em index.html.
Vitrine publicada com sucesso.
[main 84bc143] Atualiza vitrine - 06/09/2026 13:15
 2 files changed, 98 insertions(+), 91 deletions(-)
To github.com:gestordecx/promod-vitrine.git
   3e04d02..84bc143  main -> main
12 ofertas escritas em index.html.
Vitrine publicada com sucesso.
[main f14a75a] Atualiza vitrine - 06/09/2026 13:30
 2 files changed, 56 insertions(+), 49 deletions(-)
To github.com:gestordecx/promod-vitrine.git
   84bc143..f14a75a  main -> main
12 ofertas escritas em index.html.
Vitrine publicada com sucesso.
[main ef81508] Atualiza vitrine - 06/09/2026 13:45
 2 files changed, 103 insertions(+), 96 deletions(-)
To github.com:gestordecx/promod-vitrine.git
   f14a75a..ef81508  main -> main
12 ofertas escritas em index.html.
Vitrine publicada com sucesso.
[main 6d151c2] Atualiza vitrine - 06/09/2026 14:00
 2 files changed, 73 insertions(+), 67 deletions(-)
To github.com:gestordecx/promod-vitrine.git
   ef81508..6d151c2  main -> main
12 ofertas escritas em index.html.
Vitrine publicada com sucesso.
[main 849099b] Atualiza vitrine - 06/09/2026 14:15
 2 files changed, 57 insertions(+), 49 deletions(-)
To github.com:gestordecx/promod-vitrine.git
   6d151c2..849099b  main -> main
12 ofertas escritas em index.html.
Vitrine publicada com sucesso.
[main 2ee76af] Atualiza vitrine - 06/09/2026 14:30
 2 files changed, 71 insertions(+), 66 deletions(-)
To github.com:gestordecx/promod-vitrine.git
   849099b..2ee76af  main -> main
12 ofertas escritas em index.html.
Vitrine publicada com sucesso.
[main 14b31c4] Atualiza vitrine - 06/09/2026 14:45
 2 files changed, 55 insertions(+), 50 deletions(-)
To github.com:gestordecx/promod-vitrine.git
   2ee76af..14b31c4  main -> main
12 ofertas escritas em index.html.
Vitrine publicada com sucesso.
[main 5889aad] Atualiza vitrine - 06/09/2026 15:00
 2 files changed, 100 insertions(+), 97 deletions(-)
To github.com:gestordecx/promod-vitrine.git
   14b31c4..5889aad  main -> main
12 ofertas escritas em index.html.
Vitrine publicada com sucesso.
[main 121414d] Atualiza vitrine - 06/09/2026 15:15
 2 files changed, 94 insertions(+), 88 deletions(-)
To github.com:gestordecx/promod-vitrine.git
   5889aad..121414d  main -> main
12 ofertas escritas em index.html.
Vitrine publicada com sucesso.
[main e73a9ca] Atualiza vitrine - 06/09/2026 15:30
 2 files changed, 96 insertions(+), 88 deletions(-)
To github.com:gestordecx/promod-vitrine.git
   121414d..e73a9ca  main -> main
12 ofertas escritas em index.html.
Vitrine publicada com sucesso.
[main 2759e03] Atualiza vitrine - 06/09/2026 15:45
 2 files changed, 98 insertions(+), 94 deletions(-)
To github.com:gestordecx/promod-vitrine.git
   e73a9ca..2759e03  main -> main
12 ofertas escritas em index.html.
Vitrine publicada com sucesso.
[main fd9a3ce] Atualiza vitrine - 06/09/2026 16:00
 2 files changed, 99 insertions(+), 93 deletions(-)
To github.com:gestordecx/promod-vitrine.git
   2759e03..fd9a3ce  main -> main
12 ofertas escritas em index.html.
Vitrine publicada com sucesso.
[main f33ec63] Atualiza vitrine - 06/09/2026 16:15
 2 files changed, 7 insertions(+), 1 deletion(-)
To github.com:gestordecx/promod-vitrine.git
   fd9a3ce..f33ec63  main -> main
12 ofertas escritas em index.html.
Vitrine publicada com sucesso.
[main c9f5057] Atualiza vitrine - 06/09/2026 16:30
 2 files changed, 7 insertions(+), 1 deletion(-)
To github.com:gestordecx/promod-vitrine.git
   f33ec63..c9f5057  main -> main
12 ofertas escritas em index.html.
Vitrine publicada com sucesso.
[main 4925ba9] Atualiza vitrine - 06/09/2026 16:45
 2 files changed, 39 insertions(+), 33 deletions(-)
To github.com:gestordecx/promod-vitrine.git
   c9f5057..4925ba9  main -> main
12 ofertas escritas em index.html.
Vitrine publicada com sucesso.
[main 3e8e6c4] Atualiza vitrine - 06/09/2026 17:00
 2 files changed, 97 insertions(+), 91 deletions(-)
To github.com:gestordecx/promod-vitrine.git
   4925ba9..3e8e6c4  main -> main
12 ofertas escritas em index.html.
Vitrine publicada com sucesso.
[main 74b639c] Atualiza vitrine - 06/09/2026 17:15
 2 files changed, 71 insertions(+), 65 deletions(-)
To github.com:gestordecx/promod-vitrine.git
   3e8e6c4..74b639c  main -> main
12 ofertas escritas em index.html.
Vitrine publicada com sucesso.
[main 3aa98ed] Atualiza vitrine - 06/09/2026 17:30
 2 files changed, 93 insertions(+), 87 deletions(-)
To github.com:gestordecx/promod-vitrine.git
   74b639c..3aa98ed  main -> main
12 ofertas escritas em index.html.
Vitrine publicada com sucesso.
[main 4b43a8b] Atualiza vitrine - 06/09/2026 17:45
 2 files changed, 55 insertions(+), 49 deletions(-)
To github.com:gestordecx/promod-vitrine.git
   3aa98ed..4b43a8b  main -> main
12 ofertas escritas em index.html.
Vitrine publicada com sucesso.
[main 64b4d5e] Atualiza vitrine - 06/09/2026 18:00
 2 files changed, 55 insertions(+), 49 deletions(-)
To github.com:gestordecx/promod-vitrine.git
   4b43a8b..64b4d5e  main -> main
12 ofertas escritas em index.html.
Vitrine publicada com sucesso.
[main 191972a] Atualiza vitrine - 06/09/2026 18:15
 2 files changed, 55 insertions(+), 49 deletions(-)
To github.com:gestordecx/promod-vitrine.git
   64b4d5e..191972a  main -> main
12 ofertas escritas em index.html.
Vitrine publicada com sucesso.
[main 1252ff6] Atualiza vitrine - 06/09/2026 18:30
 2 files changed, 96 insertions(+), 90 deletions(-)
To github.com:gestordecx/promod-vitrine.git
   191972a..1252ff6  main -> main
12 ofertas escritas em index.html.
Vitrine publicada com sucesso.
[main 8b79206] Atualiza vitrine - 06/09/2026 18:45
 2 files changed, 71 insertions(+), 65 deletions(-)
To github.com:gestordecx/promod-vitrine.git
   1252ff6..8b79206  main -> main
12 ofertas escritas em index.html.
Vitrine publicada com sucesso.
[main e1f3206] Atualiza vitrine - 06/09/2026 19:00
 2 files changed, 39 insertions(+), 33 deletions(-)
To github.com:gestordecx/promod-vitrine.git
   8b79206..e1f3206  main -> main
12 ofertas escritas em index.html.
Vitrine publicada com sucesso.
[main 8c588ee] Atualiza vitrine - 06/09/2026 19:15
 2 files changed, 39 insertions(+), 33 deletions(-)
To github.com:gestordecx/promod-vitrine.git
   e1f3206..8c588ee  main -> main
12 ofertas escritas em index.html.
Vitrine publicada com sucesso.
[main 6ef1128] Atualiza vitrine - 06/09/2026 19:30
 2 files changed, 39 insertions(+), 33 deletions(-)
To github.com:gestordecx/promod-vitrine.git
   8c588ee..6ef1128  main -> main
12 ofertas escritas em index.html.
Vitrine publicada com sucesso.
[main 7485c61] Atualiza vitrine - 06/09/2026 19:45
 2 files changed, 7 insertions(+), 1 deletion(-)
To github.com:gestordecx/promod-vitrine.git
   6ef1128..7485c61  main -> main
12 ofertas escritas em index.html.
Vitrine publicada com sucesso.
[main 1c3f520] Atualiza vitrine - 06/09/2026 20:00
 2 files changed, 71 insertions(+), 65 deletions(-)
To github.com:gestordecx/promod-vitrine.git
   7485c61..1c3f520  main -> main
12 ofertas escritas em index.html.
Vitrine publicada com sucesso.
[main 6c82ff0] Atualiza vitrine - 06/09/2026 20:15
 2 files changed, 98 insertions(+), 90 deletions(-)
To github.com:gestordecx/promod-vitrine.git
   1c3f520..6c82ff0  main -> main
12 ofertas escritas em index.html.
Vitrine publicada com sucesso.
[main 1352ae6] Atualiza vitrine - 06/09/2026 20:30
 2 files changed, 94 insertions(+), 90 deletions(-)
To github.com:gestordecx/promod-vitrine.git
   6c82ff0..1352ae6  main -> main
12 ofertas escritas em index.html.
Vitrine publicada com sucesso.
[main 8dbac94] Atualiza vitrine - 06/09/2026 20:45
 2 files changed, 96 insertions(+), 90 deletions(-)
To github.com:gestordecx/promod-vitrine.git
   1352ae6..8dbac94  main -> main
12 ofertas escritas em index.html.
Vitrine publicada com sucesso.
[main f870d6b] Atualiza vitrine - 06/09/2026 21:00
 2 files changed, 55 insertions(+), 49 deletions(-)
To github.com:gestordecx/promod-vitrine.git
   8dbac94..f870d6b  main -> main
12 ofertas escritas em index.html.
Vitrine publicada com sucesso.
[main 20d1ddb] Atualiza vitrine - 06/09/2026 21:15
 2 files changed, 99 insertions(+), 93 deletions(-)
To github.com:gestordecx/promod-vitrine.git
   f870d6b..20d1ddb  main -> main
12 ofertas escritas em index.html.
Vitrine publicada com sucesso.
[main d490d85] Atualiza vitrine - 06/09/2026 21:30
 2 files changed, 81 insertions(+), 75 deletions(-)
To github.com:gestordecx/promod-vitrine.git
   20d1ddb..d490d85  main -> main
12 ofertas escritas em index.html.
Vitrine publicada com sucesso.
[main 64a0f13] Atualiza vitrine - 06/09/2026 21:45
 2 files changed, 84 insertions(+), 78 deletions(-)
To github.com:gestordecx/promod-vitrine.git
   d490d85..64a0f13  main -> main
12 ofertas escritas em index.html.
Vitrine publicada com sucesso.
[main 6a1928e] Atualiza vitrine - 06/09/2026 22:00
 2 files changed, 91 insertions(+), 85 deletions(-)
To github.com:gestordecx/promod-vitrine.git
   64a0f13..6a1928e  main -> main
12 ofertas escritas em index.html.
Vitrine publicada com sucesso.
[main a387b82] Atualiza vitrine - 06/09/2026 22:15
 2 files changed, 39 insertions(+), 33 deletions(-)
To github.com:gestordecx/promod-vitrine.git
   6a1928e..a387b82  main -> main
12 ofertas escritas em index.html.
Vitrine publicada com sucesso.
[main 05183f7] Atualiza vitrine - 06/09/2026 22:30
 2 files changed, 7 insertions(+), 1 deletion(-)
To github.com:gestordecx/promod-vitrine.git
   a387b82..05183f7  main -> main
12 ofertas escritas em index.html.
Vitrine publicada com sucesso.
[main 815549e] Atualiza vitrine - 06/09/2026 22:45
 2 files changed, 39 insertions(+), 33 deletions(-)
To github.com:gestordecx/promod-vitrine.git
   05183f7..815549e  main -> main
12 ofertas escritas em index.html.
Vitrine publicada com sucesso.
[main 57e9011] Atualiza vitrine - 06/09/2026 23:00
 2 files changed, 81 insertions(+), 75 deletions(-)
To github.com:gestordecx/promod-vitrine.git
   815549e..57e9011  main -> main
12 ofertas escritas em index.html.
Vitrine publicada com sucesso.
[main b535672] Atualiza vitrine - 06/09/2026 23:15
 2 files changed, 7 insertions(+), 1 deletion(-)
To github.com:gestordecx/promod-vitrine.git
   57e9011..b535672  main -> main
12 ofertas escritas em index.html.
Vitrine publicada com sucesso.
[main 61f8c98] Atualiza vitrine - 06/09/2026 23:30
 2 files changed, 7 insertions(+), 1 deletion(-)
To github.com:gestordecx/promod-vitrine.git
   b535672..61f8c98  main -> main
12 ofertas escritas em index.html.
Vitrine publicada com sucesso.
[main 3cb70d9] Atualiza vitrine - 06/09/2026 23:45
 2 files changed, 7 insertions(+), 1 deletion(-)
To github.com:gestordecx/promod-vitrine.git
   61f8c98..3cb70d9  main -> main
12 ofertas escritas em index.html.
Vitrine publicada com sucesso.
[main cb84e07] Atualiza vitrine - 07/09/2026 00:00
 2 files changed, 7 insertions(+), 1 deletion(-)
To github.com:gestordecx/promod-vitrine.git
   3cb70d9..cb84e07  main -> main
12 ofertas escritas em index.html.
Vitrine publicada com sucesso.
[main b4054b9] Atualiza vitrine - 07/09/2026 00:15
 2 files changed, 93 insertions(+), 86 deletions(-)
To github.com:gestordecx/promod-vitrine.git
   cb84e07..b4054b9  main -> main
12 ofertas escritas em index.html.
Vitrine publicada com sucesso.
[main 027b3ca] Atualiza vitrine - 07/09/2026 00:30
 2 files changed, 90 insertions(+), 85 deletions(-)
To github.com:gestordecx/promod-vitrine.git
   b4054b9..027b3ca  main -> main
12 ofertas escritas em index.html.
Vitrine publicada com sucesso.
[main b760f56] Atualiza vitrine - 07/09/2026 00:45
 2 files changed, 97 insertions(+), 85 deletions(-)
To github.com:gestordecx/promod-vitrine.git
   027b3ca..b760f56  main -> main
12 ofertas escritas em index.html.
Vitrine publicada com sucesso.
[main de42877] Atualiza vitrine - 07/09/2026 01:00
 2 files changed, 71 insertions(+), 65 deletions(-)
To github.com:gestordecx/promod-vitrine.git
   b760f56..de42877  main -> main
12 ofertas escritas em index.html.
Vitrine publicada com sucesso.
[main e0041be] Atualiza vitrine - 07/09/2026 01:15
 2 files changed, 57 insertions(+), 49 deletions(-)
To github.com:gestordecx/promod-vitrine.git
   de42877..e0041be  main -> main
12 ofertas escritas em index.html.
Vitrine publicada com sucesso.
[main 1495835] Atualiza vitrine - 07/09/2026 01:30
 2 files changed, 7 insertions(+), 1 deletion(-)
To github.com:gestordecx/promod-vitrine.git
   e0041be..1495835  main -> main
12 ofertas escritas em index.html.
Vitrine publicada com sucesso.
[main 9aaa1ed] Atualiza vitrine - 07/09/2026 01:45
 2 files changed, 39 insertions(+), 35 deletions(-)
To github.com:gestordecx/promod-vitrine.git
   1495835..9aaa1ed  main -> main
12 ofertas escritas em index.html.
Vitrine publicada com sucesso.
[main 0f061a3] Atualiza vitrine - 07/09/2026 02:00
 2 files changed, 7 insertions(+), 1 deletion(-)
To github.com:gestordecx/promod-vitrine.git
   9aaa1ed..0f061a3  main -> main
12 ofertas escritas em index.html.
Vitrine publicada com sucesso.
[main 93a8fb9] Atualiza vitrine - 07/09/2026 02:15
 2 files changed, 71 insertions(+), 69 deletions(-)
To github.com:gestordecx/promod-vitrine.git
   0f061a3..93a8fb9  main -> main
12 ofertas escritas em index.html.
Vitrine publicada com sucesso.
[main 6aca761] Atualiza vitrine - 07/09/2026 02:30
 2 files changed, 7 insertions(+), 1 deletion(-)
To github.com:gestordecx/promod-vitrine.git
   93a8fb9..6aca761  main -> main
12 ofertas escritas em index.html.
Vitrine publicada com sucesso.
[main 5c51630] Atualiza vitrine - 07/09/2026 02:45
 2 files changed, 7 insertions(+), 1 deletion(-)
To github.com:gestordecx/promod-vitrine.git
   6aca761..5c51630  main -> main
12 ofertas escritas em index.html.
Vitrine publicada com sucesso.
[main 0ed36fa] Atualiza vitrine - 07/09/2026 03:00
 2 files changed, 7 insertions(+), 1 deletion(-)
To github.com:gestordecx/promod-vitrine.git
   5c51630..0ed36fa  main -> main
12 ofertas escritas em index.html.
Vitrine publicada com sucesso.
[main 0108be0] Atualiza vitrine - 07/09/2026 03:15
 2 files changed, 7 insertions(+), 1 deletion(-)
To github.com:gestordecx/promod-vitrine.git
   0ed36fa..0108be0  main -> main
12 ofertas escritas em index.html.
Vitrine publicada com sucesso.
[main 06c8d27] Atualiza vitrine - 07/09/2026 03:30
 2 files changed, 7 insertions(+), 1 deletion(-)
To github.com:gestordecx/promod-vitrine.git
   0108be0..06c8d27  main -> main
12 ofertas escritas em index.html.
Vitrine publicada com sucesso.
[main 4425396] Atualiza vitrine - 07/09/2026 03:45
 2 files changed, 7 insertions(+), 1 deletion(-)
To github.com:gestordecx/promod-vitrine.git
   06c8d27..4425396  main -> main
12 ofertas escritas em index.html.
Vitrine publicada com sucesso.
[main 0aa1fc0] Atualiza vitrine - 07/09/2026 04:00
 2 files changed, 23 insertions(+), 17 deletions(-)
To github.com:gestordecx/promod-vitrine.git
   4425396..0aa1fc0  main -> main
12 ofertas escritas em index.html.
Vitrine publicada com sucesso.
[main b538400] Atualiza vitrine - 07/09/2026 04:15
 2 files changed, 7 insertions(+), 1 deletion(-)
To github.com:gestordecx/promod-vitrine.git
   0aa1fc0..b538400  main -> main
12 ofertas escritas em index.html.
Vitrine publicada com sucesso.
[main 3474c69] Atualiza vitrine - 07/09/2026 04:30
 2 files changed, 23 insertions(+), 17 deletions(-)
To github.com:gestordecx/promod-vitrine.git
   b538400..3474c69  main -> main
12 ofertas escritas em index.html.
Vitrine publicada com sucesso.
[main 45713c7] Atualiza vitrine - 07/09/2026 04:45
 2 files changed, 7 insertions(+), 1 deletion(-)
To github.com:gestordecx/promod-vitrine.git
   3474c69..45713c7  main -> main
12 ofertas escritas em index.html.
Vitrine publicada com sucesso.
[main 2991371] Atualiza vitrine - 07/09/2026 05:00
 2 files changed, 23 insertions(+), 17 deletions(-)
To github.com:gestordecx/promod-vitrine.git
   45713c7..2991371  main -> main
12 ofertas escritas em index.html.
Vitrine publicada com sucesso.
[main e73b9ef] Atualiza vitrine - 07/09/2026 05:15
 2 files changed, 7 insertions(+), 1 deletion(-)
To github.com:gestordecx/promod-vitrine.git
   2991371..e73b9ef  main -> main
12 ofertas escritas em index.html.
Vitrine publicada com sucesso.
[main 1750995] Atualiza vitrine - 07/09/2026 05:30
 2 files changed, 7 insertions(+), 1 deletion(-)
To github.com:gestordecx/promod-vitrine.git
   e73b9ef..1750995  main -> main
12 ofertas escritas em index.html.
Vitrine publicada com sucesso.
[main f723a86] Atualiza vitrine - 07/09/2026 05:45
 2 files changed, 7 insertions(+), 1 deletion(-)
To github.com:gestordecx/promod-vitrine.git
   1750995..f723a86  main -> main
12 ofertas escritas em index.html.
Vitrine publicada com sucesso.
[main 609ce40] Atualiza vitrine - 07/09/2026 06:00
 2 files changed, 7 insertions(+), 1 deletion(-)
To github.com:gestordecx/promod-vitrine.git
   f723a86..609ce40  main -> main
12 ofertas escritas em index.html.
Vitrine publicada com sucesso.
[main caf58ad] Atualiza vitrine - 07/09/2026 06:15
 2 files changed, 7 insertions(+), 1 deletion(-)
To github.com:gestordecx/promod-vitrine.git
   609ce40..caf58ad  main -> main
12 ofertas escritas em index.html.
Vitrine publicada com sucesso.
[main 10f05e3] Atualiza vitrine - 07/09/2026 06:30
 2 files changed, 7 insertions(+), 1 deletion(-)
To github.com:gestordecx/promod-vitrine.git
   caf58ad..10f05e3  main -> main
12 ofertas escritas em index.html.
Vitrine publicada com sucesso.
[main 48b139a] Atualiza vitrine - 07/09/2026 06:45
 2 files changed, 39 insertions(+), 33 deletions(-)
To github.com:gestordecx/promod-vitrine.git
   10f05e3..48b139a  main -> main
12 ofertas escritas em index.html.
Vitrine publicada com sucesso.
[main 1135e13] Atualiza vitrine - 07/09/2026 07:00
 2 files changed, 7 insertions(+), 1 deletion(-)
To github.com:gestordecx/promod-vitrine.git
   48b139a..1135e13  main -> main
12 ofertas escritas em index.html.
Vitrine publicada com sucesso.
[main a34b366] Atualiza vitrine - 07/09/2026 07:15
 2 files changed, 7 insertions(+), 1 deletion(-)
To github.com:gestordecx/promod-vitrine.git
   1135e13..a34b366  main -> main
12 ofertas escritas em index.html.
Vitrine publicada com sucesso.
[main 8168716] Atualiza vitrine - 07/09/2026 07:30
 2 files changed, 39 insertions(+), 35 deletions(-)
To github.com:gestordecx/promod-vitrine.git
   a34b366..8168716  main -> main
12 ofertas escritas em index.html.
Vitrine publicada com sucesso.
[main fd4b5de] Atualiza vitrine - 07/09/2026 07:45
 2 files changed, 84 insertions(+), 78 deletions(-)
To github.com:gestordecx/promod-vitrine.git
   8168716..fd4b5de  main -> main
12 ofertas escritas em index.html.
Vitrine publicada com sucesso.
[main ae4f7c3] Atualiza vitrine - 07/09/2026 08:00
 2 files changed, 78 insertions(+), 72 deletions(-)
To github.com:gestordecx/promod-vitrine.git
   fd4b5de..ae4f7c3  main -> main
12 ofertas escritas em index.html.
Vitrine publicada com sucesso.
[main 11d77dd] Atualiza vitrine - 07/09/2026 08:15
 2 files changed, 74 insertions(+), 68 deletions(-)
To github.com:gestordecx/promod-vitrine.git
   ae4f7c3..11d77dd  main -> main
12 ofertas escritas em index.html.
Vitrine publicada com sucesso.
[main 19dbb9b] Atualiza vitrine - 07/09/2026 08:30
 2 files changed, 39 insertions(+), 33 deletions(-)
To github.com:gestordecx/promod-vitrine.git
   11d77dd..19dbb9b  main -> main
12 ofertas escritas em index.html.
Vitrine publicada com sucesso.
[main 4ebd155] Atualiza vitrine - 07/09/2026 08:45
 2 files changed, 73 insertions(+), 67 deletions(-)
To github.com:gestordecx/promod-vitrine.git
   19dbb9b..4ebd155  main -> main
12 ofertas escritas em index.html.
Vitrine publicada com sucesso.
[main 6796fc2] Atualiza vitrine - 07/09/2026 09:00
 2 files changed, 55 insertions(+), 49 deletions(-)
To github.com:gestordecx/promod-vitrine.git
   4ebd155..6796fc2  main -> main
12 ofertas escritas em index.html.
Vitrine publicada com sucesso.
[main 06f884e] Atualiza vitrine - 07/09/2026 09:15
 2 files changed, 23 insertions(+), 17 deletions(-)
To github.com:gestordecx/promod-vitrine.git
   6796fc2..06f884e  main -> main
12 ofertas escritas em index.html.
Vitrine publicada com sucesso.
[main 991d811] Atualiza vitrine - 07/09/2026 09:30
 2 files changed, 100 insertions(+), 94 deletions(-)
To github.com:gestordecx/promod-vitrine.git
   06f884e..991d811  main -> main
12 ofertas escritas em index.html.
Vitrine publicada com sucesso.
[main 46c0dc8] Atualiza vitrine - 07/09/2026 09:45
 2 files changed, 98 insertions(+), 92 deletions(-)
To github.com:gestordecx/promod-vitrine.git
   991d811..46c0dc8  main -> main
12 ofertas escritas em index.html.
Vitrine publicada com sucesso.
[main c43ea0f] Atualiza vitrine - 07/09/2026 10:00
 2 files changed, 71 insertions(+), 65 deletions(-)
To github.com:gestordecx/promod-vitrine.git
   46c0dc8..c43ea0f  main -> main
12 ofertas escritas em index.html.
Vitrine publicada com sucesso.
[main 08e7837] Atualiza vitrine - 07/09/2026 10:15
 2 files changed, 95 insertions(+), 89 deletions(-)
To github.com:gestordecx/promod-vitrine.git
   c43ea0f..08e7837  main -> main
12 ofertas escritas em index.html.
Vitrine publicada com sucesso.
[main 4c030ec] Atualiza vitrine - 07/09/2026 10:30
 2 files changed, 55 insertions(+), 49 deletions(-)
To github.com:gestordecx/promod-vitrine.git
   08e7837..4c030ec  main -> main
12 ofertas escritas em index.html.
Vitrine publicada com sucesso.
[main fbde2e6] Atualiza vitrine - 07/09/2026 10:45
 2 files changed, 92 insertions(+), 86 deletions(-)
To github.com:gestordecx/promod-vitrine.git
   4c030ec..fbde2e6  main -> main
12 ofertas escritas em index.html.
Vitrine publicada com sucesso.
[main 3f32061] Atualiza vitrine - 07/09/2026 11:00
 2 files changed, 101 insertions(+), 94 deletions(-)
To github.com:gestordecx/promod-vitrine.git
   fbde2e6..3f32061  main -> main
12 ofertas escritas em index.html.
Vitrine publicada com sucesso.
[main 4a063ba] Atualiza vitrine - 07/09/2026 11:15
 2 files changed, 55 insertions(+), 49 deletions(-)
To github.com:gestordecx/promod-vitrine.git
   3f32061..4a063ba  main -> main
12 ofertas escritas em index.html.
Vitrine publicada com sucesso.
[main 3a54071] Atualiza vitrine - 07/09/2026 11:30
 2 files changed, 100 insertions(+), 95 deletions(-)
To github.com:gestordecx/promod-vitrine.git
   4a063ba..3a54071  main -> main
12 ofertas escritas em index.html.
Vitrine publicada com sucesso.
[main 71f95af] Atualiza vitrine - 07/09/2026 11:45
 2 files changed, 99 insertions(+), 93 deletions(-)
To github.com:gestordecx/promod-vitrine.git
   3a54071..71f95af  main -> main
12 ofertas escritas em index.html.
Vitrine publicada com sucesso.
[main f54c55a] Atualiza vitrine - 07/09/2026 12:00
 2 files changed, 97 insertions(+), 91 deletions(-)
To github.com:gestordecx/promod-vitrine.git
   71f95af..f54c55a  main -> main
12 ofertas escritas em index.html.
Vitrine publicada com sucesso.
[main 4b29d8c] Atualiza vitrine - 07/09/2026 12:15
 2 files changed, 71 insertions(+), 65 deletions(-)
To github.com:gestordecx/promod-vitrine.git
   f54c55a..4b29d8c  main -> main
12 ofertas escritas em index.html.
Vitrine publicada com sucesso.
[main 58d19fc] Atualiza vitrine - 07/09/2026 12:30
 2 files changed, 87 insertions(+), 81 deletions(-)
To github.com:gestordecx/promod-vitrine.git
   4b29d8c..58d19fc  main -> main
12 ofertas escritas em index.html.
Vitrine publicada com sucesso.
[main 9dc13a5] Atualiza vitrine - 07/09/2026 12:45
 2 files changed, 55 insertions(+), 49 deletions(-)
To github.com:gestordecx/promod-vitrine.git
   58d19fc..9dc13a5  main -> main
12 ofertas escritas em index.html.
Vitrine publicada com sucesso.
[main 0176ea3] Atualiza vitrine - 07/09/2026 13:00
 2 files changed, 87 insertions(+), 81 deletions(-)
To github.com:gestordecx/promod-vitrine.git
   9dc13a5..0176ea3  main -> main
12 ofertas escritas em index.html.
Vitrine publicada com sucesso.
[main 1da586d] Atualiza vitrine - 07/09/2026 13:15
 2 files changed, 39 insertions(+), 33 deletions(-)
To github.com:gestordecx/promod-vitrine.git
   0176ea3..1da586d  main -> main
12 ofertas escritas em index.html.
Vitrine publicada com sucesso.
[main c04d14c] Atualiza vitrine - 07/09/2026 13:30
 2 files changed, 102 insertions(+), 96 deletions(-)
To github.com:gestordecx/promod-vitrine.git
   1da586d..c04d14c  main -> main
12 ofertas escritas em index.html.
Vitrine publicada com sucesso.
[main 8e63b91] Atualiza vitrine - 07/09/2026 13:45
 2 files changed, 73 insertions(+), 65 deletions(-)
To github.com:gestordecx/promod-vitrine.git
   c04d14c..8e63b91  main -> main
12 ofertas escritas em index.html.
Vitrine publicada com sucesso.
[main 56d642e] Atualiza vitrine - 07/09/2026 14:00
 2 files changed, 105 insertions(+), 97 deletions(-)
To github.com:gestordecx/promod-vitrine.git
   8e63b91..56d642e  main -> main
12 ofertas escritas em index.html.
Vitrine publicada com sucesso.
[main e0206a3] Atualiza vitrine - 07/09/2026 14:15
 2 files changed, 39 insertions(+), 33 deletions(-)
To github.com:gestordecx/promod-vitrine.git
   56d642e..e0206a3  main -> main
12 ofertas escritas em index.html.
Vitrine publicada com sucesso.
[main c85c633] Atualiza vitrine - 07/09/2026 14:30
 2 files changed, 23 insertions(+), 17 deletions(-)
To github.com:gestordecx/promod-vitrine.git
   e0206a3..c85c633  main -> main
12 ofertas escritas em index.html.
Vitrine publicada com sucesso.
[main dc7bf44] Atualiza vitrine - 07/09/2026 14:45
 2 files changed, 97 insertions(+), 95 deletions(-)
To github.com:gestordecx/promod-vitrine.git
   c85c633..dc7bf44  main -> main
12 ofertas escritas em index.html.
Vitrine publicada com sucesso.
[main 88db939] Atualiza vitrine - 07/09/2026 15:00
 2 files changed, 98 insertions(+), 90 deletions(-)
To github.com:gestordecx/promod-vitrine.git
   dc7bf44..88db939  main -> main
12 ofertas escritas em index.html.
Vitrine publicada com sucesso.
[main 3b8eb51] Atualiza vitrine - 07/09/2026 15:15
 2 files changed, 7 insertions(+), 1 deletion(-)
To github.com:gestordecx/promod-vitrine.git
   88db939..3b8eb51  main -> main
12 ofertas escritas em index.html.
Vitrine publicada com sucesso.
[main 81c335e] Atualiza vitrine - 07/09/2026 15:30
 2 files changed, 71 insertions(+), 65 deletions(-)
To github.com:gestordecx/promod-vitrine.git
   3b8eb51..81c335e  main -> main
12 ofertas escritas em index.html.
Vitrine publicada com sucesso.
[main 8ddffec] Atualiza vitrine - 07/09/2026 15:45
 2 files changed, 55 insertions(+), 49 deletions(-)
To github.com:gestordecx/promod-vitrine.git
   81c335e..8ddffec  main -> main
12 ofertas escritas em index.html.
Vitrine publicada com sucesso.
[main 88ae1ab] Atualiza vitrine - 07/09/2026 16:00
 2 files changed, 96 insertions(+), 91 deletions(-)
To github.com:gestordecx/promod-vitrine.git
   8ddffec..88ae1ab  main -> main
12 ofertas escritas em index.html.
Vitrine publicada com sucesso.
[main 7f6734a] Atualiza vitrine - 07/09/2026 16:15
 2 files changed, 99 insertions(+), 89 deletions(-)
To github.com:gestordecx/promod-vitrine.git
   88ae1ab..7f6734a  main -> main
12 ofertas escritas em index.html.
Vitrine publicada com sucesso.
[main d74f394] Atualiza vitrine - 07/09/2026 16:30
 2 files changed, 88 insertions(+), 82 deletions(-)
To github.com:gestordecx/promod-vitrine.git
   7f6734a..d74f394  main -> main
12 ofertas escritas em index.html.
Vitrine publicada com sucesso.
[main bf534e1] Atualiza vitrine - 07/09/2026 16:45
 2 files changed, 55 insertions(+), 51 deletions(-)
To github.com:gestordecx/promod-vitrine.git
   d74f394..bf534e1  main -> main
12 ofertas escritas em index.html.
Vitrine publicada com sucesso.
[main ebb2b2b] Atualiza vitrine - 07/09/2026 17:00
 2 files changed, 97 insertions(+), 91 deletions(-)
To github.com:gestordecx/promod-vitrine.git
   bf534e1..ebb2b2b  main -> main
12 ofertas escritas em index.html.
Vitrine publicada com sucesso.
[main 9f85370] Atualiza vitrine - 07/09/2026 17:15
 2 files changed, 100 insertions(+), 97 deletions(-)
To github.com:gestordecx/promod-vitrine.git
   ebb2b2b..9f85370  main -> main
12 ofertas escritas em index.html.
Vitrine publicada com sucesso.
[main 1b2a7cf] Atualiza vitrine - 07/09/2026 17:30
 2 files changed, 101 insertions(+), 95 deletions(-)
To github.com:gestordecx/promod-vitrine.git
   9f85370..1b2a7cf  main -> main
12 ofertas escritas em index.html.
Vitrine publicada com sucesso.
[main ede6e2c] Atualiza vitrine - 07/09/2026 17:45
 2 files changed, 102 insertions(+), 94 deletions(-)
To github.com:gestordecx/promod-vitrine.git
   1b2a7cf..ede6e2c  main -> main
12 ofertas escritas em index.html.
Vitrine publicada com sucesso.
[main aa2fd9c] Atualiza vitrine - 07/09/2026 18:00
 2 files changed, 23 insertions(+), 17 deletions(-)
To github.com:gestordecx/promod-vitrine.git
   ede6e2c..aa2fd9c  main -> main
12 ofertas escritas em index.html.
Vitrine publicada com sucesso.
[main bca1687] Atualiza vitrine - 07/09/2026 18:15
 2 files changed, 23 insertions(+), 17 deletions(-)
To github.com:gestordecx/promod-vitrine.git
   aa2fd9c..bca1687  main -> main
12 ofertas escritas em index.html.
Vitrine publicada com sucesso.
[main 2f5c322] Atualiza vitrine - 07/09/2026 18:30
 2 files changed, 88 insertions(+), 81 deletions(-)
To github.com:gestordecx/promod-vitrine.git
   bca1687..2f5c322  main -> main
12 ofertas escritas em index.html.
Vitrine publicada com sucesso.
[main 8607f84] Atualiza vitrine - 07/09/2026 18:45
 2 files changed, 87 insertions(+), 83 deletions(-)
To github.com:gestordecx/promod-vitrine.git
   2f5c322..8607f84  main -> main
12 ofertas escritas em index.html.
Vitrine publicada com sucesso.
[main 424e4ce] Atualiza vitrine - 07/09/2026 19:00
 2 files changed, 72 insertions(+), 66 deletions(-)
To github.com:gestordecx/promod-vitrine.git
   8607f84..424e4ce  main -> main
12 ofertas escritas em index.html.
Vitrine publicada com sucesso.
[main ce80d89] Atualiza vitrine - 07/09/2026 19:15
 2 files changed, 97 insertions(+), 92 deletions(-)
To github.com:gestordecx/promod-vitrine.git
   424e4ce..ce80d89  main -> main
12 ofertas escritas em index.html.
Vitrine publicada com sucesso.
[main b8ae53c] Atualiza vitrine - 07/09/2026 19:30
 2 files changed, 87 insertions(+), 81 deletions(-)
To github.com:gestordecx/promod-vitrine.git
   ce80d89..b8ae53c  main -> main
12 ofertas escritas em index.html.
Vitrine publicada com sucesso.
[main aa43f94] Atualiza vitrine - 07/09/2026 19:45
 2 files changed, 99 insertions(+), 93 deletions(-)
To github.com:gestordecx/promod-vitrine.git
   b8ae53c..aa43f94  main -> main
12 ofertas escritas em index.html.
Vitrine publicada com sucesso.
[main b77cfa3] Atualiza vitrine - 07/09/2026 20:00
 2 files changed, 23 insertions(+), 17 deletions(-)
To github.com:gestordecx/promod-vitrine.git
   aa43f94..b77cfa3  main -> main
12 ofertas escritas em index.html.
Vitrine publicada com sucesso.
[main 01eb6df] Atualiza vitrine - 07/09/2026 20:15
 2 files changed, 7 insertions(+), 1 deletion(-)
To github.com:gestordecx/promod-vitrine.git
   b77cfa3..01eb6df  main -> main
12 ofertas escritas em index.html.
Vitrine publicada com sucesso.
[main 244e1de] Atualiza vitrine - 07/09/2026 20:30
 2 files changed, 23 insertions(+), 17 deletions(-)
To github.com:gestordecx/promod-vitrine.git
   01eb6df..244e1de  main -> main
12 ofertas escritas em index.html.
Vitrine publicada com sucesso.
[main 0843fd0] Atualiza vitrine - 07/09/2026 20:45
 2 files changed, 96 insertions(+), 90 deletions(-)
To github.com:gestordecx/promod-vitrine.git
   244e1de..0843fd0  main -> main
12 ofertas escritas em index.html.
Vitrine publicada com sucesso.
[main 57c125d] Atualiza vitrine - 07/09/2026 21:00
 2 files changed, 55 insertions(+), 49 deletions(-)
To github.com:gestordecx/promod-vitrine.git
   0843fd0..57c125d  main -> main
12 ofertas escritas em index.html.
Vitrine publicada com sucesso.
[main 6f06bce] Atualiza vitrine - 07/09/2026 21:15
 2 files changed, 98 insertions(+), 92 deletions(-)
To github.com:gestordecx/promod-vitrine.git
   57c125d..6f06bce  main -> main
12 ofertas escritas em index.html.
Vitrine publicada com sucesso.
[main d9eaccd] Atualiza vitrine - 07/09/2026 21:30
 2 files changed, 7 insertions(+), 1 deletion(-)
To github.com:gestordecx/promod-vitrine.git
   6f06bce..d9eaccd  main -> main
12 ofertas escritas em index.html.
Vitrine publicada com sucesso.
[main abdb2de] Atualiza vitrine - 07/09/2026 21:45
 2 files changed, 23 insertions(+), 17 deletions(-)
To github.com:gestordecx/promod-vitrine.git
   d9eaccd..abdb2de  main -> main
12 ofertas escritas em index.html.
Vitrine publicada com sucesso.
[main 9f6b1e0] Atualiza vitrine - 07/09/2026 22:00
 2 files changed, 55 insertions(+), 49 deletions(-)
To github.com:gestordecx/promod-vitrine.git
   abdb2de..9f6b1e0  main -> main
12 ofertas escritas em index.html.
Vitrine publicada com sucesso.
[main 5b99ea1] Atualiza vitrine - 07/09/2026 22:15
 2 files changed, 23 insertions(+), 17 deletions(-)
To github.com:gestordecx/promod-vitrine.git
   9f6b1e0..5b99ea1  main -> main
12 ofertas escritas em index.html.
Vitrine publicada com sucesso.
[main 98a2674] Atualiza vitrine - 07/09/2026 22:30
 2 files changed, 23 insertions(+), 17 deletions(-)
To github.com:gestordecx/promod-vitrine.git
   5b99ea1..98a2674  main -> main
12 ofertas escritas em index.html.
Vitrine publicada com sucesso.
[main d275d48] Atualiza vitrine - 07/09/2026 22:45
 2 files changed, 73 insertions(+), 65 deletions(-)
To github.com:gestordecx/promod-vitrine.git
   98a2674..d275d48  main -> main
12 ofertas escritas em index.html.
Vitrine publicada com sucesso.
[main 7ad89d3] Atualiza vitrine - 07/09/2026 23:00
 2 files changed, 55 insertions(+), 49 deletions(-)
To github.com:gestordecx/promod-vitrine.git
   d275d48..7ad89d3  main -> main
12 ofertas escritas em index.html.
Vitrine publicada com sucesso.
[main 0ecb9ed] Atualiza vitrine - 07/09/2026 23:15
 2 files changed, 7 insertions(+), 1 deletion(-)
To github.com:gestordecx/promod-vitrine.git
   7ad89d3..0ecb9ed  main -> main
12 ofertas escritas em index.html.
Vitrine publicada com sucesso.
[main e395e59] Atualiza vitrine - 07/09/2026 23:30
 2 files changed, 23 insertions(+), 17 deletions(-)
To github.com:gestordecx/promod-vitrine.git
   0ecb9ed..e395e59  main -> main
12 ofertas escritas em index.html.
Vitrine publicada com sucesso.
[main 693b3f5] Atualiza vitrine - 07/09/2026 23:45
 2 files changed, 87 insertions(+), 83 deletions(-)
To github.com:gestordecx/promod-vitrine.git
   e395e59..693b3f5  main -> main
12 ofertas escritas em index.html.
Vitrine publicada com sucesso.
[main 19e56b3] Atualiza vitrine - 08/09/2026 00:00
 2 files changed, 55 insertions(+), 49 deletions(-)
To github.com:gestordecx/promod-vitrine.git
   693b3f5..19e56b3  main -> main
12 ofertas escritas em index.html.
Vitrine publicada com sucesso.
[main da1c7db] Atualiza vitrine - 08/09/2026 00:15
 2 files changed, 71 insertions(+), 65 deletions(-)
To github.com:gestordecx/promod-vitrine.git
   19e56b3..da1c7db  main -> main
12 ofertas escritas em index.html.
Vitrine publicada com sucesso.
[main 531a04c] Atualiza vitrine - 08/09/2026 00:30
 2 files changed, 55 insertions(+), 49 deletions(-)
To github.com:gestordecx/promod-vitrine.git
   da1c7db..531a04c  main -> main
12 ofertas escritas em index.html.
Vitrine publicada com sucesso.
[main 6f2452e] Atualiza vitrine - 08/09/2026 00:45
 2 files changed, 98 insertions(+), 92 deletions(-)
To github.com:gestordecx/promod-vitrine.git
   531a04c..6f2452e  main -> main
12 ofertas escritas em index.html.
Vitrine publicada com sucesso.
[main 1f16490] Atualiza vitrine - 08/09/2026 01:00
 2 files changed, 7 insertions(+), 1 deletion(-)
To github.com:gestordecx/promod-vitrine.git
   6f2452e..1f16490  main -> main
12 ofertas escritas em index.html.
Vitrine publicada com sucesso.
[main 9fa2cec] Atualiza vitrine - 08/09/2026 01:15
 2 files changed, 55 insertions(+), 49 deletions(-)
To github.com:gestordecx/promod-vitrine.git
   1f16490..9fa2cec  main -> main
12 ofertas escritas em index.html.
Vitrine publicada com sucesso.
[main 9ae87b8] Atualiza vitrine - 08/09/2026 01:30
 2 files changed, 7 insertions(+), 1 deletion(-)
To github.com:gestordecx/promod-vitrine.git
   9fa2cec..9ae87b8  main -> main
12 ofertas escritas em index.html.
Vitrine publicada com sucesso.
[main ea0d941] Atualiza vitrine - 08/09/2026 01:45
 2 files changed, 7 insertions(+), 1 deletion(-)
To github.com:gestordecx/promod-vitrine.git
   9ae87b8..ea0d941  main -> main
12 ofertas escritas em index.html.
Vitrine publicada com sucesso.
[main bba6c02] Atualiza vitrine - 08/09/2026 02:00
 2 files changed, 23 insertions(+), 17 deletions(-)
To github.com:gestordecx/promod-vitrine.git
   ea0d941..bba6c02  main -> main
12 ofertas escritas em index.html.
Vitrine publicada com sucesso.
[main eb2fc9c] Atualiza vitrine - 08/09/2026 02:15
 2 files changed, 7 insertions(+), 1 deletion(-)
To github.com:gestordecx/promod-vitrine.git
   bba6c02..eb2fc9c  main -> main
12 ofertas escritas em index.html.
Vitrine publicada com sucesso.
[main 5c2819a] Atualiza vitrine - 08/09/2026 02:30
 2 files changed, 7 insertions(+), 1 deletion(-)
To github.com:gestordecx/promod-vitrine.git
   eb2fc9c..5c2819a  main -> main
12 ofertas escritas em index.html.
Vitrine publicada com sucesso.
[main 45a6660] Atualiza vitrine - 08/09/2026 02:45
 2 files changed, 7 insertions(+), 1 deletion(-)
To github.com:gestordecx/promod-vitrine.git
   5c2819a..45a6660  main -> main
12 ofertas escritas em index.html.
Vitrine publicada com sucesso.
[main f67bbf2] Atualiza vitrine - 08/09/2026 03:00
 2 files changed, 7 insertions(+), 1 deletion(-)
To github.com:gestordecx/promod-vitrine.git
   45a6660..f67bbf2  main -> main
12 ofertas escritas em index.html.
Vitrine publicada com sucesso.
[main e1825f4] Atualiza vitrine - 08/09/2026 03:15
 2 files changed, 7 insertions(+), 1 deletion(-)
To github.com:gestordecx/promod-vitrine.git
   f67bbf2..e1825f4  main -> main
12 ofertas escritas em index.html.
Vitrine publicada com sucesso.
[main 5013c0f] Atualiza vitrine - 08/09/2026 03:30
 2 files changed, 7 insertions(+), 1 deletion(-)
To github.com:gestordecx/promod-vitrine.git
   e1825f4..5013c0f  main -> main
12 ofertas escritas em index.html.
Vitrine publicada com sucesso.
[main 4273756] Atualiza vitrine - 08/09/2026 03:45
 2 files changed, 7 insertions(+), 1 deletion(-)
To github.com:gestordecx/promod-vitrine.git
   5013c0f..4273756  main -> main
12 ofertas escritas em index.html.
Vitrine publicada com sucesso.
[main e09e6b4] Atualiza vitrine - 08/09/2026 04:00
 2 files changed, 7 insertions(+), 1 deletion(-)
To github.com:gestordecx/promod-vitrine.git
   4273756..e09e6b4  main -> main
12 ofertas escritas em index.html.
Vitrine publicada com sucesso.
[main cab4b22] Atualiza vitrine - 08/09/2026 04:15
 2 files changed, 23 insertions(+), 17 deletions(-)
To github.com:gestordecx/promod-vitrine.git
   e09e6b4..cab4b22  main -> main
12 ofertas escritas em index.html.
Vitrine publicada com sucesso.
[main 48e996c] Atualiza vitrine - 08/09/2026 04:30
 2 files changed, 7 insertions(+), 1 deletion(-)
To github.com:gestordecx/promod-vitrine.git
   cab4b22..48e996c  main -> main
12 ofertas escritas em index.html.
Vitrine publicada com sucesso.
[main a765e87] Atualiza vitrine - 08/09/2026 04:45
 2 files changed, 7 insertions(+), 1 deletion(-)
To github.com:gestordecx/promod-vitrine.git
   48e996c..a765e87  main -> main
12 ofertas escritas em index.html.
Vitrine publicada com sucesso.
[main 9286e99] Atualiza vitrine - 08/09/2026 05:00
 2 files changed, 23 insertions(+), 17 deletions(-)
To github.com:gestordecx/promod-vitrine.git
   a765e87..9286e99  main -> main
12 ofertas escritas em index.html.
Vitrine publicada com sucesso.
[main cfd55d1] Atualiza vitrine - 08/09/2026 05:15
 2 files changed, 40 insertions(+), 33 deletions(-)
To github.com:gestordecx/promod-vitrine.git
   9286e99..cfd55d1  main -> main
12 ofertas escritas em index.html.
Vitrine publicada com sucesso.
[main b6e02cc] Atualiza vitrine - 08/09/2026 05:30
 2 files changed, 7 insertions(+), 1 deletion(-)
To github.com:gestordecx/promod-vitrine.git
   cfd55d1..b6e02cc  main -> main
12 ofertas escritas em index.html.
Vitrine publicada com sucesso.
[main 92f12e6] Atualiza vitrine - 08/09/2026 05:45
 2 files changed, 7 insertions(+), 1 deletion(-)
To github.com:gestordecx/promod-vitrine.git
   b6e02cc..92f12e6  main -> main
12 ofertas escritas em index.html.
Vitrine publicada com sucesso.
[main f27537d] Atualiza vitrine - 08/09/2026 06:00
 2 files changed, 7 insertions(+), 1 deletion(-)
To github.com:gestordecx/promod-vitrine.git
   92f12e6..f27537d  main -> main
12 ofertas escritas em index.html.
Vitrine publicada com sucesso.
[main bcdebac] Atualiza vitrine - 08/09/2026 06:15
 2 files changed, 23 insertions(+), 17 deletions(-)
To github.com:gestordecx/promod-vitrine.git
   f27537d..bcdebac  main -> main
12 ofertas escritas em index.html.
Vitrine publicada com sucesso.
[main 017f386] Atualiza vitrine - 08/09/2026 06:30
 2 files changed, 99 insertions(+), 93 deletions(-)
To github.com:gestordecx/promod-vitrine.git
   bcdebac..017f386  main -> main
12 ofertas escritas em index.html.
Vitrine publicada com sucesso.
[main 6bb21f1] Atualiza vitrine - 08/09/2026 06:45
 2 files changed, 7 insertions(+), 1 deletion(-)
To github.com:gestordecx/promod-vitrine.git
   017f386..6bb21f1  main -> main
12 ofertas escritas em index.html.
Vitrine publicada com sucesso.
[main daebc2f] Atualiza vitrine - 08/09/2026 07:00
 2 files changed, 7 insertions(+), 1 deletion(-)
To github.com:gestordecx/promod-vitrine.git
   6bb21f1..daebc2f  main -> main
12 ofertas escritas em index.html.
Vitrine publicada com sucesso.
[main a8b560e] Atualiza vitrine - 08/09/2026 07:15
 2 files changed, 23 insertions(+), 17 deletions(-)
To github.com:gestordecx/promod-vitrine.git
   daebc2f..a8b560e  main -> main
12 ofertas escritas em index.html.
Vitrine publicada com sucesso.
[main 16ec194] Atualiza vitrine - 08/09/2026 07:30
 2 files changed, 39 insertions(+), 33 deletions(-)
To github.com:gestordecx/promod-vitrine.git
   a8b560e..16ec194  main -> main
12 ofertas escritas em index.html.
Vitrine publicada com sucesso.
[main bd61749] Atualiza vitrine - 08/09/2026 07:45
 2 files changed, 55 insertions(+), 50 deletions(-)
To github.com:gestordecx/promod-vitrine.git
   16ec194..bd61749  main -> main
12 ofertas escritas em index.html.
Vitrine publicada com sucesso.
[main 09854e9] Atualiza vitrine - 08/09/2026 08:00
 2 files changed, 55 insertions(+), 49 deletions(-)
To github.com:gestordecx/promod-vitrine.git
   bd61749..09854e9  main -> main
12 ofertas escritas em index.html.
Vitrine publicada com sucesso.
[main b408530] Atualiza vitrine - 08/09/2026 08:15
 2 files changed, 87 insertions(+), 81 deletions(-)
To github.com:gestordecx/promod-vitrine.git
   09854e9..b408530  main -> main
12 ofertas escritas em index.html.
Vitrine publicada com sucesso.
[main 99b6d8b] Atualiza vitrine - 08/09/2026 08:30
 2 files changed, 55 insertions(+), 49 deletions(-)
To github.com:gestordecx/promod-vitrine.git
   b408530..99b6d8b  main -> main
12 ofertas escritas em index.html.
Vitrine publicada com sucesso.
[main f3dd364] Atualiza vitrine - 08/09/2026 08:45
 2 files changed, 99 insertions(+), 93 deletions(-)
To github.com:gestordecx/promod-vitrine.git
   99b6d8b..f3dd364  main -> main
12 ofertas escritas em index.html.
Vitrine publicada com sucesso.
[main 44e7b49] Atualiza vitrine - 08/09/2026 09:00
 2 files changed, 98 insertions(+), 90 deletions(-)
To github.com:gestordecx/promod-vitrine.git
   f3dd364..44e7b49  main -> main
12 ofertas escritas em index.html.
Vitrine publicada com sucesso.
[main 8f54619] Atualiza vitrine - 08/09/2026 09:15
 2 files changed, 73 insertions(+), 67 deletions(-)
To github.com:gestordecx/promod-vitrine.git
   44e7b49..8f54619  main -> main
12 ofertas escritas em index.html.
Vitrine publicada com sucesso.
[main 8b014dc] Atualiza vitrine - 08/09/2026 09:30
 2 files changed, 102 insertions(+), 96 deletions(-)
To github.com:gestordecx/promod-vitrine.git
   8f54619..8b014dc  main -> main
12 ofertas escritas em index.html.
Vitrine publicada com sucesso.
[main f2b6a2c] Atualiza vitrine - 08/09/2026 09:45
 2 files changed, 98 insertions(+), 94 deletions(-)
To github.com:gestordecx/promod-vitrine.git
   8b014dc..f2b6a2c  main -> main
12 ofertas escritas em index.html.
Vitrine publicada com sucesso.
[main 3a1126a] Atualiza vitrine - 08/09/2026 10:00
 2 files changed, 99 insertions(+), 93 deletions(-)
To github.com:gestordecx/promod-vitrine.git
   f2b6a2c..3a1126a  main -> main
12 ofertas escritas em index.html.
Vitrine publicada com sucesso.
[main 84e333c] Atualiza vitrine - 08/09/2026 10:15
 2 files changed, 101 insertions(+), 95 deletions(-)
To github.com:gestordecx/promod-vitrine.git
   3a1126a..84e333c  main -> main
12 ofertas escritas em index.html.
Vitrine publicada com sucesso.
[main dc4224b] Atualiza vitrine - 08/09/2026 10:30
 2 files changed, 99 insertions(+), 93 deletions(-)
To github.com:gestordecx/promod-vitrine.git
   84e333c..dc4224b  main -> main
12 ofertas escritas em index.html.
Vitrine publicada com sucesso.
[main 46b5f47] Atualiza vitrine - 08/09/2026 10:45
 2 files changed, 87 insertions(+), 81 deletions(-)
To github.com:gestordecx/promod-vitrine.git
   dc4224b..46b5f47  main -> main
12 ofertas escritas em index.html.
Vitrine publicada com sucesso.
[main f0e35db] Atualiza vitrine - 08/09/2026 11:00
 2 files changed, 100 insertions(+), 94 deletions(-)
To github.com:gestordecx/promod-vitrine.git
   46b5f47..f0e35db  main -> main
12 ofertas escritas em index.html.
Vitrine publicada com sucesso.
[main 05ac34f] Atualiza vitrine - 08/09/2026 11:15
 2 files changed, 99 insertions(+), 91 deletions(-)
To github.com:gestordecx/promod-vitrine.git
   f0e35db..05ac34f  main -> main
12 ofertas escritas em index.html.
Vitrine publicada com sucesso.
[main 5450986] Atualiza vitrine - 08/09/2026 11:30
 2 files changed, 87 insertions(+), 81 deletions(-)
To github.com:gestordecx/promod-vitrine.git
   05ac34f..5450986  main -> main
12 ofertas escritas em index.html.
Vitrine publicada com sucesso.
[main f01a91c] Atualiza vitrine - 08/09/2026 11:45
 2 files changed, 87 insertions(+), 83 deletions(-)
To github.com:gestordecx/promod-vitrine.git
   5450986..f01a91c  main -> main
12 ofertas escritas em index.html.
Vitrine publicada com sucesso.
[main a69d7a7] Atualiza vitrine - 08/09/2026 12:00
 2 files changed, 71 insertions(+), 65 deletions(-)
To github.com:gestordecx/promod-vitrine.git
   f01a91c..a69d7a7  main -> main
12 ofertas escritas em index.html.
Vitrine publicada com sucesso.
[main 39c468a] Atualiza vitrine - 08/09/2026 12:15
 2 files changed, 99 insertions(+), 92 deletions(-)
To github.com:gestordecx/promod-vitrine.git
   a69d7a7..39c468a  main -> main
12 ofertas escritas em index.html.
Vitrine publicada com sucesso.
[main 1791124] Atualiza vitrine - 08/09/2026 12:30
 2 files changed, 55 insertions(+), 49 deletions(-)
To github.com:gestordecx/promod-vitrine.git
   39c468a..1791124  main -> main
12 ofertas escritas em index.html.
Vitrine publicada com sucesso.
[main 1c80574] Atualiza vitrine - 08/09/2026 12:45
 2 files changed, 98 insertions(+), 93 deletions(-)
To github.com:gestordecx/promod-vitrine.git
   1791124..1c80574  main -> main
12 ofertas escritas em index.html.
Vitrine publicada com sucesso.
[main cf13d0a] Atualiza vitrine - 08/09/2026 13:00
 2 files changed, 97 insertions(+), 91 deletions(-)
To github.com:gestordecx/promod-vitrine.git
   1c80574..cf13d0a  main -> main
12 ofertas escritas em index.html.
Vitrine publicada com sucesso.
[main c470d34] Atualiza vitrine - 08/09/2026 13:15
 2 files changed, 88 insertions(+), 82 deletions(-)
To github.com:gestordecx/promod-vitrine.git
   cf13d0a..c470d34  main -> main
12 ofertas escritas em index.html.
Vitrine publicada com sucesso.
[main 74e2658] Atualiza vitrine - 08/09/2026 13:30
 2 files changed, 71 insertions(+), 65 deletions(-)
To github.com:gestordecx/promod-vitrine.git
   c470d34..74e2658  main -> main
12 ofertas escritas em index.html.
Vitrine publicada com sucesso.
[main 3b28736] Atualiza vitrine - 08/09/2026 13:45
 2 files changed, 100 insertions(+), 94 deletions(-)
To github.com:gestordecx/promod-vitrine.git
   74e2658..3b28736  main -> main
12 ofertas escritas em index.html.
Vitrine publicada com sucesso.
[main 9a6d33d] Atualiza vitrine - 08/09/2026 14:00
 2 files changed, 55 insertions(+), 49 deletions(-)
To github.com:gestordecx/promod-vitrine.git
   3b28736..9a6d33d  main -> main
12 ofertas escritas em index.html.
Vitrine publicada com sucesso.
[main 4413576] Atualiza vitrine - 08/09/2026 14:15
 2 files changed, 88 insertions(+), 81 deletions(-)
To github.com:gestordecx/promod-vitrine.git
   9a6d33d..4413576  main -> main
12 ofertas escritas em index.html.
Vitrine publicada com sucesso.
[main 604b753] Atualiza vitrine - 08/09/2026 14:30
 2 files changed, 39 insertions(+), 33 deletions(-)
To github.com:gestordecx/promod-vitrine.git
   4413576..604b753  main -> main
12 ofertas escritas em index.html.
Vitrine publicada com sucesso.
[main ab2cc2e] Atualiza vitrine - 08/09/2026 14:45
 2 files changed, 39 insertions(+), 33 deletions(-)
To github.com:gestordecx/promod-vitrine.git
   604b753..ab2cc2e  main -> main
12 ofertas escritas em index.html.
Vitrine publicada com sucesso.
[main 12494cb] Atualiza vitrine - 08/09/2026 15:00
 2 files changed, 106 insertions(+), 96 deletions(-)
To github.com:gestordecx/promod-vitrine.git
   ab2cc2e..12494cb  main -> main
12 ofertas escritas em index.html.
Vitrine publicada com sucesso.
[main b5b5684] Atualiza vitrine - 08/09/2026 15:15
 2 files changed, 100 insertions(+), 96 deletions(-)
To github.com:gestordecx/promod-vitrine.git
   12494cb..b5b5684  main -> main
12 ofertas escritas em index.html.
Vitrine publicada com sucesso.
[main 22a5a25] Atualiza vitrine - 08/09/2026 15:30
 2 files changed, 98 insertions(+), 93 deletions(-)
To github.com:gestordecx/promod-vitrine.git
   b5b5684..22a5a25  main -> main
12 ofertas escritas em index.html.
Vitrine publicada com sucesso.
[main ad89196] Atualiza vitrine - 08/09/2026 15:45
 2 files changed, 95 insertions(+), 90 deletions(-)
To github.com:gestordecx/promod-vitrine.git
   22a5a25..ad89196  main -> main
12 ofertas escritas em index.html.
Vitrine publicada com sucesso.
[main 11a844c] Atualiza vitrine - 08/09/2026 16:00
 2 files changed, 87 insertions(+), 81 deletions(-)
To github.com:gestordecx/promod-vitrine.git
   ad89196..11a844c  main -> main
12 ofertas escritas em index.html.
Vitrine publicada com sucesso.
[main a642e02] Atualiza vitrine - 08/09/2026 16:15
 2 files changed, 101 insertions(+), 94 deletions(-)
Connection to github.com closed by remote host.
fatal: Could not read from remote repository.

Please make sure you have the correct access rights
and the repository exists.
12 ofertas escritas em index.html.
Traceback (most recent call last):
  File "/home/darlan/projetos/promod-vitrine/gerar_vitrine.py", line 472, in <module>
    main()
  File "/home/darlan/projetos/promod-vitrine/gerar_vitrine.py", line 468, in main
    publicar_no_git()
  File "/home/darlan/projetos/promod-vitrine/gerar_vitrine.py", line 456, in publicar_no_git
    subprocess.run(["git", "push"], cwd=REPO_DIR, check=True)
  File "/usr/lib/python3.12/subprocess.py", line 571, in run
    raise CalledProcessError(retcode, process.args,
subprocess.CalledProcessError: Command '['git', 'push']' returned non-zero exit status 128.
[main 5d62235] Atualiza vitrine - 08/09/2026 16:30
 2 files changed, 51 insertions(+), 33 deletions(-)
To github.com:gestordecx/promod-vitrine.git
   11a844c..5d62235  main -> main
12 ofertas escritas em index.html.
Vitrine publicada com sucesso.
[main 5d8ecc2] Atualiza vitrine - 08/09/2026 16:45
 2 files changed, 104 insertions(+), 97 deletions(-)
To github.com:gestordecx/promod-vitrine.git
   5d62235..5d8ecc2  main -> main
12 ofertas escritas em index.html.
Vitrine publicada com sucesso.
[main b8c7c5d] Atualiza vitrine - 08/09/2026 17:00
 2 files changed, 88 insertions(+), 81 deletions(-)
To github.com:gestordecx/promod-vitrine.git
   5d8ecc2..b8c7c5d  main -> main
12 ofertas escritas em index.html.
Vitrine publicada com sucesso.
[main 6f20f75] Atualiza vitrine - 08/09/2026 17:15
 2 files changed, 97 insertions(+), 95 deletions(-)
To github.com:gestordecx/promod-vitrine.git
   b8c7c5d..6f20f75  main -> main
12 ofertas escritas em index.html.
Vitrine publicada com sucesso.
[main 7fc9c09] Atualiza vitrine - 08/09/2026 17:30
 2 files changed, 102 insertions(+), 91 deletions(-)
To github.com:gestordecx/promod-vitrine.git
   6f20f75..7fc9c09  main -> main
12 ofertas escritas em index.html.
Vitrine publicada com sucesso.
[main cde5568] Atualiza vitrine - 08/09/2026 17:45
 2 files changed, 104 insertions(+), 99 deletions(-)
To github.com:gestordecx/promod-vitrine.git
   7fc9c09..cde5568  main -> main
12 ofertas escritas em index.html.
Vitrine publicada com sucesso.
[main e5bf4ac] Atualiza vitrine - 08/09/2026 18:00
 2 files changed, 120 insertions(+), 97 deletions(-)
To github.com:gestordecx/promod-vitrine.git
   cde5568..e5bf4ac  main -> main
12 ofertas escritas em index.html.
Vitrine publicada com sucesso.
[main bda6239] Atualiza vitrine - 08/09/2026 18:15
 2 files changed, 102 insertions(+), 117 deletions(-)
To github.com:gestordecx/promod-vitrine.git
   e5bf4ac..bda6239  main -> main
12 ofertas escritas em index.html.
Vitrine publicada com sucesso.
[main bfb9061] Atualiza vitrine - 08/09/2026 18:30
 2 files changed, 98 insertions(+), 91 deletions(-)
To github.com:gestordecx/promod-vitrine.git
   bda6239..bfb9061  main -> main
12 ofertas escritas em index.html.
Vitrine publicada com sucesso.
[main 07e4e67] Atualiza vitrine - 08/09/2026 18:45
 2 files changed, 75 insertions(+), 65 deletions(-)
To github.com:gestordecx/promod-vitrine.git
   bfb9061..07e4e67  main -> main
12 ofertas escritas em index.html.
Vitrine publicada com sucesso.
[main 6f632f3] Atualiza vitrine - 08/09/2026 19:00
 2 files changed, 98 insertions(+), 97 deletions(-)
To github.com:gestordecx/promod-vitrine.git
   07e4e67..6f632f3  main -> main
12 ofertas escritas em index.html.
Vitrine publicada com sucesso.
[main 96cfca3] Atualiza vitrine - 08/09/2026 19:15
 2 files changed, 91 insertions(+), 85 deletions(-)
To github.com:gestordecx/promod-vitrine.git
   6f632f3..96cfca3  main -> main
12 ofertas escritas em index.html.
Vitrine publicada com sucesso.
[main cfe5254] Atualiza vitrine - 08/09/2026 19:30
 2 files changed, 98 insertions(+), 92 deletions(-)
To github.com:gestordecx/promod-vitrine.git
   96cfca3..cfe5254  main -> main
12 ofertas escritas em index.html.
Vitrine publicada com sucesso.
[main 59d4210] Atualiza vitrine - 08/09/2026 19:45
 2 files changed, 41 insertions(+), 33 deletions(-)
To github.com:gestordecx/promod-vitrine.git
   cfe5254..59d4210  main -> main
12 ofertas escritas em index.html.
Vitrine publicada com sucesso.
[main 8f65dfa] Atualiza vitrine - 08/09/2026 20:00
 2 files changed, 59 insertions(+), 49 deletions(-)
To github.com:gestordecx/promod-vitrine.git
   59d4210..8f65dfa  main -> main
12 ofertas escritas em index.html.
Vitrine publicada com sucesso.
[main d7725b2] Atualiza vitrine - 08/09/2026 20:15
 2 files changed, 108 insertions(+), 100 deletions(-)
To github.com:gestordecx/promod-vitrine.git
   8f65dfa..d7725b2  main -> main
12 ofertas escritas em index.html.
Vitrine publicada com sucesso.
[main cc9fb9f] Atualiza vitrine - 08/09/2026 20:30
 2 files changed, 7 insertions(+), 1 deletion(-)
To github.com:gestordecx/promod-vitrine.git
   d7725b2..cc9fb9f  main -> main
12 ofertas escritas em index.html.
Vitrine publicada com sucesso.
[main 91de7c7] Atualiza vitrine - 08/09/2026 20:45
 2 files changed, 7 insertions(+), 1 deletion(-)
To github.com:gestordecx/promod-vitrine.git
   cc9fb9f..91de7c7  main -> main
12 ofertas escritas em index.html.
Vitrine publicada com sucesso.
On branch main
Your branch is up to date with 'origin/main'.

nothing to commit, working tree clean
12 ofertas escritas em index.html.
Nada novo para publicar (sem mudanças desde a última execução).
[main 73bbad5] Atualiza vitrine - 08/09/2026 21:15
 3 files changed, 7 insertions(+), 1 deletion(-)
 create mode 100644 __pycache__/gerar_vitrine.cpython-312.pyc
To github.com:gestordecx/promod-vitrine.git
   758a742..73bbad5  main -> main
12 ofertas escritas em index.html.
Vitrine publicada com sucesso.
[main 40f07af] Atualiza vitrine - 08/09/2026 21:30
 2 files changed, 8 insertions(+), 1 deletion(-)
To github.com:gestordecx/promod-vitrine.git
   73bbad5..40f07af  main -> main
12 ofertas escritas em index.html.
Vitrine publicada com sucesso.
[main 1f9bbf5] Atualiza vitrine - 08/09/2026 21:45
 2 files changed, 7 insertions(+), 1 deletion(-)
To github.com:gestordecx/promod-vitrine.git
   40f07af..1f9bbf5  main -> main
12 ofertas escritas em index.html.
Vitrine publicada com sucesso.
[main 5df2b5f] Atualiza vitrine - 08/09/2026 22:00
 2 files changed, 7 insertions(+), 1 deletion(-)
To github.com:gestordecx/promod-vitrine.git
   1f9bbf5..5df2b5f  main -> main
12 ofertas escritas em index.html.
Vitrine publicada com sucesso.
[main 4574092] Atualiza vitrine - 08/09/2026 22:15
 2 files changed, 7 insertions(+), 1 deletion(-)
To github.com:gestordecx/promod-vitrine.git
   5df2b5f..4574092  main -> main
12 ofertas escritas em index.html.
Vitrine publicada com sucesso.
[main 1c3f21d] Atualiza vitrine - 08/09/2026 22:30
 2 files changed, 7 insertions(+), 1 deletion(-)
To github.com:gestordecx/promod-vitrine.git
   4574092..1c3f21d  main -> main
12 ofertas escritas em index.html.
Vitrine publicada com sucesso.
[main 0e7f1c0] Atualiza vitrine - 08/09/2026 22:45
 2 files changed, 23 insertions(+), 17 deletions(-)
To github.com:gestordecx/promod-vitrine.git
   1c3f21d..0e7f1c0  main -> main
12 ofertas escritas em index.html.
Vitrine publicada com sucesso.
[main 396f778] Atualiza vitrine - 08/09/2026 23:00
 2 files changed, 7 insertions(+), 1 deletion(-)
To github.com:gestordecx/promod-vitrine.git
   0e7f1c0..396f778  main -> main
12 ofertas escritas em index.html.
Vitrine publicada com sucesso.
[main c4ed04d] Atualiza vitrine - 08/09/2026 23:15
 2 files changed, 7 insertions(+), 1 deletion(-)
To github.com:gestordecx/promod-vitrine.git
   396f778..c4ed04d  main -> main
12 ofertas escritas em index.html.
Vitrine publicada com sucesso.
[main 7a4b587] Atualiza vitrine - 08/09/2026 23:30
 2 files changed, 7 insertions(+), 1 deletion(-)
To github.com:gestordecx/promod-vitrine.git
   c4ed04d..7a4b587  main -> main
12 ofertas escritas em index.html.
Vitrine publicada com sucesso.
[main 91a1f82] Atualiza vitrine - 08/09/2026 23:45
 2 files changed, 7 insertions(+), 1 deletion(-)
To github.com:gestordecx/promod-vitrine.git
   7a4b587..91a1f82  main -> main
12 ofertas escritas em index.html.
Vitrine publicada com sucesso.
[main ba9b787] Atualiza vitrine - 09/09/2026 00:00
 2 files changed, 7 insertions(+), 1 deletion(-)
To github.com:gestordecx/promod-vitrine.git
   91a1f82..ba9b787  main -> main
12 ofertas escritas em index.html.
Vitrine publicada com sucesso.
[main 2036c45] Atualiza vitrine - 09/09/2026 00:15
 2 files changed, 100 insertions(+), 102 deletions(-)
To github.com:gestordecx/promod-vitrine.git
   ba9b787..2036c45  main -> main
12 ofertas escritas em index.html.
Vitrine publicada com sucesso.
[main acfb3d1] Atualiza vitrine - 09/09/2026 00:30
 2 files changed, 67 insertions(+), 61 deletions(-)
To github.com:gestordecx/promod-vitrine.git
   2036c45..acfb3d1  main -> main
12 ofertas escritas em index.html.
Vitrine publicada com sucesso.
[main 3b0974a] Atualiza vitrine - 09/09/2026 00:45
 2 files changed, 82 insertions(+), 76 deletions(-)
To github.com:gestordecx/promod-vitrine.git
   acfb3d1..3b0974a  main -> main
12 ofertas escritas em index.html.
Vitrine publicada com sucesso.
[main 2188361] Atualiza vitrine - 09/09/2026 01:00
 2 files changed, 100 insertions(+), 93 deletions(-)
To github.com:gestordecx/promod-vitrine.git
   3b0974a..2188361  main -> main
12 ofertas escritas em index.html.
Vitrine publicada com sucesso.
[main 06620d2] Atualiza vitrine - 09/09/2026 01:15
 2 files changed, 61 insertions(+), 55 deletions(-)
To github.com:gestordecx/promod-vitrine.git
   2188361..06620d2  main -> main
12 ofertas escritas em index.html.
Vitrine publicada com sucesso.
[main 66bd01b] Atualiza vitrine - 09/09/2026 01:30
 2 files changed, 26 insertions(+), 20 deletions(-)
To github.com:gestordecx/promod-vitrine.git
   06620d2..66bd01b  main -> main
12 ofertas escritas em index.html.
Vitrine publicada com sucesso.
[main 2234252] Atualiza vitrine - 09/09/2026 01:45
 2 files changed, 27 insertions(+), 21 deletions(-)
To github.com:gestordecx/promod-vitrine.git
   66bd01b..2234252  main -> main
12 ofertas escritas em index.html.
Vitrine publicada com sucesso.
[main 32699ed] Atualiza vitrine - 09/09/2026 02:00
 2 files changed, 32 insertions(+), 26 deletions(-)
To github.com:gestordecx/promod-vitrine.git
   2234252..32699ed  main -> main
12 ofertas escritas em index.html.
Vitrine publicada com sucesso.
[main bae2f94] Atualiza vitrine - 09/09/2026 02:15
 2 files changed, 34 insertions(+), 28 deletions(-)
To github.com:gestordecx/promod-vitrine.git
   32699ed..bae2f94  main -> main
12 ofertas escritas em index.html.
Vitrine publicada com sucesso.
[main 71c24c2] Atualiza vitrine - 09/09/2026 02:30
 2 files changed, 25 insertions(+), 18 deletions(-)
To github.com:gestordecx/promod-vitrine.git
   bae2f94..71c24c2  main -> main
12 ofertas escritas em index.html.
Vitrine publicada com sucesso.
[main b1b94c7] Atualiza vitrine - 09/09/2026 02:45
 2 files changed, 7 insertions(+), 1 deletion(-)
To github.com:gestordecx/promod-vitrine.git
   71c24c2..b1b94c7  main -> main
12 ofertas escritas em index.html.
Vitrine publicada com sucesso.
[main d3b60d3] Atualiza vitrine - 09/09/2026 03:00
 2 files changed, 7 insertions(+), 1 deletion(-)
To github.com:gestordecx/promod-vitrine.git
   b1b94c7..d3b60d3  main -> main
12 ofertas escritas em index.html.
Vitrine publicada com sucesso.
[main c52a794] Atualiza vitrine - 09/09/2026 03:15
 2 files changed, 7 insertions(+), 1 deletion(-)
To github.com:gestordecx/promod-vitrine.git
   d3b60d3..c52a794  main -> main
12 ofertas escritas em index.html.
Vitrine publicada com sucesso.
[main 7afb936] Atualiza vitrine - 09/09/2026 03:30
 2 files changed, 23 insertions(+), 17 deletions(-)
To github.com:gestordecx/promod-vitrine.git
   c52a794..7afb936  main -> main
12 ofertas escritas em index.html.
Vitrine publicada com sucesso.
[main 6407390] Atualiza vitrine - 09/09/2026 03:45
 2 files changed, 23 insertions(+), 17 deletions(-)
To github.com:gestordecx/promod-vitrine.git
   7afb936..6407390  main -> main
12 ofertas escritas em index.html.
Vitrine publicada com sucesso.
[main cdb4ef2] Atualiza vitrine - 09/09/2026 04:00
 2 files changed, 23 insertions(+), 17 deletions(-)
To github.com:gestordecx/promod-vitrine.git
   6407390..cdb4ef2  main -> main
12 ofertas escritas em index.html.
Vitrine publicada com sucesso.
[main 89e4494] Atualiza vitrine - 09/09/2026 04:15
 2 files changed, 7 insertions(+), 1 deletion(-)
To github.com:gestordecx/promod-vitrine.git
   cdb4ef2..89e4494  main -> main
12 ofertas escritas em index.html.
Vitrine publicada com sucesso.
[main 658cd96] Atualiza vitrine - 09/09/2026 04:30
 2 files changed, 7 insertions(+), 1 deletion(-)
To github.com:gestordecx/promod-vitrine.git
   89e4494..658cd96  main -> main
12 ofertas escritas em index.html.
Vitrine publicada com sucesso.
[main c4b0096] Atualiza vitrine - 09/09/2026 04:45
 2 files changed, 7 insertions(+), 1 deletion(-)
To github.com:gestordecx/promod-vitrine.git
   658cd96..c4b0096  main -> main
12 ofertas escritas em index.html.
Vitrine publicada com sucesso.
[main 9492065] Atualiza vitrine - 09/09/2026 05:00
 2 files changed, 7 insertions(+), 1 deletion(-)
To github.com:gestordecx/promod-vitrine.git
   c4b0096..9492065  main -> main
12 ofertas escritas em index.html.
Vitrine publicada com sucesso.
[main 851a12e] Atualiza vitrine - 09/09/2026 05:15
 2 files changed, 73 insertions(+), 65 deletions(-)
To github.com:gestordecx/promod-vitrine.git
   9492065..851a12e  main -> main
12 ofertas escritas em index.html.
Vitrine publicada com sucesso.
[main 09461c9] Atualiza vitrine - 09/09/2026 05:30
 2 files changed, 39 insertions(+), 33 deletions(-)
To github.com:gestordecx/promod-vitrine.git
   851a12e..09461c9  main -> main
12 ofertas escritas em index.html.
Vitrine publicada com sucesso.
[main cdaf28c] Atualiza vitrine - 09/09/2026 05:45
 2 files changed, 23 insertions(+), 17 deletions(-)
To github.com:gestordecx/promod-vitrine.git
   09461c9..cdaf28c  main -> main
12 ofertas escritas em index.html.
Vitrine publicada com sucesso.
[main abd4bc5] Atualiza vitrine - 09/09/2026 06:00
 2 files changed, 72 insertions(+), 68 deletions(-)
To github.com:gestordecx/promod-vitrine.git
   cdaf28c..abd4bc5  main -> main
12 ofertas escritas em index.html.
Vitrine publicada com sucesso.
[main 05ba5ac] Atualiza vitrine - 09/09/2026 06:15
 2 files changed, 74 insertions(+), 68 deletions(-)
To github.com:gestordecx/promod-vitrine.git
   abd4bc5..05ba5ac  main -> main
12 ofertas escritas em index.html.
Vitrine publicada com sucesso.
[main dfdba5c] Atualiza vitrine - 09/09/2026 06:30
 2 files changed, 66 insertions(+), 60 deletions(-)
To github.com:gestordecx/promod-vitrine.git
   05ba5ac..dfdba5c  main -> main
12 ofertas escritas em index.html.
Vitrine publicada com sucesso.
[main 17da727] Atualiza vitrine - 09/09/2026 06:45
 2 files changed, 39 insertions(+), 33 deletions(-)
To github.com:gestordecx/promod-vitrine.git
   dfdba5c..17da727  main -> main
12 ofertas escritas em index.html.
Vitrine publicada com sucesso.
[main 28c05cc] Atualiza vitrine - 09/09/2026 07:00
 2 files changed, 23 insertions(+), 17 deletions(-)
To github.com:gestordecx/promod-vitrine.git
   17da727..28c05cc  main -> main
12 ofertas escritas em index.html.
Vitrine publicada com sucesso.
[main 6a5fa61] Atualiza vitrine - 09/09/2026 07:15
 2 files changed, 73 insertions(+), 67 deletions(-)
To github.com:gestordecx/promod-vitrine.git
   28c05cc..6a5fa61  main -> main
12 ofertas escritas em index.html.
Vitrine publicada com sucesso.
[main 52bcb8e] Atualiza vitrine - 09/09/2026 07:30
 2 files changed, 55 insertions(+), 49 deletions(-)
To github.com:gestordecx/promod-vitrine.git
   6a5fa61..52bcb8e  main -> main
12 ofertas escritas em index.html.
Vitrine publicada com sucesso.
[main cd71056] Atualiza vitrine - 09/09/2026 07:45
 2 files changed, 76 insertions(+), 69 deletions(-)
To github.com:gestordecx/promod-vitrine.git
   52bcb8e..cd71056  main -> main
12 ofertas escritas em index.html.
Vitrine publicada com sucesso.
[main c014016] Atualiza vitrine - 09/09/2026 08:00
 2 files changed, 96 insertions(+), 92 deletions(-)
To github.com:gestordecx/promod-vitrine.git
   cd71056..c014016  main -> main
12 ofertas escritas em index.html.
Vitrine publicada com sucesso.
[main 32e06f5] Atualiza vitrine - 09/09/2026 08:15
 2 files changed, 102 insertions(+), 93 deletions(-)
To github.com:gestordecx/promod-vitrine.git
   c014016..32e06f5  main -> main
12 ofertas escritas em index.html.
Vitrine publicada com sucesso.
[main b4882a0] Atualiza vitrine - 09/09/2026 08:30
 2 files changed, 76 insertions(+), 70 deletions(-)
To github.com:gestordecx/promod-vitrine.git
   32e06f5..b4882a0  main -> main
12 ofertas escritas em index.html.
Vitrine publicada com sucesso.
[main cd6e469] Atualiza vitrine - 09/09/2026 08:45
 2 files changed, 97 insertions(+), 95 deletions(-)
To github.com:gestordecx/promod-vitrine.git
   b4882a0..cd6e469  main -> main
12 ofertas escritas em index.html.
Vitrine publicada com sucesso.
[main 44aaf43] Atualiza vitrine - 09/09/2026 09:00
 2 files changed, 88 insertions(+), 82 deletions(-)
To github.com:gestordecx/promod-vitrine.git
   cd6e469..44aaf43  main -> main
12 ofertas escritas em index.html.
Vitrine publicada com sucesso.
[main cf2068f] Atualiza vitrine - 09/09/2026 09:15
 2 files changed, 90 insertions(+), 84 deletions(-)
To github.com:gestordecx/promod-vitrine.git
   44aaf43..cf2068f  main -> main
12 ofertas escritas em index.html.
Vitrine publicada com sucesso.
[main 3b2d4d6] Atualiza vitrine - 09/09/2026 09:30
 2 files changed, 68 insertions(+), 62 deletions(-)
To github.com:gestordecx/promod-vitrine.git
   cf2068f..3b2d4d6  main -> main
12 ofertas escritas em index.html.
Vitrine publicada com sucesso.
[main 82408ce] Atualiza vitrine - 09/09/2026 09:45
 2 files changed, 105 insertions(+), 92 deletions(-)
To github.com:gestordecx/promod-vitrine.git
   3b2d4d6..82408ce  main -> main
12 ofertas escritas em index.html.
Vitrine publicada com sucesso.
[main a276377] Atualiza vitrine - 09/09/2026 10:00
 2 files changed, 93 insertions(+), 87 deletions(-)
To github.com:gestordecx/promod-vitrine.git
   82408ce..a276377  main -> main
12 ofertas escritas em index.html.
Vitrine publicada com sucesso.
[main a9b4304] Atualiza vitrine - 09/09/2026 10:15
 2 files changed, 81 insertions(+), 75 deletions(-)
To github.com:gestordecx/promod-vitrine.git
   a276377..a9b4304  main -> main
12 ofertas escritas em index.html.
Vitrine publicada com sucesso.
[main b7695e0] Atualiza vitrine - 09/09/2026 10:30
 2 files changed, 87 insertions(+), 81 deletions(-)
To github.com:gestordecx/promod-vitrine.git
   a9b4304..b7695e0  main -> main
12 ofertas escritas em index.html.
Vitrine publicada com sucesso.
[main 46c587c] Atualiza vitrine - 09/09/2026 10:45
 2 files changed, 57 insertions(+), 49 deletions(-)
To github.com:gestordecx/promod-vitrine.git
   b7695e0..46c587c  main -> main
12 ofertas escritas em index.html.
Vitrine publicada com sucesso.
[main 4ab7369] Atualiza vitrine - 09/09/2026 11:00
 2 files changed, 55 insertions(+), 49 deletions(-)
To github.com:gestordecx/promod-vitrine.git
   46c587c..4ab7369  main -> main
12 ofertas escritas em index.html.
Vitrine publicada com sucesso.
[main 5cc3f7f] Atualiza vitrine - 09/09/2026 11:15
 2 files changed, 88 insertions(+), 86 deletions(-)
To github.com:gestordecx/promod-vitrine.git
   4ab7369..5cc3f7f  main -> main
12 ofertas escritas em index.html.
Vitrine publicada com sucesso.
[main e565e8d] Atualiza vitrine - 09/09/2026 11:30
 2 files changed, 79 insertions(+), 72 deletions(-)
To github.com:gestordecx/promod-vitrine.git
   5cc3f7f..e565e8d  main -> main
12 ofertas escritas em index.html.
Vitrine publicada com sucesso.
[main f757d28] Atualiza vitrine - 09/09/2026 11:45
 2 files changed, 99 insertions(+), 98 deletions(-)
To github.com:gestordecx/promod-vitrine.git
   e565e8d..f757d28  main -> main
12 ofertas escritas em index.html.
Vitrine publicada com sucesso.
[main 9439d63] Atualiza vitrine - 09/09/2026 12:00
 2 files changed, 94 insertions(+), 89 deletions(-)
To github.com:gestordecx/promod-vitrine.git
   f757d28..9439d63  main -> main
12 ofertas escritas em index.html.
Vitrine publicada com sucesso.
[main 1558209] Atualiza vitrine - 09/09/2026 12:15
 2 files changed, 102 insertions(+), 92 deletions(-)
To github.com:gestordecx/promod-vitrine.git
   9439d63..1558209  main -> main
12 ofertas escritas em index.html.
Vitrine publicada com sucesso.
[main ce6f055] Atualiza vitrine - 09/09/2026 12:30
 2 files changed, 93 insertions(+), 87 deletions(-)
To github.com:gestordecx/promod-vitrine.git
   1558209..ce6f055  main -> main
12 ofertas escritas em index.html.
Vitrine publicada com sucesso.
[main e1846d9] Atualiza vitrine - 09/09/2026 12:45
 2 files changed, 103 insertions(+), 95 deletions(-)
To github.com:gestordecx/promod-vitrine.git
   ce6f055..e1846d9  main -> main
12 ofertas escritas em index.html.
Vitrine publicada com sucesso.
[main 18d7310] Atualiza vitrine - 09/09/2026 13:00
 2 files changed, 82 insertions(+), 77 deletions(-)
To github.com:gestordecx/promod-vitrine.git
   e1846d9..18d7310  main -> main
12 ofertas escritas em index.html.
Vitrine publicada com sucesso.
[main 1853f36] Atualiza vitrine - 09/09/2026 13:15
 2 files changed, 84 insertions(+), 77 deletions(-)
To github.com:gestordecx/promod-vitrine.git
   18d7310..1853f36  main -> main
12 ofertas escritas em index.html.
Vitrine publicada com sucesso.
[main f2507d5] Atualiza vitrine - 09/09/2026 13:30
 2 files changed, 94 insertions(+), 89 deletions(-)
To github.com:gestordecx/promod-vitrine.git
   1853f36..f2507d5  main -> main
12 ofertas escritas em index.html.
Vitrine publicada com sucesso.
[main 885ecb3] Atualiza vitrine - 09/09/2026 13:45
 2 files changed, 104 insertions(+), 98 deletions(-)
To github.com:gestordecx/promod-vitrine.git
   f2507d5..885ecb3  main -> main
12 ofertas escritas em index.html.
Vitrine publicada com sucesso.
[main 68a71cd] Atualiza vitrine - 09/09/2026 14:00
 2 files changed, 92 insertions(+), 90 deletions(-)
To github.com:gestordecx/promod-vitrine.git
   885ecb3..68a71cd  main -> main
12 ofertas escritas em index.html.
Vitrine publicada com sucesso.
[main fb83c09] Atualiza vitrine - 09/09/2026 14:15
 2 files changed, 102 insertions(+), 96 deletions(-)
To github.com:gestordecx/promod-vitrine.git
   68a71cd..fb83c09  main -> main
12 ofertas escritas em index.html.
Vitrine publicada com sucesso.
[main c8a8673] Atualiza vitrine - 09/09/2026 14:30
 2 files changed, 64 insertions(+), 58 deletions(-)
To github.com:gestordecx/promod-vitrine.git
   fb83c09..c8a8673  main -> main
12 ofertas escritas em index.html.
Vitrine publicada com sucesso.
[main 04fafb4] Atualiza vitrine - 09/09/2026 14:45
 2 files changed, 91 insertions(+), 86 deletions(-)
To github.com:gestordecx/promod-vitrine.git
   c8a8673..04fafb4  main -> main
12 ofertas escritas em index.html.
Vitrine publicada com sucesso.
[main 6696a07] Atualiza vitrine - 09/09/2026 15:00
 2 files changed, 100 insertions(+), 92 deletions(-)
To github.com:gestordecx/promod-vitrine.git
   04fafb4..6696a07  main -> main
12 ofertas escritas em index.html.
Vitrine publicada com sucesso.
[main bbe711e] Atualiza vitrine - 09/09/2026 15:15
 2 files changed, 84 insertions(+), 77 deletions(-)
To github.com:gestordecx/promod-vitrine.git
   6696a07..bbe711e  main -> main
12 ofertas escritas em index.html.
Vitrine publicada com sucesso.
[main 8adabcb] Atualiza vitrine - 09/09/2026 15:30
 2 files changed, 70 insertions(+), 65 deletions(-)
To github.com:gestordecx/promod-vitrine.git
   bbe711e..8adabcb  main -> main
12 ofertas escritas em index.html.
Vitrine publicada com sucesso.
[main b9e8c8f] Atualiza vitrine - 09/09/2026 15:45
 2 files changed, 94 insertions(+), 85 deletions(-)
To github.com:gestordecx/promod-vitrine.git
   8adabcb..b9e8c8f  main -> main
12 ofertas escritas em index.html.
Vitrine publicada com sucesso.
[main 2f55520] Atualiza vitrine - 09/09/2026 16:00
 2 files changed, 7 insertions(+), 1 deletion(-)
To github.com:gestordecx/promod-vitrine.git
   b9e8c8f..2f55520  main -> main
12 ofertas escritas em index.html.
Vitrine publicada com sucesso.
[main 52d6dff] Atualiza vitrine - 09/09/2026 16:15
 2 files changed, 7 insertions(+), 1 deletion(-)
To github.com:gestordecx/promod-vitrine.git
   2f55520..52d6dff  main -> main
12 ofertas escritas em index.html.
Vitrine publicada com sucesso.
[main 2f2b4c4] Atualiza vitrine - 09/09/2026 16:30
 2 files changed, 7 insertions(+), 1 deletion(-)
To github.com:gestordecx/promod-vitrine.git
   52d6dff..2f2b4c4  main -> main
12 ofertas escritas em index.html.
Vitrine publicada com sucesso.
[main c1f433f] Atualiza vitrine - 09/09/2026 16:45
 2 files changed, 7 insertions(+), 1 deletion(-)
To github.com:gestordecx/promod-vitrine.git
   2f2b4c4..c1f433f  main -> main
12 ofertas escritas em index.html.
Vitrine publicada com sucesso.
[main 26e78dc] Atualiza vitrine - 09/09/2026 17:00
 2 files changed, 7 insertions(+), 1 deletion(-)
To github.com:gestordecx/promod-vitrine.git
   c1f433f..26e78dc  main -> main
12 ofertas escritas em index.html.
Vitrine publicada com sucesso.
[main cc901a2] Atualiza vitrine - 09/09/2026 17:15
 2 files changed, 7 insertions(+), 1 deletion(-)
To github.com:gestordecx/promod-vitrine.git
   26e78dc..cc901a2  main -> main
12 ofertas escritas em index.html.
Vitrine publicada com sucesso.
[main a14a4f6] Atualiza vitrine - 09/09/2026 17:30
 2 files changed, 7 insertions(+), 1 deletion(-)
To github.com:gestordecx/promod-vitrine.git
   cc901a2..a14a4f6  main -> main
12 ofertas escritas em index.html.
Vitrine publicada com sucesso.
[main 0f274c0] Atualiza vitrine - 09/09/2026 17:45
 2 files changed, 23 insertions(+), 17 deletions(-)
To github.com:gestordecx/promod-vitrine.git
   a14a4f6..0f274c0  main -> main
12 ofertas escritas em index.html.
Vitrine publicada com sucesso.
[main 5e794d1] Atualiza vitrine - 09/09/2026 18:00
 2 files changed, 7 insertions(+), 1 deletion(-)
To github.com:gestordecx/promod-vitrine.git
   0f274c0..5e794d1  main -> main
12 ofertas escritas em index.html.
Vitrine publicada com sucesso.
[main 111039b] Atualiza vitrine - 09/09/2026 18:15
 2 files changed, 7 insertions(+), 1 deletion(-)
To github.com:gestordecx/promod-vitrine.git
   5e794d1..111039b  main -> main
12 ofertas escritas em index.html.
Vitrine publicada com sucesso.
[main fe5deb4] Atualiza vitrine - 09/09/2026 18:30
 2 files changed, 7 insertions(+), 1 deletion(-)
To github.com:gestordecx/promod-vitrine.git
   111039b..fe5deb4  main -> main
12 ofertas escritas em index.html.
Vitrine publicada com sucesso.
[main f30096a] Atualiza vitrine - 09/09/2026 18:45
 2 files changed, 7 insertions(+), 1 deletion(-)
To github.com:gestordecx/promod-vitrine.git
   fe5deb4..f30096a  main -> main
12 ofertas escritas em index.html.
Vitrine publicada com sucesso.
[main f7ff555] Atualiza vitrine - 09/09/2026 19:00
 2 files changed, 7 insertions(+), 1 deletion(-)
To github.com:gestordecx/promod-vitrine.git
   f30096a..f7ff555  main -> main
12 ofertas escritas em index.html.
Vitrine publicada com sucesso.
[main 52c9f4c] Atualiza vitrine - 09/09/2026 19:15
 2 files changed, 7 insertions(+), 1 deletion(-)
To github.com:gestordecx/promod-vitrine.git
   f7ff555..52c9f4c  main -> main
12 ofertas escritas em index.html.
Vitrine publicada com sucesso.
[main 10d1fa6] Atualiza vitrine - 09/09/2026 19:30
 2 files changed, 7 insertions(+), 1 deletion(-)
To github.com:gestordecx/promod-vitrine.git
   52c9f4c..10d1fa6  main -> main
12 ofertas escritas em index.html.
Vitrine publicada com sucesso.
[main 2b14d38] Atualiza vitrine - 09/09/2026 19:45
 2 files changed, 7 insertions(+), 1 deletion(-)
To github.com:gestordecx/promod-vitrine.git
   10d1fa6..2b14d38  main -> main
12 ofertas escritas em index.html.
Vitrine publicada com sucesso.
[main 3848152] Atualiza vitrine - 09/09/2026 20:00
 2 files changed, 7 insertions(+), 1 deletion(-)
To github.com:gestordecx/promod-vitrine.git
   2b14d38..3848152  main -> main
12 ofertas escritas em index.html.
Vitrine publicada com sucesso.
[main 2edf8f5] Atualiza vitrine - 09/09/2026 20:15
 2 files changed, 7 insertions(+), 1 deletion(-)
To github.com:gestordecx/promod-vitrine.git
   3848152..2edf8f5  main -> main
12 ofertas escritas em index.html.
Vitrine publicada com sucesso.
[main 81e8a08] Atualiza vitrine - 09/09/2026 20:30
 2 files changed, 7 insertions(+), 1 deletion(-)
To github.com:gestordecx/promod-vitrine.git
   2edf8f5..81e8a08  main -> main
12 ofertas escritas em index.html.
Vitrine publicada com sucesso.
[main 9607e13] Atualiza vitrine - 09/09/2026 20:45
 2 files changed, 54 insertions(+), 49 deletions(-)
To github.com:gestordecx/promod-vitrine.git
   81e8a08..9607e13  main -> main
12 ofertas escritas em index.html.
Vitrine publicada com sucesso.
[main 1a6f14e] Atualiza vitrine - 09/09/2026 21:00
 2 files changed, 35 insertions(+), 29 deletions(-)
To github.com:gestordecx/promod-vitrine.git
   9607e13..1a6f14e  main -> main
12 ofertas escritas em index.html.
Vitrine publicada com sucesso.
[main 35442f3] Atualiza vitrine - 09/09/2026 21:15
 2 files changed, 55 insertions(+), 49 deletions(-)
To github.com:gestordecx/promod-vitrine.git
   1a6f14e..35442f3  main -> main
12 ofertas escritas em index.html.
Vitrine publicada com sucesso.
[main 26ae5f0] Atualiza vitrine - 09/09/2026 21:30
 2 files changed, 42 insertions(+), 36 deletions(-)
To github.com:gestordecx/promod-vitrine.git
   35442f3..26ae5f0  main -> main
12 ofertas escritas em index.html.
Vitrine publicada com sucesso.
[main d2e08f9] Atualiza vitrine - 09/09/2026 21:45
 2 files changed, 33 insertions(+), 27 deletions(-)
To github.com:gestordecx/promod-vitrine.git
   26ae5f0..d2e08f9  main -> main
12 ofertas escritas em index.html.
Vitrine publicada com sucesso.
[main c1e4375] Atualiza vitrine - 09/09/2026 22:00
 2 files changed, 23 insertions(+), 17 deletions(-)
To github.com:gestordecx/promod-vitrine.git
   d2e08f9..c1e4375  main -> main
12 ofertas escritas em index.html.
Vitrine publicada com sucesso.
[main c685041] Atualiza vitrine - 09/09/2026 22:15
 2 files changed, 7 insertions(+), 1 deletion(-)
To github.com:gestordecx/promod-vitrine.git
   c1e4375..c685041  main -> main
12 ofertas escritas em index.html.
Vitrine publicada com sucesso.
[main fcd14ec] Atualiza vitrine - 09/09/2026 22:30
 2 files changed, 7 insertions(+), 1 deletion(-)
To github.com:gestordecx/promod-vitrine.git
   c685041..fcd14ec  main -> main
12 ofertas escritas em index.html.
Vitrine publicada com sucesso.
[main fa5c743] Atualiza vitrine - 09/09/2026 22:45
 2 files changed, 7 insertions(+), 1 deletion(-)
To github.com:gestordecx/promod-vitrine.git
   fcd14ec..fa5c743  main -> main
12 ofertas escritas em index.html.
Vitrine publicada com sucesso.
[main 527b6c2] Atualiza vitrine - 09/09/2026 23:00
 2 files changed, 7 insertions(+), 1 deletion(-)
To github.com:gestordecx/promod-vitrine.git
   fa5c743..527b6c2  main -> main
12 ofertas escritas em index.html.
Vitrine publicada com sucesso.
[main f9f4051] Atualiza vitrine - 09/09/2026 23:15
 2 files changed, 7 insertions(+), 1 deletion(-)
To github.com:gestordecx/promod-vitrine.git
   527b6c2..f9f4051  main -> main
12 ofertas escritas em index.html.
Vitrine publicada com sucesso.
[main 130f682] Atualiza vitrine - 09/09/2026 23:30
 2 files changed, 7 insertions(+), 1 deletion(-)
To github.com:gestordecx/promod-vitrine.git
   f9f4051..130f682  main -> main
12 ofertas escritas em index.html.
Vitrine publicada com sucesso.
[main d9a728c] Atualiza vitrine - 09/09/2026 23:45
 2 files changed, 7 insertions(+), 1 deletion(-)
To github.com:gestordecx/promod-vitrine.git
   130f682..d9a728c  main -> main
12 ofertas escritas em index.html.
Vitrine publicada com sucesso.
[main a88c99f] Atualiza vitrine - 10/09/2026 00:00
 2 files changed, 7 insertions(+), 1 deletion(-)
To github.com:gestordecx/promod-vitrine.git
   d9a728c..a88c99f  main -> main
12 ofertas escritas em index.html.
Vitrine publicada com sucesso.
[main f84958a] Atualiza vitrine - 10/09/2026 00:15
 2 files changed, 39 insertions(+), 33 deletions(-)
To github.com:gestordecx/promod-vitrine.git
   a88c99f..f84958a  main -> main
12 ofertas escritas em index.html.
Vitrine publicada com sucesso.
[main 00dcdc4] Atualiza vitrine - 10/09/2026 00:30
 2 files changed, 70 insertions(+), 66 deletions(-)
To github.com:gestordecx/promod-vitrine.git
   f84958a..00dcdc4  main -> main
12 ofertas escritas em index.html.
Vitrine publicada com sucesso.
[main c611b92] Atualiza vitrine - 10/09/2026 00:45
 2 files changed, 66 insertions(+), 60 deletions(-)
To github.com:gestordecx/promod-vitrine.git
   00dcdc4..c611b92  main -> main
12 ofertas escritas em index.html.
Vitrine publicada com sucesso.
[main ea2fedf] Atualiza vitrine - 10/09/2026 01:00
 2 files changed, 58 insertions(+), 54 deletions(-)
To github.com:gestordecx/promod-vitrine.git
   c611b92..ea2fedf  main -> main
12 ofertas escritas em index.html.
Vitrine publicada com sucesso.
[main 793bd49] Atualiza vitrine - 10/09/2026 01:15
 2 files changed, 55 insertions(+), 49 deletions(-)
To github.com:gestordecx/promod-vitrine.git
   ea2fedf..793bd49  main -> main
12 ofertas escritas em index.html.
Vitrine publicada com sucesso.
[main 7e12fd8] Atualiza vitrine - 10/09/2026 01:30
 2 files changed, 23 insertions(+), 17 deletions(-)
To github.com:gestordecx/promod-vitrine.git
   793bd49..7e12fd8  main -> main
12 ofertas escritas em index.html.
Vitrine publicada com sucesso.
[main 9d67a34] Atualiza vitrine - 10/09/2026 01:45
 2 files changed, 7 insertions(+), 1 deletion(-)
To github.com:gestordecx/promod-vitrine.git
   7e12fd8..9d67a34  main -> main
12 ofertas escritas em index.html.
Vitrine publicada com sucesso.
[main f70c22a] Atualiza vitrine - 10/09/2026 02:00
 2 files changed, 7 insertions(+), 1 deletion(-)
To github.com:gestordecx/promod-vitrine.git
   9d67a34..f70c22a  main -> main
12 ofertas escritas em index.html.
Vitrine publicada com sucesso.
[main 46855b9] Atualiza vitrine - 10/09/2026 02:15
 2 files changed, 23 insertions(+), 17 deletions(-)
To github.com:gestordecx/promod-vitrine.git
   f70c22a..46855b9  main -> main
12 ofertas escritas em index.html.
Vitrine publicada com sucesso.
[main df03ee3] Atualiza vitrine - 10/09/2026 02:30
 2 files changed, 33 insertions(+), 27 deletions(-)
To github.com:gestordecx/promod-vitrine.git
   46855b9..df03ee3  main -> main
12 ofertas escritas em index.html.
Vitrine publicada com sucesso.
[main 4e6f3a8] Atualiza vitrine - 10/09/2026 02:45
 2 files changed, 7 insertions(+), 1 deletion(-)
To github.com:gestordecx/promod-vitrine.git
   df03ee3..4e6f3a8  main -> main
12 ofertas escritas em index.html.
Vitrine publicada com sucesso.
[main 7bc041d] Atualiza vitrine - 10/09/2026 03:00
 2 files changed, 23 insertions(+), 17 deletions(-)
To github.com:gestordecx/promod-vitrine.git
   4e6f3a8..7bc041d  main -> main
12 ofertas escritas em index.html.
Vitrine publicada com sucesso.
[main c18c37e] Atualiza vitrine - 10/09/2026 03:15
 2 files changed, 7 insertions(+), 1 deletion(-)
To github.com:gestordecx/promod-vitrine.git
   7bc041d..c18c37e  main -> main
12 ofertas escritas em index.html.
Vitrine publicada com sucesso.
[main b807f9f] Atualiza vitrine - 10/09/2026 03:30
 2 files changed, 7 insertions(+), 1 deletion(-)
To github.com:gestordecx/promod-vitrine.git
   c18c37e..b807f9f  main -> main
12 ofertas escritas em index.html.
Vitrine publicada com sucesso.
[main f00deff] Atualiza vitrine - 10/09/2026 03:45
 2 files changed, 23 insertions(+), 17 deletions(-)
To github.com:gestordecx/promod-vitrine.git
   b807f9f..f00deff  main -> main
12 ofertas escritas em index.html.
Vitrine publicada com sucesso.
[main 021f511] Atualiza vitrine - 10/09/2026 04:00
 2 files changed, 39 insertions(+), 33 deletions(-)
To github.com:gestordecx/promod-vitrine.git
   f00deff..021f511  main -> main
12 ofertas escritas em index.html.
Vitrine publicada com sucesso.
[main c432669] Atualiza vitrine - 10/09/2026 04:15
 2 files changed, 7 insertions(+), 1 deletion(-)
To github.com:gestordecx/promod-vitrine.git
   021f511..c432669  main -> main
12 ofertas escritas em index.html.
Vitrine publicada com sucesso.
[main dbf6b36] Atualiza vitrine - 10/09/2026 04:30
 2 files changed, 7 insertions(+), 1 deletion(-)
To github.com:gestordecx/promod-vitrine.git
   c432669..dbf6b36  main -> main
12 ofertas escritas em index.html.
Vitrine publicada com sucesso.
[main 33e49e0] Atualiza vitrine - 10/09/2026 04:45
 2 files changed, 7 insertions(+), 1 deletion(-)
To github.com:gestordecx/promod-vitrine.git
   dbf6b36..33e49e0  main -> main
12 ofertas escritas em index.html.
Vitrine publicada com sucesso.
[main b9217bb] Atualiza vitrine - 10/09/2026 05:00
 2 files changed, 7 insertions(+), 1 deletion(-)
To github.com:gestordecx/promod-vitrine.git
   33e49e0..b9217bb  main -> main
12 ofertas escritas em index.html.
Vitrine publicada com sucesso.
[main b62449a] Atualiza vitrine - 10/09/2026 05:15
 2 files changed, 55 insertions(+), 49 deletions(-)
To github.com:gestordecx/promod-vitrine.git
   b9217bb..b62449a  main -> main
12 ofertas escritas em index.html.
Vitrine publicada com sucesso.
[main dd438b6] Atualiza vitrine - 10/09/2026 05:30
 2 files changed, 39 insertions(+), 33 deletions(-)
To github.com:gestordecx/promod-vitrine.git
   b62449a..dd438b6  main -> main
12 ofertas escritas em index.html.
Vitrine publicada com sucesso.
[main d88d40b] Atualiza vitrine - 10/09/2026 05:45
 2 files changed, 7 insertions(+), 1 deletion(-)
To github.com:gestordecx/promod-vitrine.git
   dd438b6..d88d40b  main -> main
12 ofertas escritas em index.html.
Vitrine publicada com sucesso.
[main c466c28] Atualiza vitrine - 10/09/2026 06:00
 2 files changed, 7 insertions(+), 1 deletion(-)
To github.com:gestordecx/promod-vitrine.git
   d88d40b..c466c28  main -> main
12 ofertas escritas em index.html.
Vitrine publicada com sucesso.
[main ae7c37f] Atualiza vitrine - 10/09/2026 06:15
 2 files changed, 61 insertions(+), 55 deletions(-)
To github.com:gestordecx/promod-vitrine.git
   c466c28..ae7c37f  main -> main
12 ofertas escritas em index.html.
Vitrine publicada com sucesso.
[main e4fa0fe] Atualiza vitrine - 10/09/2026 06:30
 2 files changed, 7 insertions(+), 1 deletion(-)
To github.com:gestordecx/promod-vitrine.git
   ae7c37f..e4fa0fe  main -> main
12 ofertas escritas em index.html.
Vitrine publicada com sucesso.
[main c469a76] Atualiza vitrine - 10/09/2026 06:45
 2 files changed, 39 insertions(+), 33 deletions(-)
To github.com:gestordecx/promod-vitrine.git
   e4fa0fe..c469a76  main -> main
12 ofertas escritas em index.html.
Vitrine publicada com sucesso.
[main 43084a9] Atualiza vitrine - 10/09/2026 07:00
 2 files changed, 23 insertions(+), 17 deletions(-)
To github.com:gestordecx/promod-vitrine.git
   c469a76..43084a9  main -> main
12 ofertas escritas em index.html.
Vitrine publicada com sucesso.
[main 4b4ceb3] Atualiza vitrine - 10/09/2026 07:15
 2 files changed, 94 insertions(+), 88 deletions(-)
To github.com:gestordecx/promod-vitrine.git
   43084a9..4b4ceb3  main -> main
12 ofertas escritas em index.html.
Vitrine publicada com sucesso.
[main 7d05bab] Atualiza vitrine - 10/09/2026 07:30
 2 files changed, 24 insertions(+), 17 deletions(-)
To github.com:gestordecx/promod-vitrine.git
   4b4ceb3..7d05bab  main -> main
12 ofertas escritas em index.html.
Vitrine publicada com sucesso.
[main 0c4040f] Atualiza vitrine - 10/09/2026 07:45
 2 files changed, 87 insertions(+), 81 deletions(-)
To github.com:gestordecx/promod-vitrine.git
   7d05bab..0c4040f  main -> main
12 ofertas escritas em index.html.
Vitrine publicada com sucesso.
[main e208301] Atualiza vitrine - 10/09/2026 08:00
 2 files changed, 50 insertions(+), 44 deletions(-)
To github.com:gestordecx/promod-vitrine.git
   0c4040f..e208301  main -> main
12 ofertas escritas em index.html.
Vitrine publicada com sucesso.
[main c7de4eb] Atualiza vitrine - 10/09/2026 08:15
 2 files changed, 44 insertions(+), 38 deletions(-)
To github.com:gestordecx/promod-vitrine.git
   e208301..c7de4eb  main -> main
12 ofertas escritas em index.html.
Vitrine publicada com sucesso.
[main 4c72fa1] Atualiza vitrine - 10/09/2026 08:30
 2 files changed, 39 insertions(+), 34 deletions(-)
To github.com:gestordecx/promod-vitrine.git
   c7de4eb..4c72fa1  main -> main
12 ofertas escritas em index.html.
Vitrine publicada com sucesso.
[main 0423fcd] Atualiza vitrine - 10/09/2026 08:45
 2 files changed, 55 insertions(+), 49 deletions(-)
To github.com:gestordecx/promod-vitrine.git
   4c72fa1..0423fcd  main -> main
12 ofertas escritas em index.html.
Vitrine publicada com sucesso.
[main 96da5b7] Atualiza vitrine - 10/09/2026 09:00
 2 files changed, 71 insertions(+), 65 deletions(-)
To github.com:gestordecx/promod-vitrine.git
   0423fcd..96da5b7  main -> main
12 ofertas escritas em index.html.
Vitrine publicada com sucesso.
[main a5380e2] Atualiza vitrine - 10/09/2026 09:15
 2 files changed, 66 insertions(+), 60 deletions(-)
To github.com:gestordecx/promod-vitrine.git
   96da5b7..a5380e2  main -> main
12 ofertas escritas em index.html.
Vitrine publicada com sucesso.
[main ee65f06] Atualiza vitrine - 10/09/2026 09:30
 2 files changed, 53 insertions(+), 47 deletions(-)
To github.com:gestordecx/promod-vitrine.git
   a5380e2..ee65f06  main -> main
12 ofertas escritas em index.html.
Vitrine publicada com sucesso.
[main 2211be3] Atualiza vitrine - 10/09/2026 09:45
 2 files changed, 67 insertions(+), 61 deletions(-)
To github.com:gestordecx/promod-vitrine.git
   ee65f06..2211be3  main -> main
12 ofertas escritas em index.html.
Vitrine publicada com sucesso.
[main be659da] Atualiza vitrine - 10/09/2026 10:00
 2 files changed, 23 insertions(+), 17 deletions(-)
To github.com:gestordecx/promod-vitrine.git
   2211be3..be659da  main -> main
12 ofertas escritas em index.html.
Vitrine publicada com sucesso.
[main c9ce0c1] Atualiza vitrine - 10/09/2026 10:15
 2 files changed, 72 insertions(+), 64 deletions(-)
To github.com:gestordecx/promod-vitrine.git
   be659da..c9ce0c1  main -> main
12 ofertas escritas em index.html.
Vitrine publicada com sucesso.
[main f77ece6] Atualiza vitrine - 10/09/2026 10:30
 2 files changed, 100 insertions(+), 96 deletions(-)
To github.com:gestordecx/promod-vitrine.git
   c9ce0c1..f77ece6  main -> main
12 ofertas escritas em index.html.
Vitrine publicada com sucesso.
[main 72346e8] Atualiza vitrine - 10/09/2026 10:45
 2 files changed, 100 insertions(+), 94 deletions(-)
To github.com:gestordecx/promod-vitrine.git
   f77ece6..72346e8  main -> main
12 ofertas escritas em index.html.
Vitrine publicada com sucesso.
[main 6bf00ef] Atualiza vitrine - 10/09/2026 11:00
 2 files changed, 99 insertions(+), 91 deletions(-)
To github.com:gestordecx/promod-vitrine.git
   72346e8..6bf00ef  main -> main
12 ofertas escritas em index.html.
Vitrine publicada com sucesso.
[main 821bac8] Atualiza vitrine - 10/09/2026 11:15
 2 files changed, 55 insertions(+), 49 deletions(-)
To github.com:gestordecx/promod-vitrine.git
   6bf00ef..821bac8  main -> main
12 ofertas escritas em index.html.
Vitrine publicada com sucesso.
[main f1a55da] Atualiza vitrine - 10/09/2026 11:30
 2 files changed, 98 insertions(+), 94 deletions(-)
To github.com:gestordecx/promod-vitrine.git
   821bac8..f1a55da  main -> main
12 ofertas escritas em index.html.
Vitrine publicada com sucesso.
[main a5a0867] Atualiza vitrine - 10/09/2026 11:45
 2 files changed, 76 insertions(+), 70 deletions(-)
To github.com:gestordecx/promod-vitrine.git
   f1a55da..a5a0867  main -> main
12 ofertas escritas em index.html.
Vitrine publicada com sucesso.
[main 8d5d788] Atualiza vitrine - 10/09/2026 12:00
 2 files changed, 39 insertions(+), 33 deletions(-)
To github.com:gestordecx/promod-vitrine.git
   a5a0867..8d5d788  main -> main
12 ofertas escritas em index.html.
Vitrine publicada com sucesso.
[main 869e3d6] Atualiza vitrine - 10/09/2026 12:15
 2 files changed, 66 insertions(+), 60 deletions(-)
To github.com:gestordecx/promod-vitrine.git
   8d5d788..869e3d6  main -> main
12 ofertas escritas em index.html.
Vitrine publicada com sucesso.
[main 9adec10] Atualiza vitrine - 10/09/2026 12:30
 2 files changed, 84 insertions(+), 76 deletions(-)
To github.com:gestordecx/promod-vitrine.git
   869e3d6..9adec10  main -> main
12 ofertas escritas em index.html.
Vitrine publicada com sucesso.
[main 3faa4f5] Atualiza vitrine - 10/09/2026 12:45
 2 files changed, 78 insertions(+), 72 deletions(-)
To github.com:gestordecx/promod-vitrine.git
   9adec10..3faa4f5  main -> main
12 ofertas escritas em index.html.
Vitrine publicada com sucesso.
[main 7023b63] Atualiza vitrine - 10/09/2026 13:00
 2 files changed, 65 insertions(+), 59 deletions(-)
To github.com:gestordecx/promod-vitrine.git
   3faa4f5..7023b63  main -> main
12 ofertas escritas em index.html.
Vitrine publicada com sucesso.
[main d0c3dae] Atualiza vitrine - 10/09/2026 13:15
 2 files changed, 53 insertions(+), 47 deletions(-)
To github.com:gestordecx/promod-vitrine.git
   7023b63..d0c3dae  main -> main
12 ofertas escritas em index.html.
Vitrine publicada com sucesso.
[main 892555f] Atualiza vitrine - 10/09/2026 13:30
 2 files changed, 49 insertions(+), 43 deletions(-)
To github.com:gestordecx/promod-vitrine.git
   d0c3dae..892555f  main -> main
12 ofertas escritas em index.html.
Vitrine publicada com sucesso.
[main fc79950] Atualiza vitrine - 10/09/2026 13:45
 2 files changed, 58 insertions(+), 51 deletions(-)
To github.com:gestordecx/promod-vitrine.git
   892555f..fc79950  main -> main
12 ofertas escritas em index.html.
Vitrine publicada com sucesso.
[main f6cb0d9] Atualiza vitrine - 10/09/2026 14:00
 2 files changed, 55 insertions(+), 49 deletions(-)
To github.com:gestordecx/promod-vitrine.git
   fc79950..f6cb0d9  main -> main
12 ofertas escritas em index.html.
Vitrine publicada com sucesso.
[main e4fb259] Atualiza vitrine - 10/09/2026 14:15
 2 files changed, 91 insertions(+), 83 deletions(-)
To github.com:gestordecx/promod-vitrine.git
   f6cb0d9..e4fb259  main -> main
12 ofertas escritas em index.html.
Vitrine publicada com sucesso.
[main c2fb38f] Atualiza vitrine - 10/09/2026 14:30
 2 files changed, 94 insertions(+), 89 deletions(-)
To github.com:gestordecx/promod-vitrine.git
   e4fb259..c2fb38f  main -> main
12 ofertas escritas em index.html.
Vitrine publicada com sucesso.
[main 78ac722] Atualiza vitrine - 10/09/2026 14:45
 2 files changed, 99 insertions(+), 91 deletions(-)
To github.com:gestordecx/promod-vitrine.git
   c2fb38f..78ac722  main -> main
12 ofertas escritas em index.html.
Vitrine publicada com sucesso.
[main 2cb56e3] Atualiza vitrine - 10/09/2026 15:00
 2 files changed, 76 insertions(+), 70 deletions(-)
To github.com:gestordecx/promod-vitrine.git
   78ac722..2cb56e3  main -> main
12 ofertas escritas em index.html.
Vitrine publicada com sucesso.
[main c92952d] Atualiza vitrine - 10/09/2026 15:15
 2 files changed, 89 insertions(+), 86 deletions(-)
To github.com:gestordecx/promod-vitrine.git
   2cb56e3..c92952d  main -> main
12 ofertas escritas em index.html.
Vitrine publicada com sucesso.
[main 31d776b] Atualiza vitrine - 10/09/2026 15:30
 2 files changed, 101 insertions(+), 98 deletions(-)
To github.com:gestordecx/promod-vitrine.git
   c92952d..31d776b  main -> main
12 ofertas escritas em index.html.
Vitrine publicada com sucesso.
[main b90c582] Atualiza vitrine - 10/09/2026 15:45
 2 files changed, 99 insertions(+), 93 deletions(-)
To github.com:gestordecx/promod-vitrine.git
   31d776b..b90c582  main -> main
12 ofertas escritas em index.html.
Vitrine publicada com sucesso.
[main 62cfdc1] Atualiza vitrine - 10/09/2026 16:00
 2 files changed, 64 insertions(+), 58 deletions(-)
To github.com:gestordecx/promod-vitrine.git
   b90c582..62cfdc1  main -> main
12 ofertas escritas em index.html.
Vitrine publicada com sucesso.
[main f77a420] Atualiza vitrine - 10/09/2026 16:15
 2 files changed, 70 insertions(+), 64 deletions(-)
To github.com:gestordecx/promod-vitrine.git
   62cfdc1..f77a420  main -> main
12 ofertas escritas em index.html.
Vitrine publicada com sucesso.
[main 63cd928] Atualiza vitrine - 10/09/2026 16:30
 2 files changed, 23 insertions(+), 17 deletions(-)
To github.com:gestordecx/promod-vitrine.git
   f77a420..63cd928  main -> main
12 ofertas escritas em index.html.
Vitrine publicada com sucesso.
[main 5bb0b6d] Atualiza vitrine - 10/09/2026 16:45
 2 files changed, 78 insertions(+), 71 deletions(-)
To github.com:gestordecx/promod-vitrine.git
   63cd928..5bb0b6d  main -> main
12 ofertas escritas em index.html.
Vitrine publicada com sucesso.
[main f0b9b98] Atualiza vitrine - 10/09/2026 17:00
 2 files changed, 93 insertions(+), 86 deletions(-)
To github.com:gestordecx/promod-vitrine.git
   5bb0b6d..f0b9b98  main -> main
12 ofertas escritas em index.html.
Vitrine publicada com sucesso.
[main 8ea8980] Atualiza vitrine - 10/09/2026 17:15
 2 files changed, 100 insertions(+), 94 deletions(-)
To github.com:gestordecx/promod-vitrine.git
   f0b9b98..8ea8980  main -> main
12 ofertas escritas em index.html.
Vitrine publicada com sucesso.
[main a14a524] Atualiza vitrine - 10/09/2026 17:30
 2 files changed, 71 insertions(+), 66 deletions(-)
To github.com:gestordecx/promod-vitrine.git
   8ea8980..a14a524  main -> main
12 ofertas escritas em index.html.
Vitrine publicada com sucesso.
[main b55ab79] Atualiza vitrine - 10/09/2026 17:45
 2 files changed, 84 insertions(+), 78 deletions(-)
To github.com:gestordecx/promod-vitrine.git
   a14a524..b55ab79  main -> main
12 ofertas escritas em index.html.
Vitrine publicada com sucesso.
[main db0c82d] Atualiza vitrine - 10/09/2026 18:00
 2 files changed, 7 insertions(+), 1 deletion(-)
To github.com:gestordecx/promod-vitrine.git
   b55ab79..db0c82d  main -> main
12 ofertas escritas em index.html.
Vitrine publicada com sucesso.
[main 726d0f8] Atualiza vitrine - 10/09/2026 18:15
 2 files changed, 7 insertions(+), 1 deletion(-)
To github.com:gestordecx/promod-vitrine.git
   db0c82d..726d0f8  main -> main
12 ofertas escritas em index.html.
Vitrine publicada com sucesso.
[main d748491] Atualiza vitrine - 10/09/2026 18:30
 2 files changed, 7 insertions(+), 1 deletion(-)
To github.com:gestordecx/promod-vitrine.git
   726d0f8..d748491  main -> main
12 ofertas escritas em index.html.
Vitrine publicada com sucesso.
[main 1c36c74] Atualiza vitrine - 10/09/2026 18:45
 2 files changed, 7 insertions(+), 1 deletion(-)
To github.com:gestordecx/promod-vitrine.git
   d748491..1c36c74  main -> main
12 ofertas escritas em index.html.
Vitrine publicada com sucesso.
[main b5f4b43] Atualiza vitrine - 10/09/2026 19:00
 2 files changed, 7 insertions(+), 1 deletion(-)
To github.com:gestordecx/promod-vitrine.git
   1c36c74..b5f4b43  main -> main
12 ofertas escritas em index.html.
Vitrine publicada com sucesso.
[main f364a17] Atualiza vitrine - 10/09/2026 19:15
 2 files changed, 23 insertions(+), 18 deletions(-)
To github.com:gestordecx/promod-vitrine.git
   b5f4b43..f364a17  main -> main
12 ofertas escritas em index.html.
Vitrine publicada com sucesso.
[main 8ae4e8d] Atualiza vitrine - 10/09/2026 19:30
 2 files changed, 7 insertions(+), 1 deletion(-)
To github.com:gestordecx/promod-vitrine.git
   f364a17..8ae4e8d  main -> main
12 ofertas escritas em index.html.
Vitrine publicada com sucesso.
[main 9df086a] Atualiza vitrine - 10/09/2026 19:45
 2 files changed, 7 insertions(+), 1 deletion(-)
To github.com:gestordecx/promod-vitrine.git
   8ae4e8d..9df086a  main -> main
12 ofertas escritas em index.html.
Vitrine publicada com sucesso.
[main 928f24d] Atualiza vitrine - 10/09/2026 20:00
 2 files changed, 7 insertions(+), 1 deletion(-)
To github.com:gestordecx/promod-vitrine.git
   9df086a..928f24d  main -> main
12 ofertas escritas em index.html.
Vitrine publicada com sucesso.
[main e97c8f7] Atualiza vitrine - 10/09/2026 20:15
 2 files changed, 7 insertions(+), 1 deletion(-)
To github.com:gestordecx/promod-vitrine.git
   928f24d..e97c8f7  main -> main
12 ofertas escritas em index.html.
Vitrine publicada com sucesso.
[main b83ce30] Atualiza vitrine - 10/09/2026 20:30
 2 files changed, 7 insertions(+), 1 deletion(-)
To github.com:gestordecx/promod-vitrine.git
   e97c8f7..b83ce30  main -> main
12 ofertas escritas em index.html.
Vitrine publicada com sucesso.
[main 88ebd93] Atualiza vitrine - 10/09/2026 20:45
 2 files changed, 7 insertions(+), 1 deletion(-)
To github.com:gestordecx/promod-vitrine.git
   b83ce30..88ebd93  main -> main
12 ofertas escritas em index.html.
Vitrine publicada com sucesso.
[main cf90a02] Atualiza vitrine - 10/09/2026 21:00
 2 files changed, 7 insertions(+), 1 deletion(-)
To github.com:gestordecx/promod-vitrine.git
   88ebd93..cf90a02  main -> main
12 ofertas escritas em index.html.
Vitrine publicada com sucesso.
[main cf0b9f6] Atualiza vitrine - 10/09/2026 21:15
 2 files changed, 7 insertions(+), 1 deletion(-)
To github.com:gestordecx/promod-vitrine.git
   cf90a02..cf0b9f6  main -> main
12 ofertas escritas em index.html.
Vitrine publicada com sucesso.
[main 5d5fb50] Atualiza vitrine - 10/09/2026 21:30
 2 files changed, 7 insertions(+), 1 deletion(-)
To github.com:gestordecx/promod-vitrine.git
   cf0b9f6..5d5fb50  main -> main
12 ofertas escritas em index.html.
Vitrine publicada com sucesso.
[main 2bfe2d9] Atualiza vitrine - 10/09/2026 21:45
 2 files changed, 7 insertions(+), 1 deletion(-)
To github.com:gestordecx/promod-vitrine.git
   5d5fb50..2bfe2d9  main -> main
12 ofertas escritas em index.html.
Vitrine publicada com sucesso.
[main e40457b] Atualiza vitrine - 10/09/2026 22:00
 2 files changed, 7 insertions(+), 1 deletion(-)
To github.com:gestordecx/promod-vitrine.git
   2bfe2d9..e40457b  main -> main
12 ofertas escritas em index.html.
Vitrine publicada com sucesso.
[main 40a5ab2] Atualiza vitrine - 10/09/2026 22:15
 2 files changed, 7 insertions(+), 1 deletion(-)
To github.com:gestordecx/promod-vitrine.git
   e40457b..40a5ab2  main -> main
12 ofertas escritas em index.html.
Vitrine publicada com sucesso.
[main c94df4d] Atualiza vitrine - 10/09/2026 22:30
 2 files changed, 7 insertions(+), 1 deletion(-)
To github.com:gestordecx/promod-vitrine.git
   40a5ab2..c94df4d  main -> main
12 ofertas escritas em index.html.
Vitrine publicada com sucesso.
[main bc8ce3a] Atualiza vitrine - 10/09/2026 22:45
 2 files changed, 39 insertions(+), 33 deletions(-)
To github.com:gestordecx/promod-vitrine.git
   c94df4d..bc8ce3a  main -> main
12 ofertas escritas em index.html.
Vitrine publicada com sucesso.
[main faf8b63] Atualiza vitrine - 10/09/2026 23:00
 2 files changed, 7 insertions(+), 1 deletion(-)
To github.com:gestordecx/promod-vitrine.git
   bc8ce3a..faf8b63  main -> main
12 ofertas escritas em index.html.
Vitrine publicada com sucesso.
[main ae11b2f] Atualiza vitrine - 10/09/2026 23:15
 2 files changed, 7 insertions(+), 1 deletion(-)
To github.com:gestordecx/promod-vitrine.git
   faf8b63..ae11b2f  main -> main
12 ofertas escritas em index.html.
Vitrine publicada com sucesso.
[main 232495a] Atualiza vitrine - 10/09/2026 23:30
 2 files changed, 7 insertions(+), 1 deletion(-)
To github.com:gestordecx/promod-vitrine.git
   ae11b2f..232495a  main -> main
12 ofertas escritas em index.html.
Vitrine publicada com sucesso.
[main f31693e] Atualiza vitrine - 10/09/2026 23:45
 2 files changed, 7 insertions(+), 1 deletion(-)
To github.com:gestordecx/promod-vitrine.git
   232495a..f31693e  main -> main
12 ofertas escritas em index.html.
Vitrine publicada com sucesso.
[main c27ac6e] Atualiza vitrine - 11/09/2026 00:00
 2 files changed, 7 insertions(+), 1 deletion(-)
To github.com:gestordecx/promod-vitrine.git
   f31693e..c27ac6e  main -> main
12 ofertas escritas em index.html.
Vitrine publicada com sucesso.
[main f4d3391] Atualiza vitrine - 11/09/2026 00:15
 2 files changed, 80 insertions(+), 73 deletions(-)
To github.com:gestordecx/promod-vitrine.git
   c27ac6e..f4d3391  main -> main
12 ofertas escritas em index.html.
Vitrine publicada com sucesso.
[main 9048a20] Atualiza vitrine - 11/09/2026 00:30
 2 files changed, 89 insertions(+), 83 deletions(-)
To github.com:gestordecx/promod-vitrine.git
   f4d3391..9048a20  main -> main
12 ofertas escritas em index.html.
Vitrine publicada com sucesso.
[main 6600e85] Atualiza vitrine - 11/09/2026 00:45
 2 files changed, 75 insertions(+), 69 deletions(-)
To github.com:gestordecx/promod-vitrine.git
   9048a20..6600e85  main -> main
12 ofertas escritas em index.html.
Vitrine publicada com sucesso.
[main 2397333] Atualiza vitrine - 11/09/2026 01:00
 2 files changed, 62 insertions(+), 57 deletions(-)
To github.com:gestordecx/promod-vitrine.git
   6600e85..2397333  main -> main
12 ofertas escritas em index.html.
Vitrine publicada com sucesso.
[main 9f97020] Atualiza vitrine - 11/09/2026 01:15
 2 files changed, 7 insertions(+), 1 deletion(-)
To github.com:gestordecx/promod-vitrine.git
   2397333..9f97020  main -> main
12 ofertas escritas em index.html.
Vitrine publicada com sucesso.
[main 8394f0e] Atualiza vitrine - 11/09/2026 01:30
 2 files changed, 7 insertions(+), 1 deletion(-)
To github.com:gestordecx/promod-vitrine.git
   9f97020..8394f0e  main -> main
12 ofertas escritas em index.html.
Vitrine publicada com sucesso.
[main 63d6d43] Atualiza vitrine - 11/09/2026 01:45
 2 files changed, 23 insertions(+), 17 deletions(-)
To github.com:gestordecx/promod-vitrine.git
   8394f0e..63d6d43  main -> main
12 ofertas escritas em index.html.
Vitrine publicada com sucesso.
[main e881330] Atualiza vitrine - 11/09/2026 02:00
 2 files changed, 7 insertions(+), 1 deletion(-)
To github.com:gestordecx/promod-vitrine.git
   63d6d43..e881330  main -> main
12 ofertas escritas em index.html.
Vitrine publicada com sucesso.
[main e04ece8] Atualiza vitrine - 11/09/2026 02:15
 2 files changed, 7 insertions(+), 1 deletion(-)
To github.com:gestordecx/promod-vitrine.git
   e881330..e04ece8  main -> main
12 ofertas escritas em index.html.
Vitrine publicada com sucesso.
[main d5bd06f] Atualiza vitrine - 11/09/2026 02:30
 2 files changed, 39 insertions(+), 33 deletions(-)
To github.com:gestordecx/promod-vitrine.git
   e04ece8..d5bd06f  main -> main
12 ofertas escritas em index.html.
Vitrine publicada com sucesso.
[main 37e0769] Atualiza vitrine - 11/09/2026 02:45
 2 files changed, 7 insertions(+), 1 deletion(-)
To github.com:gestordecx/promod-vitrine.git
   d5bd06f..37e0769  main -> main
12 ofertas escritas em index.html.
Vitrine publicada com sucesso.
[main cb009d2] Atualiza vitrine - 11/09/2026 03:00
 2 files changed, 7 insertions(+), 1 deletion(-)
To github.com:gestordecx/promod-vitrine.git
   37e0769..cb009d2  main -> main
12 ofertas escritas em index.html.
Vitrine publicada com sucesso.
[main f8ec3bd] Atualiza vitrine - 11/09/2026 03:15
 2 files changed, 7 insertions(+), 1 deletion(-)
To github.com:gestordecx/promod-vitrine.git
   cb009d2..f8ec3bd  main -> main
12 ofertas escritas em index.html.
Vitrine publicada com sucesso.
[main 554faf1] Atualiza vitrine - 11/09/2026 03:30
 2 files changed, 7 insertions(+), 1 deletion(-)
To github.com:gestordecx/promod-vitrine.git
   f8ec3bd..554faf1  main -> main
12 ofertas escritas em index.html.
Vitrine publicada com sucesso.
[main c851365] Atualiza vitrine - 11/09/2026 03:45
 2 files changed, 7 insertions(+), 1 deletion(-)
To github.com:gestordecx/promod-vitrine.git
   554faf1..c851365  main -> main
12 ofertas escritas em index.html.
Vitrine publicada com sucesso.
[main 4d96fa0] Atualiza vitrine - 11/09/2026 04:00
 2 files changed, 7 insertions(+), 1 deletion(-)
To github.com:gestordecx/promod-vitrine.git
   c851365..4d96fa0  main -> main
12 ofertas escritas em index.html.
Vitrine publicada com sucesso.
[main 67ae901] Atualiza vitrine - 11/09/2026 04:15
 2 files changed, 7 insertions(+), 1 deletion(-)
To github.com:gestordecx/promod-vitrine.git
   4d96fa0..67ae901  main -> main
12 ofertas escritas em index.html.
Vitrine publicada com sucesso.
[main 5db00f2] Atualiza vitrine - 11/09/2026 04:30
 2 files changed, 7 insertions(+), 1 deletion(-)
To github.com:gestordecx/promod-vitrine.git
   67ae901..5db00f2  main -> main
12 ofertas escritas em index.html.
Vitrine publicada com sucesso.
[main cf3fce9] Atualiza vitrine - 11/09/2026 04:45
 2 files changed, 7 insertions(+), 1 deletion(-)
To github.com:gestordecx/promod-vitrine.git
   5db00f2..cf3fce9  main -> main
12 ofertas escritas em index.html.
Vitrine publicada com sucesso.
[main 49b2284] Atualiza vitrine - 11/09/2026 05:00
 2 files changed, 7 insertions(+), 1 deletion(-)
To github.com:gestordecx/promod-vitrine.git
   cf3fce9..49b2284  main -> main
12 ofertas escritas em index.html.
Vitrine publicada com sucesso.
[main 6529abc] Atualiza vitrine - 11/09/2026 05:15
 2 files changed, 90 insertions(+), 81 deletions(-)
To github.com:gestordecx/promod-vitrine.git
   49b2284..6529abc  main -> main
12 ofertas escritas em index.html.
Vitrine publicada com sucesso.
[main 1b29170] Atualiza vitrine - 11/09/2026 05:30
 2 files changed, 7 insertions(+), 1 deletion(-)
To github.com:gestordecx/promod-vitrine.git
   6529abc..1b29170  main -> main
12 ofertas escritas em index.html.
Vitrine publicada com sucesso.
[main 7dbe932] Atualiza vitrine - 11/09/2026 05:45
 2 files changed, 7 insertions(+), 1 deletion(-)
To github.com:gestordecx/promod-vitrine.git
   1b29170..7dbe932  main -> main
12 ofertas escritas em index.html.
Vitrine publicada com sucesso.
[main c515e4a] Atualiza vitrine - 11/09/2026 06:00
 2 files changed, 7 insertions(+), 1 deletion(-)
To github.com:gestordecx/promod-vitrine.git
   7dbe932..c515e4a  main -> main
12 ofertas escritas em index.html.
Vitrine publicada com sucesso.
[main 594f3a4] Atualiza vitrine - 11/09/2026 06:15
 2 files changed, 7 insertions(+), 1 deletion(-)
To github.com:gestordecx/promod-vitrine.git
   c515e4a..594f3a4  main -> main
12 ofertas escritas em index.html.
Vitrine publicada com sucesso.
[main 6ecaefb] Atualiza vitrine - 11/09/2026 06:30
 2 files changed, 72 insertions(+), 65 deletions(-)
To github.com:gestordecx/promod-vitrine.git
   594f3a4..6ecaefb  main -> main
12 ofertas escritas em index.html.
Vitrine publicada com sucesso.
[main 0b37c3b] Atualiza vitrine - 11/09/2026 06:45
 2 files changed, 7 insertions(+), 1 deletion(-)
To github.com:gestordecx/promod-vitrine.git
   6ecaefb..0b37c3b  main -> main
12 ofertas escritas em index.html.
Vitrine publicada com sucesso.
[main eaf10b1] Atualiza vitrine - 11/09/2026 07:00
 2 files changed, 7 insertions(+), 1 deletion(-)
To github.com:gestordecx/promod-vitrine.git
   0b37c3b..eaf10b1  main -> main
12 ofertas escritas em index.html.
Vitrine publicada com sucesso.
[main b124c4a] Atualiza vitrine - 11/09/2026 07:15
 2 files changed, 23 insertions(+), 17 deletions(-)
To github.com:gestordecx/promod-vitrine.git
   eaf10b1..b124c4a  main -> main
12 ofertas escritas em index.html.
Vitrine publicada com sucesso.
[main 53fcdb1] Atualiza vitrine - 11/09/2026 07:30
 2 files changed, 39 insertions(+), 33 deletions(-)
To github.com:gestordecx/promod-vitrine.git
   b124c4a..53fcdb1  main -> main
12 ofertas escritas em index.html.
Vitrine publicada com sucesso.
[main 915ba80] Atualiza vitrine - 11/09/2026 07:45
 2 files changed, 23 insertions(+), 17 deletions(-)
To github.com:gestordecx/promod-vitrine.git
   53fcdb1..915ba80  main -> main
12 ofertas escritas em index.html.
Vitrine publicada com sucesso.
[main 6228369] Atualiza vitrine - 11/09/2026 08:00
 2 files changed, 50 insertions(+), 44 deletions(-)
To github.com:gestordecx/promod-vitrine.git
   915ba80..6228369  main -> main
12 ofertas escritas em index.html.
Vitrine publicada com sucesso.
[main b2b8c24] Atualiza vitrine - 11/09/2026 08:15
 2 files changed, 88 insertions(+), 79 deletions(-)
To github.com:gestordecx/promod-vitrine.git
   6228369..b2b8c24  main -> main
12 ofertas escritas em index.html.
Vitrine publicada com sucesso.
[main 2ec4b72] Atualiza vitrine - 11/09/2026 08:30
 2 files changed, 66 insertions(+), 61 deletions(-)
To github.com:gestordecx/promod-vitrine.git
   b2b8c24..2ec4b72  main -> main
12 ofertas escritas em index.html.
Vitrine publicada com sucesso.
[main c28f721] Atualiza vitrine - 11/09/2026 08:45
 2 files changed, 84 insertions(+), 78 deletions(-)
To github.com:gestordecx/promod-vitrine.git
   2ec4b72..c28f721  main -> main
12 ofertas escritas em index.html.
Vitrine publicada com sucesso.
[main 2214a7d] Atualiza vitrine - 11/09/2026 09:00
 2 files changed, 81 insertions(+), 78 deletions(-)
To github.com:gestordecx/promod-vitrine.git
   c28f721..2214a7d  main -> main
12 ofertas escritas em index.html.
Vitrine publicada com sucesso.
[main 13a16eb] Atualiza vitrine - 11/09/2026 09:15
 2 files changed, 100 insertions(+), 94 deletions(-)
To github.com:gestordecx/promod-vitrine.git
   2214a7d..13a16eb  main -> main
12 ofertas escritas em index.html.
Vitrine publicada com sucesso.
[main 024bf93] Atualiza vitrine - 11/09/2026 09:30
 2 files changed, 69 insertions(+), 63 deletions(-)
To github.com:gestordecx/promod-vitrine.git
   13a16eb..024bf93  main -> main
12 ofertas escritas em index.html.
Vitrine publicada com sucesso.
[main b715bbd] Atualiza vitrine - 11/09/2026 09:45
 2 files changed, 67 insertions(+), 61 deletions(-)
To github.com:gestordecx/promod-vitrine.git
   024bf93..b715bbd  main -> main
12 ofertas escritas em index.html.
Vitrine publicada com sucesso.
[main 1a8b6d4] Atualiza vitrine - 11/09/2026 10:00
 2 files changed, 70 insertions(+), 64 deletions(-)
To github.com:gestordecx/promod-vitrine.git
   b715bbd..1a8b6d4  main -> main
12 ofertas escritas em index.html.
Vitrine publicada com sucesso.
[main 9c83a7b] Atualiza vitrine - 11/09/2026 10:15
 2 files changed, 102 insertions(+), 98 deletions(-)
To github.com:gestordecx/promod-vitrine.git
   1a8b6d4..9c83a7b  main -> main
12 ofertas escritas em index.html.
Vitrine publicada com sucesso.
[main d62295e] Atualiza vitrine - 11/09/2026 10:30
 2 files changed, 91 insertions(+), 86 deletions(-)
To github.com:gestordecx/promod-vitrine.git
   9c83a7b..d62295e  main -> main
12 ofertas escritas em index.html.
Vitrine publicada com sucesso.
[main 1213081] Atualiza vitrine - 11/09/2026 10:45
 2 files changed, 100 insertions(+), 91 deletions(-)
To github.com:gestordecx/promod-vitrine.git
   d62295e..1213081  main -> main
12 ofertas escritas em index.html.
Vitrine publicada com sucesso.
[main 1ffdbd5] Atualiza vitrine - 11/09/2026 11:00
 2 files changed, 54 insertions(+), 48 deletions(-)
To github.com:gestordecx/promod-vitrine.git
   1213081..1ffdbd5  main -> main
12 ofertas escritas em index.html.
Vitrine publicada com sucesso.
[main 95224a0] Atualiza vitrine - 11/09/2026 11:15
 2 files changed, 93 insertions(+), 87 deletions(-)
To github.com:gestordecx/promod-vitrine.git
   1ffdbd5..95224a0  main -> main
12 ofertas escritas em index.html.
Vitrine publicada com sucesso.
[main e27d8b9] Atualiza vitrine - 11/09/2026 11:30
 2 files changed, 62 insertions(+), 56 deletions(-)
To github.com:gestordecx/promod-vitrine.git
   95224a0..e27d8b9  main -> main
12 ofertas escritas em index.html.
Vitrine publicada com sucesso.
[main e8887d2] Atualiza vitrine - 11/09/2026 11:45
 2 files changed, 65 insertions(+), 59 deletions(-)
To github.com:gestordecx/promod-vitrine.git
   e27d8b9..e8887d2  main -> main
12 ofertas escritas em index.html.
Vitrine publicada com sucesso.
[main a4c6bd2] Atualiza vitrine - 11/09/2026 12:00
 2 files changed, 94 insertions(+), 91 deletions(-)
To github.com:gestordecx/promod-vitrine.git
   e8887d2..a4c6bd2  main -> main
12 ofertas escritas em index.html.
Vitrine publicada com sucesso.
[main cb7c6b6] Atualiza vitrine - 11/09/2026 12:15
 2 files changed, 94 insertions(+), 86 deletions(-)
To github.com:gestordecx/promod-vitrine.git
   a4c6bd2..cb7c6b6  main -> main
12 ofertas escritas em index.html.
Vitrine publicada com sucesso.
[main fee8e91] Atualiza vitrine - 11/09/2026 12:30
 2 files changed, 23 insertions(+), 17 deletions(-)
To github.com:gestordecx/promod-vitrine.git
   cb7c6b6..fee8e91  main -> main
12 ofertas escritas em index.html.
Vitrine publicada com sucesso.
[main a726fb3] Atualiza vitrine - 11/09/2026 12:45
 2 files changed, 71 insertions(+), 67 deletions(-)
To github.com:gestordecx/promod-vitrine.git
   fee8e91..a726fb3  main -> main
12 ofertas escritas em index.html.
Vitrine publicada com sucesso.
[main e9fb13c] Atualiza vitrine - 11/09/2026 13:00
 2 files changed, 75 insertions(+), 65 deletions(-)
To github.com:gestordecx/promod-vitrine.git
   a726fb3..e9fb13c  main -> main
12 ofertas escritas em index.html.
Vitrine publicada com sucesso.
[main 40989ae] Atualiza vitrine - 11/09/2026 13:15
 2 files changed, 87 insertions(+), 81 deletions(-)
To github.com:gestordecx/promod-vitrine.git
   e9fb13c..40989ae  main -> main
12 ofertas escritas em index.html.
Vitrine publicada com sucesso.
[main 9b816e8] Atualiza vitrine - 11/09/2026 13:30
 2 files changed, 74 insertions(+), 71 deletions(-)
To github.com:gestordecx/promod-vitrine.git
   40989ae..9b816e8  main -> main
12 ofertas escritas em index.html.
Vitrine publicada com sucesso.
[main 63977c4] Atualiza vitrine - 11/09/2026 13:45
 2 files changed, 105 insertions(+), 97 deletions(-)
To github.com:gestordecx/promod-vitrine.git
   9b816e8..63977c4  main -> main
12 ofertas escritas em index.html.
Vitrine publicada com sucesso.
[main 29fc113] Atualiza vitrine - 11/09/2026 14:00
 2 files changed, 71 insertions(+), 68 deletions(-)
To github.com:gestordecx/promod-vitrine.git
   63977c4..29fc113  main -> main
12 ofertas escritas em index.html.
Vitrine publicada com sucesso.
[main f331b8d] Atualiza vitrine - 11/09/2026 14:15
 2 files changed, 86 insertions(+), 80 deletions(-)
To github.com:gestordecx/promod-vitrine.git
   29fc113..f331b8d  main -> main
12 ofertas escritas em index.html.
Vitrine publicada com sucesso.
[main 03ed98f] Atualiza vitrine - 11/09/2026 14:30
 2 files changed, 51 insertions(+), 45 deletions(-)
To github.com:gestordecx/promod-vitrine.git
   f331b8d..03ed98f  main -> main
12 ofertas escritas em index.html.
Vitrine publicada com sucesso.
[main 8eee171] Atualiza vitrine - 11/09/2026 14:45
 2 files changed, 34 insertions(+), 28 deletions(-)
To github.com:gestordecx/promod-vitrine.git
   03ed98f..8eee171  main -> main
12 ofertas escritas em index.html.
Vitrine publicada com sucesso.
[main 1f28714] Atualiza vitrine - 11/09/2026 15:00
 2 files changed, 39 insertions(+), 33 deletions(-)
To github.com:gestordecx/promod-vitrine.git
   8eee171..1f28714  main -> main
12 ofertas escritas em index.html.
Vitrine publicada com sucesso.
[main 4c29231] Atualiza vitrine - 11/09/2026 15:15
 2 files changed, 70 insertions(+), 64 deletions(-)
To github.com:gestordecx/promod-vitrine.git
   1f28714..4c29231  main -> main
12 ofertas escritas em index.html.
Vitrine publicada com sucesso.
[main 6011232] Atualiza vitrine - 11/09/2026 15:30
 2 files changed, 23 insertions(+), 17 deletions(-)
To github.com:gestordecx/promod-vitrine.git
   4c29231..6011232  main -> main
12 ofertas escritas em index.html.
Vitrine publicada com sucesso.
[main 4efa013] Atualiza vitrine - 11/09/2026 15:45
 2 files changed, 70 insertions(+), 61 deletions(-)
To github.com:gestordecx/promod-vitrine.git
   6011232..4efa013  main -> main
12 ofertas escritas em index.html.
Vitrine publicada com sucesso.
[main 1a8550c] Atualiza vitrine - 11/09/2026 16:00
 2 files changed, 23 insertions(+), 17 deletions(-)
To github.com:gestordecx/promod-vitrine.git
   4efa013..1a8550c  main -> main
12 ofertas escritas em index.html.
Vitrine publicada com sucesso.
[main 0769962] Atualiza vitrine - 11/09/2026 16:15
 2 files changed, 98 insertions(+), 92 deletions(-)
To github.com:gestordecx/promod-vitrine.git
   1a8550c..0769962  main -> main
12 ofertas escritas em index.html.
Vitrine publicada com sucesso.
[main 19294f5] Atualiza vitrine - 11/09/2026 16:30
 2 files changed, 69 insertions(+), 63 deletions(-)
To github.com:gestordecx/promod-vitrine.git
   0769962..19294f5  main -> main
12 ofertas escritas em index.html.
Vitrine publicada com sucesso.
[main 17b5566] Atualiza vitrine - 11/09/2026 16:45
 2 files changed, 39 insertions(+), 33 deletions(-)
To github.com:gestordecx/promod-vitrine.git
   19294f5..17b5566  main -> main
12 ofertas escritas em index.html.
Vitrine publicada com sucesso.
[main dc66d1f] Atualiza vitrine - 11/09/2026 17:00
 2 files changed, 66 insertions(+), 60 deletions(-)
To github.com:gestordecx/promod-vitrine.git
   17b5566..dc66d1f  main -> main
12 ofertas escritas em index.html.
Vitrine publicada com sucesso.
[main 8bb4daf] Atualiza vitrine - 11/09/2026 17:15
 2 files changed, 61 insertions(+), 55 deletions(-)
To github.com:gestordecx/promod-vitrine.git
   dc66d1f..8bb4daf  main -> main
12 ofertas escritas em index.html.
Vitrine publicada com sucesso.
[main 83db77e] Atualiza vitrine - 11/09/2026 17:30
 2 files changed, 71 insertions(+), 65 deletions(-)
To github.com:gestordecx/promod-vitrine.git
   8bb4daf..83db77e  main -> main
12 ofertas escritas em index.html.
Vitrine publicada com sucesso.
[main 6a82543] Atualiza vitrine - 11/09/2026 17:45
 2 files changed, 7 insertions(+), 1 deletion(-)
To github.com:gestordecx/promod-vitrine.git
   83db77e..6a82543  main -> main
12 ofertas escritas em index.html.
Vitrine publicada com sucesso.
[main 78cdc4b] Atualiza vitrine - 11/09/2026 18:00
 2 files changed, 7 insertions(+), 1 deletion(-)
To github.com:gestordecx/promod-vitrine.git
   6a82543..78cdc4b  main -> main
12 ofertas escritas em index.html.
Vitrine publicada com sucesso.
[main 1e168b0] Atualiza vitrine - 11/09/2026 18:15
 2 files changed, 66 insertions(+), 60 deletions(-)
To github.com:gestordecx/promod-vitrine.git
   78cdc4b..1e168b0  main -> main
12 ofertas escritas em index.html.
Vitrine publicada com sucesso.
[main bc2301d] Atualiza vitrine - 11/09/2026 18:30
 2 files changed, 55 insertions(+), 49 deletions(-)
To github.com:gestordecx/promod-vitrine.git
   1e168b0..bc2301d  main -> main
12 ofertas escritas em index.html.
Vitrine publicada com sucesso.
[main efd8024] Atualiza vitrine - 11/09/2026 18:45
 2 files changed, 65 insertions(+), 59 deletions(-)
To github.com:gestordecx/promod-vitrine.git
   bc2301d..efd8024  main -> main
12 ofertas escritas em index.html.
Vitrine publicada com sucesso.
[main 0fe40a6] Atualiza vitrine - 11/09/2026 19:00
 2 files changed, 23 insertions(+), 17 deletions(-)
To github.com:gestordecx/promod-vitrine.git
   efd8024..0fe40a6  main -> main
12 ofertas escritas em index.html.
Vitrine publicada com sucesso.
[main 897f07d] Atualiza vitrine - 11/09/2026 19:15
 2 files changed, 99 insertions(+), 90 deletions(-)
To github.com:gestordecx/promod-vitrine.git
   0fe40a6..897f07d  main -> main
12 ofertas escritas em index.html.
Vitrine publicada com sucesso.
[main 3d08b1e] Atualiza vitrine - 11/09/2026 19:30
 2 files changed, 84 insertions(+), 78 deletions(-)
To github.com:gestordecx/promod-vitrine.git
   897f07d..3d08b1e  main -> main
12 ofertas escritas em index.html.
Vitrine publicada com sucesso.
[main 192f1c7] Atualiza vitrine - 11/09/2026 19:45
 2 files changed, 71 insertions(+), 65 deletions(-)
To github.com:gestordecx/promod-vitrine.git
   3d08b1e..192f1c7  main -> main
12 ofertas escritas em index.html.
Vitrine publicada com sucesso.
[main 48264e2] Atualiza vitrine - 11/09/2026 20:00
 2 files changed, 23 insertions(+), 17 deletions(-)
To github.com:gestordecx/promod-vitrine.git
   192f1c7..48264e2  main -> main
12 ofertas escritas em index.html.
Vitrine publicada com sucesso.
[main e2715fc] Atualiza vitrine - 11/09/2026 20:15
 2 files changed, 39 insertions(+), 36 deletions(-)
To github.com:gestordecx/promod-vitrine.git
   48264e2..e2715fc  main -> main
12 ofertas escritas em index.html.
Vitrine publicada com sucesso.
[main b3dc4f5] Atualiza vitrine - 11/09/2026 20:30
 2 files changed, 71 insertions(+), 68 deletions(-)
To github.com:gestordecx/promod-vitrine.git
   e2715fc..b3dc4f5  main -> main
12 ofertas escritas em index.html.
Vitrine publicada com sucesso.
[main 36ce961] Atualiza vitrine - 11/09/2026 20:45
 2 files changed, 100 insertions(+), 94 deletions(-)
To github.com:gestordecx/promod-vitrine.git
   b3dc4f5..36ce961  main -> main
12 ofertas escritas em index.html.
Vitrine publicada com sucesso.
[main 7c2e935] Atualiza vitrine - 11/09/2026 21:00
 2 files changed, 51 insertions(+), 45 deletions(-)
To github.com:gestordecx/promod-vitrine.git
   36ce961..7c2e935  main -> main
12 ofertas escritas em index.html.
Vitrine publicada com sucesso.
[main 3bcf8a2] Atualiza vitrine - 11/09/2026 21:15
 2 files changed, 39 insertions(+), 33 deletions(-)
To github.com:gestordecx/promod-vitrine.git
   7c2e935..3bcf8a2  main -> main
12 ofertas escritas em index.html.
Vitrine publicada com sucesso.
[main a626602] Atualiza vitrine - 11/09/2026 21:30
 2 files changed, 7 insertions(+), 1 deletion(-)
To github.com:gestordecx/promod-vitrine.git
   3bcf8a2..a626602  main -> main
12 ofertas escritas em index.html.
Vitrine publicada com sucesso.
[main 5a34b7b] Atualiza vitrine - 11/09/2026 21:45
 2 files changed, 78 insertions(+), 72 deletions(-)
To github.com:gestordecx/promod-vitrine.git
   a626602..5a34b7b  main -> main
12 ofertas escritas em index.html.
Vitrine publicada com sucesso.
[main 998d5cf] Atualiza vitrine - 11/09/2026 22:00
 2 files changed, 71 insertions(+), 65 deletions(-)
To github.com:gestordecx/promod-vitrine.git
   5a34b7b..998d5cf  main -> main
12 ofertas escritas em index.html.
Vitrine publicada com sucesso.
[main 162efbc] Atualiza vitrine - 11/09/2026 22:15
 2 files changed, 33 insertions(+), 27 deletions(-)
To github.com:gestordecx/promod-vitrine.git
   998d5cf..162efbc  main -> main
12 ofertas escritas em index.html.
Vitrine publicada com sucesso.
[main f04d429] Atualiza vitrine - 11/09/2026 22:30
 2 files changed, 7 insertions(+), 1 deletion(-)
To github.com:gestordecx/promod-vitrine.git
   162efbc..f04d429  main -> main
12 ofertas escritas em index.html.
Vitrine publicada com sucesso.
[main d52325e] Atualiza vitrine - 11/09/2026 22:45
 2 files changed, 7 insertions(+), 1 deletion(-)
To github.com:gestordecx/promod-vitrine.git
   f04d429..d52325e  main -> main
12 ofertas escritas em index.html.
Vitrine publicada com sucesso.
[main 2ec77c2] Atualiza vitrine - 11/09/2026 23:00
 2 files changed, 7 insertions(+), 1 deletion(-)
To github.com:gestordecx/promod-vitrine.git
   d52325e..2ec77c2  main -> main
12 ofertas escritas em index.html.
Vitrine publicada com sucesso.
[main ec3890b] Atualiza vitrine - 11/09/2026 23:15
 2 files changed, 7 insertions(+), 1 deletion(-)
To github.com:gestordecx/promod-vitrine.git
   2ec77c2..ec3890b  main -> main
12 ofertas escritas em index.html.
Vitrine publicada com sucesso.
[main a1da2d0] Atualiza vitrine - 11/09/2026 23:30
 2 files changed, 7 insertions(+), 1 deletion(-)
To github.com:gestordecx/promod-vitrine.git
   ec3890b..a1da2d0  main -> main
12 ofertas escritas em index.html.
Vitrine publicada com sucesso.
[main fb36238] Atualiza vitrine - 11/09/2026 23:45
 2 files changed, 7 insertions(+), 1 deletion(-)
To github.com:gestordecx/promod-vitrine.git
   a1da2d0..fb36238  main -> main
12 ofertas escritas em index.html.
Vitrine publicada com sucesso.
[main 5052cda] Atualiza vitrine - 12/09/2026 00:00
 2 files changed, 7 insertions(+), 1 deletion(-)
To github.com:gestordecx/promod-vitrine.git
   fb36238..5052cda  main -> main
12 ofertas escritas em index.html.
Vitrine publicada com sucesso.
[main 9905dd0] Atualiza vitrine - 12/09/2026 00:15
 2 files changed, 87 insertions(+), 81 deletions(-)
To github.com:gestordecx/promod-vitrine.git
   5052cda..9905dd0  main -> main
12 ofertas escritas em index.html.
Vitrine publicada com sucesso.
[main c33708e] Atualiza vitrine - 12/09/2026 00:30
 2 files changed, 101 insertions(+), 95 deletions(-)
To github.com:gestordecx/promod-vitrine.git
   9905dd0..c33708e  main -> main
12 ofertas escritas em index.html.
Vitrine publicada com sucesso.
[main 5e8be82] Atualiza vitrine - 12/09/2026 00:45
 2 files changed, 55 insertions(+), 49 deletions(-)
To github.com:gestordecx/promod-vitrine.git
   c33708e..5e8be82  main -> main
12 ofertas escritas em index.html.
Vitrine publicada com sucesso.
[main 3d5faf5] Atualiza vitrine - 12/09/2026 01:00
 2 files changed, 66 insertions(+), 60 deletions(-)
To github.com:gestordecx/promod-vitrine.git
   5e8be82..3d5faf5  main -> main
12 ofertas escritas em index.html.
Vitrine publicada com sucesso.
[main bdc2c3d] Atualiza vitrine - 12/09/2026 01:15
 2 files changed, 31 insertions(+), 25 deletions(-)
To github.com:gestordecx/promod-vitrine.git
   3d5faf5..bdc2c3d  main -> main
12 ofertas escritas em index.html.
Vitrine publicada com sucesso.
[main 24bc1b9] Atualiza vitrine - 12/09/2026 01:30
 2 files changed, 33 insertions(+), 27 deletions(-)
To github.com:gestordecx/promod-vitrine.git
   bdc2c3d..24bc1b9  main -> main
12 ofertas escritas em index.html.
Vitrine publicada com sucesso.
[main b9b6d6e] Atualiza vitrine - 12/09/2026 01:45
 2 files changed, 7 insertions(+), 1 deletion(-)
To github.com:gestordecx/promod-vitrine.git
   24bc1b9..b9b6d6e  main -> main
12 ofertas escritas em index.html.
Vitrine publicada com sucesso.
[main a22c9bd] Atualiza vitrine - 12/09/2026 02:00
 2 files changed, 7 insertions(+), 1 deletion(-)
To github.com:gestordecx/promod-vitrine.git
   b9b6d6e..a22c9bd  main -> main
12 ofertas escritas em index.html.
Vitrine publicada com sucesso.
[main b0c86a0] Atualiza vitrine - 12/09/2026 02:15
 2 files changed, 7 insertions(+), 1 deletion(-)
To github.com:gestordecx/promod-vitrine.git
   a22c9bd..b0c86a0  main -> main
12 ofertas escritas em index.html.
Vitrine publicada com sucesso.
[main 6ffeb93] Atualiza vitrine - 12/09/2026 02:30
 2 files changed, 7 insertions(+), 1 deletion(-)
To github.com:gestordecx/promod-vitrine.git
   b0c86a0..6ffeb93  main -> main
12 ofertas escritas em index.html.
Vitrine publicada com sucesso.
[main 04f3250] Atualiza vitrine - 12/09/2026 02:45
 2 files changed, 7 insertions(+), 1 deletion(-)
To github.com:gestordecx/promod-vitrine.git
   6ffeb93..04f3250  main -> main
12 ofertas escritas em index.html.
Vitrine publicada com sucesso.
[main 986f0b6] Atualiza vitrine - 12/09/2026 03:00
 2 files changed, 7 insertions(+), 1 deletion(-)
To github.com:gestordecx/promod-vitrine.git
   04f3250..986f0b6  main -> main
12 ofertas escritas em index.html.
Vitrine publicada com sucesso.
[main 72a5e69] Atualiza vitrine - 12/09/2026 03:15
 2 files changed, 7 insertions(+), 1 deletion(-)
To github.com:gestordecx/promod-vitrine.git
   986f0b6..72a5e69  main -> main
12 ofertas escritas em index.html.
Vitrine publicada com sucesso.
[main 450519b] Atualiza vitrine - 12/09/2026 03:30
 2 files changed, 23 insertions(+), 17 deletions(-)
To github.com:gestordecx/promod-vitrine.git
   72a5e69..450519b  main -> main
12 ofertas escritas em index.html.
Vitrine publicada com sucesso.
[main d6b9833] Atualiza vitrine - 12/09/2026 03:45
 2 files changed, 23 insertions(+), 17 deletions(-)
To github.com:gestordecx/promod-vitrine.git
   450519b..d6b9833  main -> main
12 ofertas escritas em index.html.
Vitrine publicada com sucesso.
[main ef28647] Atualiza vitrine - 12/09/2026 04:00
 2 files changed, 7 insertions(+), 1 deletion(-)
To github.com:gestordecx/promod-vitrine.git
   d6b9833..ef28647  main -> main
12 ofertas escritas em index.html.
Vitrine publicada com sucesso.
[main b227457] Atualiza vitrine - 12/09/2026 04:15
 2 files changed, 23 insertions(+), 17 deletions(-)
To github.com:gestordecx/promod-vitrine.git
   ef28647..b227457  main -> main
12 ofertas escritas em index.html.
Vitrine publicada com sucesso.
[main ae0dc96] Atualiza vitrine - 12/09/2026 04:30
 2 files changed, 7 insertions(+), 1 deletion(-)
To github.com:gestordecx/promod-vitrine.git
   b227457..ae0dc96  main -> main
12 ofertas escritas em index.html.
Vitrine publicada com sucesso.
[main 12f05a7] Atualiza vitrine - 12/09/2026 04:45
 2 files changed, 7 insertions(+), 1 deletion(-)
To github.com:gestordecx/promod-vitrine.git
   ae0dc96..12f05a7  main -> main
12 ofertas escritas em index.html.
Vitrine publicada com sucesso.
[main 9fb4e8b] Atualiza vitrine - 12/09/2026 05:00
 2 files changed, 7 insertions(+), 1 deletion(-)
To github.com:gestordecx/promod-vitrine.git
   12f05a7..9fb4e8b  main -> main
12 ofertas escritas em index.html.
Vitrine publicada com sucesso.
[main 8caba95] Atualiza vitrine - 12/09/2026 05:15
 2 files changed, 23 insertions(+), 17 deletions(-)
To github.com:gestordecx/promod-vitrine.git
   9fb4e8b..8caba95  main -> main
12 ofertas escritas em index.html.
Vitrine publicada com sucesso.
[main 78e8d73] Atualiza vitrine - 12/09/2026 05:30
 2 files changed, 23 insertions(+), 17 deletions(-)
To github.com:gestordecx/promod-vitrine.git
   8caba95..78e8d73  main -> main
12 ofertas escritas em index.html.
Vitrine publicada com sucesso.
[main c1225e7] Atualiza vitrine - 12/09/2026 05:45
 2 files changed, 7 insertions(+), 1 deletion(-)
To github.com:gestordecx/promod-vitrine.git
   78e8d73..c1225e7  main -> main
12 ofertas escritas em index.html.
Vitrine publicada com sucesso.
[main d53ca9e] Atualiza vitrine - 12/09/2026 06:00
 2 files changed, 7 insertions(+), 1 deletion(-)
To github.com:gestordecx/promod-vitrine.git
   c1225e7..d53ca9e  main -> main
12 ofertas escritas em index.html.
Vitrine publicada com sucesso.
[main 1de2629] Atualiza vitrine - 12/09/2026 06:15
 2 files changed, 69 insertions(+), 63 deletions(-)
To github.com:gestordecx/promod-vitrine.git
   d53ca9e..1de2629  main -> main
12 ofertas escritas em index.html.
Vitrine publicada com sucesso.
[main 976cc97] Atualiza vitrine - 12/09/2026 06:30
 2 files changed, 7 insertions(+), 1 deletion(-)
To github.com:gestordecx/promod-vitrine.git
   1de2629..976cc97  main -> main
12 ofertas escritas em index.html.
Vitrine publicada com sucesso.
[main 45c1f3b] Atualiza vitrine - 12/09/2026 06:45
 2 files changed, 7 insertions(+), 1 deletion(-)
To github.com:gestordecx/promod-vitrine.git
   976cc97..45c1f3b  main -> main
12 ofertas escritas em index.html.
Vitrine publicada com sucesso.
[main 5156e7d] Atualiza vitrine - 12/09/2026 07:00
 2 files changed, 7 insertions(+), 1 deletion(-)
To github.com:gestordecx/promod-vitrine.git
   45c1f3b..5156e7d  main -> main
12 ofertas escritas em index.html.
Vitrine publicada com sucesso.
[main d9c5c87] Atualiza vitrine - 12/09/2026 07:15
 2 files changed, 7 insertions(+), 1 deletion(-)
To github.com:gestordecx/promod-vitrine.git
   5156e7d..d9c5c87  main -> main
12 ofertas escritas em index.html.
Vitrine publicada com sucesso.
[main 7375cd6] Atualiza vitrine - 12/09/2026 07:30
 2 files changed, 44 insertions(+), 38 deletions(-)
To github.com:gestordecx/promod-vitrine.git
   d9c5c87..7375cd6  main -> main
12 ofertas escritas em index.html.
Vitrine publicada com sucesso.
[main 08df21e] Atualiza vitrine - 12/09/2026 07:45
 2 files changed, 23 insertions(+), 17 deletions(-)
To github.com:gestordecx/promod-vitrine.git
   7375cd6..08df21e  main -> main
12 ofertas escritas em index.html.
Vitrine publicada com sucesso.
[main 7ef5007] Atualiza vitrine - 12/09/2026 08:00
 2 files changed, 51 insertions(+), 45 deletions(-)
To github.com:gestordecx/promod-vitrine.git
   08df21e..7ef5007  main -> main
12 ofertas escritas em index.html.
Vitrine publicada com sucesso.
[main cafaaae] Atualiza vitrine - 12/09/2026 08:15
 2 files changed, 33 insertions(+), 27 deletions(-)
To github.com:gestordecx/promod-vitrine.git
   7ef5007..cafaaae  main -> main
12 ofertas escritas em index.html.
Vitrine publicada com sucesso.
[main 1ad983e] Atualiza vitrine - 12/09/2026 08:30
 2 files changed, 7 insertions(+), 1 deletion(-)
To github.com:gestordecx/promod-vitrine.git
   cafaaae..1ad983e  main -> main
12 ofertas escritas em index.html.
Vitrine publicada com sucesso.
[main df1fa87] Atualiza vitrine - 12/09/2026 08:45
 2 files changed, 86 insertions(+), 80 deletions(-)
To github.com:gestordecx/promod-vitrine.git
   1ad983e..df1fa87  main -> main
12 ofertas escritas em index.html.
Vitrine publicada com sucesso.
[main 3266e43] Atualiza vitrine - 12/09/2026 09:00
 2 files changed, 55 insertions(+), 49 deletions(-)
To github.com:gestordecx/promod-vitrine.git
   df1fa87..3266e43  main -> main
12 ofertas escritas em index.html.
Vitrine publicada com sucesso.
[main 6ed81a8] Atualiza vitrine - 12/09/2026 09:15
 2 files changed, 84 insertions(+), 77 deletions(-)
To github.com:gestordecx/promod-vitrine.git
   3266e43..6ed81a8  main -> main
12 ofertas escritas em index.html.
Vitrine publicada com sucesso.
[main 43a80f7] Atualiza vitrine - 12/09/2026 09:30
 2 files changed, 103 insertions(+), 95 deletions(-)
To github.com:gestordecx/promod-vitrine.git
   6ed81a8..43a80f7  main -> main
12 ofertas escritas em index.html.
Vitrine publicada com sucesso.
[main f4b7973] Atualiza vitrine - 12/09/2026 09:45
 2 files changed, 46 insertions(+), 42 deletions(-)
To github.com:gestordecx/promod-vitrine.git
   43a80f7..f4b7973  main -> main
12 ofertas escritas em index.html.
Vitrine publicada com sucesso.
[main c418663] Atualiza vitrine - 12/09/2026 10:00
 2 files changed, 52 insertions(+), 47 deletions(-)
To github.com:gestordecx/promod-vitrine.git
   f4b7973..c418663  main -> main
12 ofertas escritas em index.html.
Vitrine publicada com sucesso.
[main d5b9dcd] Atualiza vitrine - 12/09/2026 10:15
 2 files changed, 96 insertions(+), 88 deletions(-)
To github.com:gestordecx/promod-vitrine.git
   c418663..d5b9dcd  main -> main
12 ofertas escritas em index.html.
Vitrine publicada com sucesso.
[main c11d790] Atualiza vitrine - 12/09/2026 10:30
 2 files changed, 40 insertions(+), 33 deletions(-)
To github.com:gestordecx/promod-vitrine.git
   d5b9dcd..c11d790  main -> main
12 ofertas escritas em index.html.
Vitrine publicada com sucesso.
[main a0cb0f2] Atualiza vitrine - 12/09/2026 10:45
 2 files changed, 77 insertions(+), 74 deletions(-)
To github.com:gestordecx/promod-vitrine.git
   c11d790..a0cb0f2  main -> main
12 ofertas escritas em index.html.
Vitrine publicada com sucesso.
[main f18280d] Atualiza vitrine - 12/09/2026 11:00
 2 files changed, 85 insertions(+), 73 deletions(-)
To github.com:gestordecx/promod-vitrine.git
   a0cb0f2..f18280d  main -> main
12 ofertas escritas em index.html.
Vitrine publicada com sucesso.
[main 240c622] Atualiza vitrine - 12/09/2026 11:15
 2 files changed, 71 insertions(+), 67 deletions(-)
To github.com:gestordecx/promod-vitrine.git
   f18280d..240c622  main -> main
12 ofertas escritas em index.html.
Vitrine publicada com sucesso.
[main 70b8186] Atualiza vitrine - 12/09/2026 11:30
 2 files changed, 43 insertions(+), 34 deletions(-)
To github.com:gestordecx/promod-vitrine.git
   240c622..70b8186  main -> main
12 ofertas escritas em index.html.
Vitrine publicada com sucesso.
[main 3e43f69] Atualiza vitrine - 12/09/2026 11:45
 2 files changed, 79 insertions(+), 73 deletions(-)
To github.com:gestordecx/promod-vitrine.git
   70b8186..3e43f69  main -> main
12 ofertas escritas em index.html.
Vitrine publicada com sucesso.
[main 385fd1b] Atualiza vitrine - 12/09/2026 12:00
 2 files changed, 39 insertions(+), 34 deletions(-)
To github.com:gestordecx/promod-vitrine.git
   3e43f69..385fd1b  main -> main
12 ofertas escritas em index.html.
Vitrine publicada com sucesso.
[main 7018b3e] Atualiza vitrine - 12/09/2026 12:15
 2 files changed, 106 insertions(+), 97 deletions(-)
To github.com:gestordecx/promod-vitrine.git
   385fd1b..7018b3e  main -> main
12 ofertas escritas em index.html.
Vitrine publicada com sucesso.
[main bea7128] Atualiza vitrine - 12/09/2026 12:30
 2 files changed, 62 insertions(+), 56 deletions(-)
To github.com:gestordecx/promod-vitrine.git
   7018b3e..bea7128  main -> main
12 ofertas escritas em index.html.
Vitrine publicada com sucesso.
[main 50cfa3c] Atualiza vitrine - 12/09/2026 12:45
 2 files changed, 68 insertions(+), 62 deletions(-)
To github.com:gestordecx/promod-vitrine.git
   bea7128..50cfa3c  main -> main
12 ofertas escritas em index.html.
Vitrine publicada com sucesso.
[main 0930d7b] Atualiza vitrine - 12/09/2026 13:00
 2 files changed, 23 insertions(+), 20 deletions(-)
To github.com:gestordecx/promod-vitrine.git
   50cfa3c..0930d7b  main -> main
12 ofertas escritas em index.html.
Vitrine publicada com sucesso.
[main db44acb] Atualiza vitrine - 12/09/2026 13:15
 2 files changed, 75 insertions(+), 71 deletions(-)
To github.com:gestordecx/promod-vitrine.git
   0930d7b..db44acb  main -> main
12 ofertas escritas em index.html.
Vitrine publicada com sucesso.
[main d6f70a0] Atualiza vitrine - 12/09/2026 13:30
 2 files changed, 57 insertions(+), 51 deletions(-)
To github.com:gestordecx/promod-vitrine.git
   db44acb..d6f70a0  main -> main
12 ofertas escritas em index.html.
Vitrine publicada com sucesso.
[main 2bdfa0b] Atualiza vitrine - 12/09/2026 13:45
 2 files changed, 82 insertions(+), 76 deletions(-)
To github.com:gestordecx/promod-vitrine.git
   d6f70a0..2bdfa0b  main -> main
12 ofertas escritas em index.html.
Vitrine publicada com sucesso.
[main 4fb9d49] Atualiza vitrine - 12/09/2026 14:00
 2 files changed, 41 insertions(+), 33 deletions(-)
To github.com:gestordecx/promod-vitrine.git
   2bdfa0b..4fb9d49  main -> main
12 ofertas escritas em index.html.
Vitrine publicada com sucesso.
[main a943429] Atualiza vitrine - 12/09/2026 14:15
 2 files changed, 41 insertions(+), 35 deletions(-)
To github.com:gestordecx/promod-vitrine.git
   4fb9d49..a943429  main -> main
12 ofertas escritas em index.html.
Vitrine publicada com sucesso.
[main 1dfc73a] Atualiza vitrine - 12/09/2026 14:30
 2 files changed, 39 insertions(+), 33 deletions(-)
To github.com:gestordecx/promod-vitrine.git
   a943429..1dfc73a  main -> main
12 ofertas escritas em index.html.
Vitrine publicada com sucesso.
[main f2773c3] Atualiza vitrine - 12/09/2026 14:45
 2 files changed, 40 insertions(+), 34 deletions(-)
To github.com:gestordecx/promod-vitrine.git
   1dfc73a..f2773c3  main -> main
12 ofertas escritas em index.html.
Vitrine publicada com sucesso.
[main f96df24] Atualiza vitrine - 12/09/2026 15:00
 2 files changed, 76 insertions(+), 67 deletions(-)
To github.com:gestordecx/promod-vitrine.git
   f2773c3..f96df24  main -> main
12 ofertas escritas em index.html.
Vitrine publicada com sucesso.
[main 18ebffb] Atualiza vitrine - 12/09/2026 15:15
 2 files changed, 105 insertions(+), 101 deletions(-)
To github.com:gestordecx/promod-vitrine.git
   f96df24..18ebffb  main -> main
12 ofertas escritas em index.html.
Vitrine publicada com sucesso.
[main 950a35b] Atualiza vitrine - 12/09/2026 15:30
 2 files changed, 57 insertions(+), 51 deletions(-)
To github.com:gestordecx/promod-vitrine.git
   18ebffb..950a35b  main -> main
12 ofertas escritas em index.html.
Vitrine publicada com sucesso.
[main 755223f] Atualiza vitrine - 12/09/2026 15:45
 2 files changed, 72 insertions(+), 69 deletions(-)
To github.com:gestordecx/promod-vitrine.git
   950a35b..755223f  main -> main
12 ofertas escritas em index.html.
Vitrine publicada com sucesso.
[main d3e76f8] Atualiza vitrine - 12/09/2026 16:00
 2 files changed, 23 insertions(+), 17 deletions(-)
To github.com:gestordecx/promod-vitrine.git
   755223f..d3e76f8  main -> main
12 ofertas escritas em index.html.
Vitrine publicada com sucesso.
[main c4d8e64] Atualiza vitrine - 12/09/2026 16:15
 2 files changed, 72 insertions(+), 66 deletions(-)
To github.com:gestordecx/promod-vitrine.git
   d3e76f8..c4d8e64  main -> main
12 ofertas escritas em index.html.
Vitrine publicada com sucesso.
[main 474c1b3] Atualiza vitrine - 12/09/2026 16:30
 2 files changed, 82 insertions(+), 76 deletions(-)
To github.com:gestordecx/promod-vitrine.git
   c4d8e64..474c1b3  main -> main
12 ofertas escritas em index.html.
Vitrine publicada com sucesso.
[main 6a8ceef] Atualiza vitrine - 12/09/2026 16:45
 2 files changed, 86 insertions(+), 80 deletions(-)
To github.com:gestordecx/promod-vitrine.git
   474c1b3..6a8ceef  main -> main
12 ofertas escritas em index.html.
Vitrine publicada com sucesso.
[main 38baf9e] Atualiza vitrine - 12/09/2026 17:00
 2 files changed, 50 insertions(+), 44 deletions(-)
To github.com:gestordecx/promod-vitrine.git
   6a8ceef..38baf9e  main -> main
12 ofertas escritas em index.html.
Vitrine publicada com sucesso.
[main e4ccc11] Atualiza vitrine - 12/09/2026 17:15
 2 files changed, 71 insertions(+), 65 deletions(-)
To github.com:gestordecx/promod-vitrine.git
   38baf9e..e4ccc11  main -> main
12 ofertas escritas em index.html.
Vitrine publicada com sucesso.
[main 4d417b7] Atualiza vitrine - 12/09/2026 17:30
 2 files changed, 72 insertions(+), 65 deletions(-)
To github.com:gestordecx/promod-vitrine.git
   e4ccc11..4d417b7  main -> main
12 ofertas escritas em index.html.
Vitrine publicada com sucesso.
[main cacfdd3] Atualiza vitrine - 12/09/2026 17:45
 2 files changed, 73 insertions(+), 67 deletions(-)
To github.com:gestordecx/promod-vitrine.git
   4d417b7..cacfdd3  main -> main
12 ofertas escritas em index.html.
Vitrine publicada com sucesso.
[main 9750752] Atualiza vitrine - 12/09/2026 18:00
 2 files changed, 86 insertions(+), 80 deletions(-)
To github.com:gestordecx/promod-vitrine.git
   cacfdd3..9750752  main -> main
12 ofertas escritas em index.html.
Vitrine publicada com sucesso.
[main 5a137b5] Atualiza vitrine - 12/09/2026 18:15
 2 files changed, 96 insertions(+), 90 deletions(-)
To github.com:gestordecx/promod-vitrine.git
   9750752..5a137b5  main -> main
12 ofertas escritas em index.html.
Vitrine publicada com sucesso.
[main 2390b4f] Atualiza vitrine - 12/09/2026 18:30
 2 files changed, 7 insertions(+), 1 deletion(-)
To github.com:gestordecx/promod-vitrine.git
   5a137b5..2390b4f  main -> main
12 ofertas escritas em index.html.
Vitrine publicada com sucesso.
[main 33255a3] Atualiza vitrine - 12/09/2026 18:45
 2 files changed, 23 insertions(+), 18 deletions(-)
To github.com:gestordecx/promod-vitrine.git
   2390b4f..33255a3  main -> main
12 ofertas escritas em index.html.
Vitrine publicada com sucesso.
[main 19bdfbe] Atualiza vitrine - 12/09/2026 19:00
 2 files changed, 23 insertions(+), 17 deletions(-)
To github.com:gestordecx/promod-vitrine.git
   33255a3..19bdfbe  main -> main
12 ofertas escritas em index.html.
Vitrine publicada com sucesso.
[main 2f822d6] Atualiza vitrine - 12/09/2026 19:15
 2 files changed, 39 insertions(+), 33 deletions(-)
To github.com:gestordecx/promod-vitrine.git
   19bdfbe..2f822d6  main -> main
12 ofertas escritas em index.html.
Vitrine publicada com sucesso.
[main 15e559a] Atualiza vitrine - 12/09/2026 19:30
 2 files changed, 7 insertions(+), 1 deletion(-)
To github.com:gestordecx/promod-vitrine.git
   2f822d6..15e559a  main -> main
12 ofertas escritas em index.html.
Vitrine publicada com sucesso.
[main 9208531] Atualiza vitrine - 12/09/2026 19:45
 2 files changed, 90 insertions(+), 84 deletions(-)
To github.com:gestordecx/promod-vitrine.git
   15e559a..9208531  main -> main
12 ofertas escritas em index.html.
Vitrine publicada com sucesso.
[main 05f5aff] Atualiza vitrine - 12/09/2026 20:00
 2 files changed, 39 insertions(+), 34 deletions(-)
To github.com:gestordecx/promod-vitrine.git
   9208531..05f5aff  main -> main
12 ofertas escritas em index.html.
Vitrine publicada com sucesso.
[main 5ce2601] Atualiza vitrine - 12/09/2026 20:15
 2 files changed, 72 insertions(+), 66 deletions(-)
To github.com:gestordecx/promod-vitrine.git
   05f5aff..5ce2601  main -> main
12 ofertas escritas em index.html.
Vitrine publicada com sucesso.
[main 1d61cdc] Atualiza vitrine - 12/09/2026 20:30
 2 files changed, 7 insertions(+), 1 deletion(-)
To github.com:gestordecx/promod-vitrine.git
   5ce2601..1d61cdc  main -> main
12 ofertas escritas em index.html.
Vitrine publicada com sucesso.
[main 349b1b9] Atualiza vitrine - 12/09/2026 20:45
 2 files changed, 7 insertions(+), 1 deletion(-)
To github.com:gestordecx/promod-vitrine.git
   1d61cdc..349b1b9  main -> main
12 ofertas escritas em index.html.
Vitrine publicada com sucesso.
[main cc94692] Atualiza vitrine - 12/09/2026 21:00
 2 files changed, 7 insertions(+), 1 deletion(-)
To github.com:gestordecx/promod-vitrine.git
   349b1b9..cc94692  main -> main
12 ofertas escritas em index.html.
Vitrine publicada com sucesso.
[main c1de4a3] Atualiza vitrine - 12/09/2026 21:15
 2 files changed, 7 insertions(+), 1 deletion(-)
To github.com:gestordecx/promod-vitrine.git
   cc94692..c1de4a3  main -> main
12 ofertas escritas em index.html.
Vitrine publicada com sucesso.
[main 038190b] Atualiza vitrine - 12/09/2026 21:30
 2 files changed, 7 insertions(+), 1 deletion(-)
To github.com:gestordecx/promod-vitrine.git
   c1de4a3..038190b  main -> main
12 ofertas escritas em index.html.
Vitrine publicada com sucesso.
[main 8f3786d] Atualiza vitrine - 12/09/2026 21:45
 2 files changed, 7 insertions(+), 1 deletion(-)
To github.com:gestordecx/promod-vitrine.git
   038190b..8f3786d  main -> main
12 ofertas escritas em index.html.
Vitrine publicada com sucesso.
[main b3e2d10] Atualiza vitrine - 12/09/2026 22:00
 2 files changed, 7 insertions(+), 1 deletion(-)
To github.com:gestordecx/promod-vitrine.git
   8f3786d..b3e2d10  main -> main
12 ofertas escritas em index.html.
Vitrine publicada com sucesso.
[main dc2f3c9] Atualiza vitrine - 12/09/2026 22:15
 2 files changed, 7 insertions(+), 1 deletion(-)
To github.com:gestordecx/promod-vitrine.git
   b3e2d10..dc2f3c9  main -> main
12 ofertas escritas em index.html.
Vitrine publicada com sucesso.
[main 4a22789] Atualiza vitrine - 12/09/2026 22:30
 2 files changed, 7 insertions(+), 1 deletion(-)
To github.com:gestordecx/promod-vitrine.git
   dc2f3c9..4a22789  main -> main
12 ofertas escritas em index.html.
Vitrine publicada com sucesso.
[main 05e9195] Atualiza vitrine - 12/09/2026 22:45
 2 files changed, 7 insertions(+), 1 deletion(-)
To github.com:gestordecx/promod-vitrine.git
   4a22789..05e9195  main -> main
12 ofertas escritas em index.html.
Vitrine publicada com sucesso.
[main d8dae42] Atualiza vitrine - 12/09/2026 23:00
 2 files changed, 7 insertions(+), 1 deletion(-)
To github.com:gestordecx/promod-vitrine.git
   05e9195..d8dae42  main -> main
12 ofertas escritas em index.html.
Vitrine publicada com sucesso.
[main af762be] Atualiza vitrine - 12/09/2026 23:15
 2 files changed, 7 insertions(+), 1 deletion(-)
To github.com:gestordecx/promod-vitrine.git
   d8dae42..af762be  main -> main
12 ofertas escritas em index.html.
Vitrine publicada com sucesso.
[main e2136b8] Atualiza vitrine - 12/09/2026 23:30
 2 files changed, 7 insertions(+), 1 deletion(-)
To github.com:gestordecx/promod-vitrine.git
   af762be..e2136b8  main -> main
12 ofertas escritas em index.html.
Vitrine publicada com sucesso.
[main 765d4bd] Atualiza vitrine - 12/09/2026 23:45
 2 files changed, 7 insertions(+), 1 deletion(-)
To github.com:gestordecx/promod-vitrine.git
   e2136b8..765d4bd  main -> main
12 ofertas escritas em index.html.
Vitrine publicada com sucesso.
[main e51c367] Atualiza vitrine - 13/09/2026 00:00
 2 files changed, 7 insertions(+), 1 deletion(-)
To github.com:gestordecx/promod-vitrine.git
   765d4bd..e51c367  main -> main
12 ofertas escritas em index.html.
Vitrine publicada com sucesso.
[main 9928394] Atualiza vitrine - 13/09/2026 00:15
 2 files changed, 101 insertions(+), 95 deletions(-)
To github.com:gestordecx/promod-vitrine.git
   e51c367..9928394  main -> main
12 ofertas escritas em index.html.
Vitrine publicada com sucesso.
[main c9e4145] Atualiza vitrine - 13/09/2026 00:30
 2 files changed, 102 insertions(+), 95 deletions(-)
To github.com:gestordecx/promod-vitrine.git
   9928394..c9e4145  main -> main
12 ofertas escritas em index.html.
Vitrine publicada com sucesso.
[main 50697a1] Atualiza vitrine - 13/09/2026 00:45
 2 files changed, 90 insertions(+), 84 deletions(-)
To github.com:gestordecx/promod-vitrine.git
   c9e4145..50697a1  main -> main
12 ofertas escritas em index.html.
Vitrine publicada com sucesso.
[main 4021c33] Atualiza vitrine - 13/09/2026 01:00
 2 files changed, 64 insertions(+), 58 deletions(-)
To github.com:gestordecx/promod-vitrine.git
   50697a1..4021c33  main -> main
12 ofertas escritas em index.html.
Vitrine publicada com sucesso.
[main 15dc706] Atualiza vitrine - 13/09/2026 01:15
 2 files changed, 7 insertions(+), 1 deletion(-)
To github.com:gestordecx/promod-vitrine.git
   4021c33..15dc706  main -> main
12 ofertas escritas em index.html.
Vitrine publicada com sucesso.
[main 2b9b04d] Atualiza vitrine - 13/09/2026 01:30
 2 files changed, 7 insertions(+), 1 deletion(-)
To github.com:gestordecx/promod-vitrine.git
   15dc706..2b9b04d  main -> main
12 ofertas escritas em index.html.
Vitrine publicada com sucesso.
[main 3a0b090] Atualiza vitrine - 13/09/2026 01:45
 2 files changed, 23 insertions(+), 17 deletions(-)
To github.com:gestordecx/promod-vitrine.git
   2b9b04d..3a0b090  main -> main
12 ofertas escritas em index.html.
Vitrine publicada com sucesso.
[main 2bed153] Atualiza vitrine - 13/09/2026 02:00
 2 files changed, 23 insertions(+), 17 deletions(-)
To github.com:gestordecx/promod-vitrine.git
   3a0b090..2bed153  main -> main
12 ofertas escritas em index.html.
Vitrine publicada com sucesso.
[main d44f86d] Atualiza vitrine - 13/09/2026 02:15
 2 files changed, 7 insertions(+), 1 deletion(-)
To github.com:gestordecx/promod-vitrine.git
   2bed153..d44f86d  main -> main
12 ofertas escritas em index.html.
Vitrine publicada com sucesso.
[main 02c32cd] Atualiza vitrine - 13/09/2026 02:30
 2 files changed, 7 insertions(+), 1 deletion(-)
To github.com:gestordecx/promod-vitrine.git
   d44f86d..02c32cd  main -> main
12 ofertas escritas em index.html.
Vitrine publicada com sucesso.
[main ba03277] Atualiza vitrine - 13/09/2026 02:45
 2 files changed, 41 insertions(+), 35 deletions(-)
To github.com:gestordecx/promod-vitrine.git
   02c32cd..ba03277  main -> main
12 ofertas escritas em index.html.
Vitrine publicada com sucesso.
[main b45f27e] Atualiza vitrine - 13/09/2026 03:00
 2 files changed, 23 insertions(+), 17 deletions(-)
To github.com:gestordecx/promod-vitrine.git
   ba03277..b45f27e  main -> main
12 ofertas escritas em index.html.
Vitrine publicada com sucesso.
[main d1494ad] Atualiza vitrine - 13/09/2026 03:15
 2 files changed, 40 insertions(+), 34 deletions(-)
To github.com:gestordecx/promod-vitrine.git
   b45f27e..d1494ad  main -> main
12 ofertas escritas em index.html.
Vitrine publicada com sucesso.
[main 6ce50f0] Atualiza vitrine - 13/09/2026 03:30
 2 files changed, 7 insertions(+), 1 deletion(-)
To github.com:gestordecx/promod-vitrine.git
   d1494ad..6ce50f0  main -> main
12 ofertas escritas em index.html.
Vitrine publicada com sucesso.
[main e2f021a] Atualiza vitrine - 13/09/2026 03:45
 2 files changed, 7 insertions(+), 1 deletion(-)
To github.com:gestordecx/promod-vitrine.git
   6ce50f0..e2f021a  main -> main
12 ofertas escritas em index.html.
Vitrine publicada com sucesso.
[main cf63edd] Atualiza vitrine - 13/09/2026 04:00
 2 files changed, 7 insertions(+), 1 deletion(-)
To github.com:gestordecx/promod-vitrine.git
   e2f021a..cf63edd  main -> main
12 ofertas escritas em index.html.
Vitrine publicada com sucesso.
[main aa43852] Atualiza vitrine - 13/09/2026 04:15
 2 files changed, 7 insertions(+), 1 deletion(-)
To github.com:gestordecx/promod-vitrine.git
   cf63edd..aa43852  main -> main
12 ofertas escritas em index.html.
Vitrine publicada com sucesso.
[main 1bc4221] Atualiza vitrine - 13/09/2026 04:30
 2 files changed, 23 insertions(+), 17 deletions(-)
To github.com:gestordecx/promod-vitrine.git
   aa43852..1bc4221  main -> main
12 ofertas escritas em index.html.
Vitrine publicada com sucesso.
[main 3dae77d] Atualiza vitrine - 13/09/2026 04:45
 2 files changed, 7 insertions(+), 1 deletion(-)
To github.com:gestordecx/promod-vitrine.git
   1bc4221..3dae77d  main -> main
12 ofertas escritas em index.html.
Vitrine publicada com sucesso.
[main 607cae2] Atualiza vitrine - 13/09/2026 05:00
 2 files changed, 7 insertions(+), 1 deletion(-)
To github.com:gestordecx/promod-vitrine.git
   3dae77d..607cae2  main -> main
12 ofertas escritas em index.html.
Vitrine publicada com sucesso.
[main e414e28] Atualiza vitrine - 13/09/2026 05:15
 2 files changed, 7 insertions(+), 1 deletion(-)
To github.com:gestordecx/promod-vitrine.git
   607cae2..e414e28  main -> main
12 ofertas escritas em index.html.
Vitrine publicada com sucesso.
[main 3df6b86] Atualiza vitrine - 13/09/2026 05:30
 2 files changed, 7 insertions(+), 1 deletion(-)
To github.com:gestordecx/promod-vitrine.git
   e414e28..3df6b86  main -> main
12 ofertas escritas em index.html.
Vitrine publicada com sucesso.
[main b9fe09e] Atualiza vitrine - 13/09/2026 05:45
 2 files changed, 7 insertions(+), 1 deletion(-)
To github.com:gestordecx/promod-vitrine.git
   3df6b86..b9fe09e  main -> main
12 ofertas escritas em index.html.
Vitrine publicada com sucesso.
[main e647d21] Atualiza vitrine - 13/09/2026 06:00
 2 files changed, 7 insertions(+), 1 deletion(-)
To github.com:gestordecx/promod-vitrine.git
   b9fe09e..e647d21  main -> main
12 ofertas escritas em index.html.
Vitrine publicada com sucesso.
[main d5691d8] Atualiza vitrine - 13/09/2026 06:15
 2 files changed, 7 insertions(+), 1 deletion(-)
To github.com:gestordecx/promod-vitrine.git
   e647d21..d5691d8  main -> main
12 ofertas escritas em index.html.
Vitrine publicada com sucesso.
[main 9472109] Atualiza vitrine - 13/09/2026 06:30
 2 files changed, 7 insertions(+), 1 deletion(-)
To github.com:gestordecx/promod-vitrine.git
   d5691d8..9472109  main -> main
12 ofertas escritas em index.html.
Vitrine publicada com sucesso.
[main c02d588] Atualiza vitrine - 13/09/2026 06:45
 2 files changed, 7 insertions(+), 1 deletion(-)
To github.com:gestordecx/promod-vitrine.git
   9472109..c02d588  main -> main
12 ofertas escritas em index.html.
Vitrine publicada com sucesso.
[main 8dfb25f] Atualiza vitrine - 13/09/2026 07:00
 2 files changed, 24 insertions(+), 18 deletions(-)
To github.com:gestordecx/promod-vitrine.git
   c02d588..8dfb25f  main -> main
12 ofertas escritas em index.html.
Vitrine publicada com sucesso.
[main 6f87695] Atualiza vitrine - 13/09/2026 07:15
 2 files changed, 40 insertions(+), 35 deletions(-)
To github.com:gestordecx/promod-vitrine.git
   8dfb25f..6f87695  main -> main
12 ofertas escritas em index.html.
Vitrine publicada com sucesso.
[main 4dcf0fa] Atualiza vitrine - 13/09/2026 07:30
 2 files changed, 24 insertions(+), 18 deletions(-)
To github.com:gestordecx/promod-vitrine.git
   6f87695..4dcf0fa  main -> main
12 ofertas escritas em index.html.
Vitrine publicada com sucesso.
[main 87b69a1] Atualiza vitrine - 13/09/2026 07:45
 2 files changed, 23 insertions(+), 18 deletions(-)
To github.com:gestordecx/promod-vitrine.git
   4dcf0fa..87b69a1  main -> main
12 ofertas escritas em index.html.
Vitrine publicada com sucesso.
[main d4e2774] Atualiza vitrine - 13/09/2026 08:00
 2 files changed, 39 insertions(+), 31 deletions(-)
To github.com:gestordecx/promod-vitrine.git
   87b69a1..d4e2774  main -> main
12 ofertas escritas em index.html.
Vitrine publicada com sucesso.
[main 0f92d35] Atualiza vitrine - 13/09/2026 08:15
 2 files changed, 32 insertions(+), 26 deletions(-)
To github.com:gestordecx/promod-vitrine.git
   d4e2774..0f92d35  main -> main
12 ofertas escritas em index.html.
Vitrine publicada com sucesso.
[main 9154a9d] Atualiza vitrine - 13/09/2026 08:30
 2 files changed, 32 insertions(+), 26 deletions(-)
To github.com:gestordecx/promod-vitrine.git
   0f92d35..9154a9d  main -> main
12 ofertas escritas em index.html.
Vitrine publicada com sucesso.
[main 678b3dc] Atualiza vitrine - 13/09/2026 08:45
 2 files changed, 7 insertions(+), 1 deletion(-)
To github.com:gestordecx/promod-vitrine.git
   9154a9d..678b3dc  main -> main
12 ofertas escritas em index.html.
Vitrine publicada com sucesso.
[main 84a86bf] Atualiza vitrine - 13/09/2026 09:00
 2 files changed, 49 insertions(+), 43 deletions(-)
To github.com:gestordecx/promod-vitrine.git
   678b3dc..84a86bf  main -> main
12 ofertas escritas em index.html.
Vitrine publicada com sucesso.
[main 8eed466] Atualiza vitrine - 13/09/2026 09:15
 2 files changed, 43 insertions(+), 37 deletions(-)
To github.com:gestordecx/promod-vitrine.git
   84a86bf..8eed466  main -> main
12 ofertas escritas em index.html.
Vitrine publicada com sucesso.
[main 6e8ae56] Atualiza vitrine - 13/09/2026 09:30
 2 files changed, 55 insertions(+), 49 deletions(-)
To github.com:gestordecx/promod-vitrine.git
   8eed466..6e8ae56  main -> main
12 ofertas escritas em index.html.
Vitrine publicada com sucesso.
[main 50dcc9f] Atualiza vitrine - 13/09/2026 09:45
 2 files changed, 83 insertions(+), 77 deletions(-)
To github.com:gestordecx/promod-vitrine.git
   6e8ae56..50dcc9f  main -> main
12 ofertas escritas em index.html.
Vitrine publicada com sucesso.
[main 42a251f] Atualiza vitrine - 13/09/2026 10:00
 2 files changed, 70 insertions(+), 64 deletions(-)
To github.com:gestordecx/promod-vitrine.git
   50dcc9f..42a251f  main -> main
12 ofertas escritas em index.html.
Vitrine publicada com sucesso.
[main 2619f4a] Atualiza vitrine - 13/09/2026 10:15
 2 files changed, 56 insertions(+), 50 deletions(-)
To github.com:gestordecx/promod-vitrine.git
   42a251f..2619f4a  main -> main
12 ofertas escritas em index.html.
Vitrine publicada com sucesso.
[main ee6af8b] Atualiza vitrine - 13/09/2026 10:30
 2 files changed, 57 insertions(+), 51 deletions(-)
To github.com:gestordecx/promod-vitrine.git
   2619f4a..ee6af8b  main -> main
12 ofertas escritas em index.html.
Vitrine publicada com sucesso.
[main 6320598] Atualiza vitrine - 13/09/2026 10:45
 2 files changed, 7 insertions(+), 1 deletion(-)
To github.com:gestordecx/promod-vitrine.git
   ee6af8b..6320598  main -> main
12 ofertas escritas em index.html.
Vitrine publicada com sucesso.
[main c814918] Atualiza vitrine - 13/09/2026 11:00
 2 files changed, 55 insertions(+), 49 deletions(-)
To github.com:gestordecx/promod-vitrine.git
   6320598..c814918  main -> main
12 ofertas escritas em index.html.
Vitrine publicada com sucesso.
[main eb8a752] Atualiza vitrine - 13/09/2026 11:15
 2 files changed, 39 insertions(+), 33 deletions(-)
To github.com:gestordecx/promod-vitrine.git
   c814918..eb8a752  main -> main
12 ofertas escritas em index.html.
Vitrine publicada com sucesso.
[main b0c75eb] Atualiza vitrine - 13/09/2026 11:30
 2 files changed, 85 insertions(+), 79 deletions(-)
To github.com:gestordecx/promod-vitrine.git
   eb8a752..b0c75eb  main -> main
12 ofertas escritas em index.html.
Vitrine publicada com sucesso.
[main db2a70e] Atualiza vitrine - 13/09/2026 11:45
 2 files changed, 99 insertions(+), 91 deletions(-)
To github.com:gestordecx/promod-vitrine.git
   b0c75eb..db2a70e  main -> main
12 ofertas escritas em index.html.
Vitrine publicada com sucesso.
[main 504c336] Atualiza vitrine - 13/09/2026 12:00
 2 files changed, 94 insertions(+), 92 deletions(-)
To github.com:gestordecx/promod-vitrine.git
   db2a70e..504c336  main -> main
12 ofertas escritas em index.html.
Vitrine publicada com sucesso.
[main 6eb7b22] Atualiza vitrine - 13/09/2026 12:15
 2 files changed, 110 insertions(+), 96 deletions(-)
To github.com:gestordecx/promod-vitrine.git
   504c336..6eb7b22  main -> main
12 ofertas escritas em index.html.
Vitrine publicada com sucesso.
[main ec0bf8a] Atualiza vitrine - 13/09/2026 12:30
 2 files changed, 104 insertions(+), 101 deletions(-)
To github.com:gestordecx/promod-vitrine.git
   6eb7b22..ec0bf8a  main -> main
12 ofertas escritas em index.html.
Vitrine publicada com sucesso.
[main 768fb30] Atualiza vitrine - 13/09/2026 12:45
 2 files changed, 85 insertions(+), 82 deletions(-)
To github.com:gestordecx/promod-vitrine.git
   ec0bf8a..768fb30  main -> main
12 ofertas escritas em index.html.
Vitrine publicada com sucesso.
[main b0dfccd] Atualiza vitrine - 13/09/2026 13:00
 2 files changed, 23 insertions(+), 17 deletions(-)
To github.com:gestordecx/promod-vitrine.git
   768fb30..b0dfccd  main -> main
12 ofertas escritas em index.html.
Vitrine publicada com sucesso.
[main ff84bc4] Atualiza vitrine - 13/09/2026 13:15
 2 files changed, 23 insertions(+), 17 deletions(-)
To github.com:gestordecx/promod-vitrine.git
   b0dfccd..ff84bc4  main -> main
12 ofertas escritas em index.html.
Vitrine publicada com sucesso.
[main 475e79f] Atualiza vitrine - 13/09/2026 13:30
 2 files changed, 23 insertions(+), 17 deletions(-)
To github.com:gestordecx/promod-vitrine.git
   ff84bc4..475e79f  main -> main
12 ofertas escritas em index.html.
Vitrine publicada com sucesso.
[main 2305934] Atualiza vitrine - 13/09/2026 13:45
 2 files changed, 7 insertions(+), 1 deletion(-)
To github.com:gestordecx/promod-vitrine.git
   475e79f..2305934  main -> main
12 ofertas escritas em index.html.
Vitrine publicada com sucesso.
[main 3fcde30] Atualiza vitrine - 13/09/2026 14:00
 2 files changed, 104 insertions(+), 98 deletions(-)
To github.com:gestordecx/promod-vitrine.git
   2305934..3fcde30  main -> main
12 ofertas escritas em index.html.
Vitrine publicada com sucesso.
[main ee6f134] Atualiza vitrine - 13/09/2026 14:15
 2 files changed, 49 insertions(+), 43 deletions(-)
To github.com:gestordecx/promod-vitrine.git
   3fcde30..ee6f134  main -> main
12 ofertas escritas em index.html.
Vitrine publicada com sucesso.
[main aba04c3] Atualiza vitrine - 13/09/2026 14:30
 2 files changed, 71 insertions(+), 65 deletions(-)
To github.com:gestordecx/promod-vitrine.git
   ee6f134..aba04c3  main -> main
12 ofertas escritas em index.html.
Vitrine publicada com sucesso.
[main 9cbffa0] Atualiza vitrine - 13/09/2026 14:45
 2 files changed, 41 insertions(+), 35 deletions(-)
To github.com:gestordecx/promod-vitrine.git
   aba04c3..9cbffa0  main -> main
12 ofertas escritas em index.html.
Vitrine publicada com sucesso.
[main 4b8f660] Atualiza vitrine - 13/09/2026 15:00
 2 files changed, 99 insertions(+), 90 deletions(-)
To github.com:gestordecx/promod-vitrine.git
   9cbffa0..4b8f660  main -> main
12 ofertas escritas em index.html.
Vitrine publicada com sucesso.
[main a5d6771] Atualiza vitrine - 13/09/2026 15:15
 2 files changed, 56 insertions(+), 50 deletions(-)
To github.com:gestordecx/promod-vitrine.git
   4b8f660..a5d6771  main -> main
12 ofertas escritas em index.html.
Vitrine publicada com sucesso.
[main 2666f66] Atualiza vitrine - 13/09/2026 15:30
 2 files changed, 57 insertions(+), 51 deletions(-)
To github.com:gestordecx/promod-vitrine.git
   a5d6771..2666f66  main -> main
12 ofertas escritas em index.html.
Vitrine publicada com sucesso.
[main bb0502a] Atualiza vitrine - 13/09/2026 15:45
 2 files changed, 23 insertions(+), 17 deletions(-)
To github.com:gestordecx/promod-vitrine.git
   2666f66..bb0502a  main -> main
12 ofertas escritas em index.html.
Vitrine publicada com sucesso.
[main 5a049c1] Atualiza vitrine - 13/09/2026 16:00
 2 files changed, 77 insertions(+), 71 deletions(-)
To github.com:gestordecx/promod-vitrine.git
   bb0502a..5a049c1  main -> main
12 ofertas escritas em index.html.
Vitrine publicada com sucesso.
[main 6df6f5b] Atualiza vitrine - 13/09/2026 16:15
 2 files changed, 57 insertions(+), 51 deletions(-)
To github.com:gestordecx/promod-vitrine.git
   5a049c1..6df6f5b  main -> main
12 ofertas escritas em index.html.
Vitrine publicada com sucesso.
[main a635e14] Atualiza vitrine - 13/09/2026 16:30
 2 files changed, 102 insertions(+), 99 deletions(-)
To github.com:gestordecx/promod-vitrine.git
   6df6f5b..a635e14  main -> main
12 ofertas escritas em index.html.
Vitrine publicada com sucesso.
[main 2bd0101] Atualiza vitrine - 13/09/2026 16:45
 2 files changed, 69 insertions(+), 60 deletions(-)
To github.com:gestordecx/promod-vitrine.git
   a635e14..2bd0101  main -> main
12 ofertas escritas em index.html.
Vitrine publicada com sucesso.
[main 90e0091] Atualiza vitrine - 13/09/2026 17:00
 2 files changed, 101 insertions(+), 90 deletions(-)
To github.com:gestordecx/promod-vitrine.git
   2bd0101..90e0091  main -> main
12 ofertas escritas em index.html.
Vitrine publicada com sucesso.
[main 11bd3db] Atualiza vitrine - 13/09/2026 17:15
 2 files changed, 71 insertions(+), 68 deletions(-)
To github.com:gestordecx/promod-vitrine.git
   90e0091..11bd3db  main -> main
12 ofertas escritas em index.html.
Vitrine publicada com sucesso.
[main cfa445d] Atualiza vitrine - 13/09/2026 17:30
 2 files changed, 40 insertions(+), 34 deletions(-)
To github.com:gestordecx/promod-vitrine.git
   11bd3db..cfa445d  main -> main
12 ofertas escritas em index.html.
Vitrine publicada com sucesso.
[main f9b1162] Atualiza vitrine - 13/09/2026 17:45
 2 files changed, 88 insertions(+), 87 deletions(-)
To github.com:gestordecx/promod-vitrine.git
   cfa445d..f9b1162  main -> main
12 ofertas escritas em index.html.
Vitrine publicada com sucesso.
[main 95a469f] Atualiza vitrine - 13/09/2026 18:00
 2 files changed, 39 insertions(+), 33 deletions(-)
To github.com:gestordecx/promod-vitrine.git
   f9b1162..95a469f  main -> main
12 ofertas escritas em index.html.
Vitrine publicada com sucesso.
[main b93233b] Atualiza vitrine - 13/09/2026 18:15
 2 files changed, 40 insertions(+), 34 deletions(-)
To github.com:gestordecx/promod-vitrine.git
   95a469f..b93233b  main -> main
12 ofertas escritas em index.html.
Vitrine publicada com sucesso.
[main cc4b309] Atualiza vitrine - 13/09/2026 18:30
 2 files changed, 55 insertions(+), 49 deletions(-)
To github.com:gestordecx/promod-vitrine.git
   b93233b..cc4b309  main -> main
12 ofertas escritas em index.html.
Vitrine publicada com sucesso.
[main 27678ea] Atualiza vitrine - 13/09/2026 18:45
 2 files changed, 71 insertions(+), 65 deletions(-)
To github.com:gestordecx/promod-vitrine.git
   cc4b309..27678ea  main -> main
12 ofertas escritas em index.html.
Vitrine publicada com sucesso.
[main 9443747] Atualiza vitrine - 13/09/2026 19:00
 2 files changed, 91 insertions(+), 82 deletions(-)
To github.com:gestordecx/promod-vitrine.git
   27678ea..9443747  main -> main
12 ofertas escritas em index.html.
Vitrine publicada com sucesso.
[main 8bece0a] Atualiza vitrine - 13/09/2026 19:15
 2 files changed, 39 insertions(+), 36 deletions(-)
To github.com:gestordecx/promod-vitrine.git
   9443747..8bece0a  main -> main
12 ofertas escritas em index.html.
Vitrine publicada com sucesso.
[main 6569de8] Atualiza vitrine - 13/09/2026 19:30
 2 files changed, 23 insertions(+), 17 deletions(-)
To github.com:gestordecx/promod-vitrine.git
   8bece0a..6569de8  main -> main
12 ofertas escritas em index.html.
Vitrine publicada com sucesso.
[main 8f9f0c7] Atualiza vitrine - 13/09/2026 19:45
 2 files changed, 23 insertions(+), 17 deletions(-)
To github.com:gestordecx/promod-vitrine.git
   6569de8..8f9f0c7  main -> main
12 ofertas escritas em index.html.
Vitrine publicada com sucesso.
[main 0e4904b] Atualiza vitrine - 13/09/2026 20:00
 2 files changed, 23 insertions(+), 17 deletions(-)
To github.com:gestordecx/promod-vitrine.git
   8f9f0c7..0e4904b  main -> main
12 ofertas escritas em index.html.
Vitrine publicada com sucesso.
[main 0fc0d93] Atualiza vitrine - 13/09/2026 20:15
 2 files changed, 41 insertions(+), 35 deletions(-)
To github.com:gestordecx/promod-vitrine.git
   0e4904b..0fc0d93  main -> main
12 ofertas escritas em index.html.
Vitrine publicada com sucesso.
[main 09bf13f] Atualiza vitrine - 13/09/2026 20:30
 2 files changed, 7 insertions(+), 1 deletion(-)
To github.com:gestordecx/promod-vitrine.git
   0fc0d93..09bf13f  main -> main
12 ofertas escritas em index.html.
Vitrine publicada com sucesso.
[main 099f072] Atualiza vitrine - 13/09/2026 20:45
 2 files changed, 7 insertions(+), 1 deletion(-)
To github.com:gestordecx/promod-vitrine.git
   09bf13f..099f072  main -> main
12 ofertas escritas em index.html.
Vitrine publicada com sucesso.
[main 95e6789] Atualiza vitrine - 13/09/2026 21:00
 2 files changed, 7 insertions(+), 1 deletion(-)
To github.com:gestordecx/promod-vitrine.git
   099f072..95e6789  main -> main
12 ofertas escritas em index.html.
Vitrine publicada com sucesso.
[main 31bf09c] Atualiza vitrine - 13/09/2026 21:15
 2 files changed, 74 insertions(+), 67 deletions(-)
To github.com:gestordecx/promod-vitrine.git
   95e6789..31bf09c  main -> main
12 ofertas escritas em index.html.
Vitrine publicada com sucesso.
[main b912c01] Atualiza vitrine - 13/09/2026 21:30
 2 files changed, 40 insertions(+), 34 deletions(-)
To github.com:gestordecx/promod-vitrine.git
   31bf09c..b912c01  main -> main
12 ofertas escritas em index.html.
Vitrine publicada com sucesso.
[main 7c08652] Atualiza vitrine - 13/09/2026 21:45
 2 files changed, 58 insertions(+), 49 deletions(-)
To github.com:gestordecx/promod-vitrine.git
   b912c01..7c08652  main -> main
12 ofertas escritas em index.html.
Vitrine publicada com sucesso.
[main 1c1e5ff] Atualiza vitrine - 13/09/2026 22:00
 2 files changed, 73 insertions(+), 66 deletions(-)
To github.com:gestordecx/promod-vitrine.git
   7c08652..1c1e5ff  main -> main
12 ofertas escritas em index.html.
Vitrine publicada com sucesso.
[main b4bf6ff] Atualiza vitrine - 13/09/2026 22:15
 2 files changed, 7 insertions(+), 1 deletion(-)
To github.com:gestordecx/promod-vitrine.git
   1c1e5ff..b4bf6ff  main -> main
12 ofertas escritas em index.html.
Vitrine publicada com sucesso.
[main 803cf94] Atualiza vitrine - 13/09/2026 22:30
 2 files changed, 7 insertions(+), 1 deletion(-)
To github.com:gestordecx/promod-vitrine.git
   b4bf6ff..803cf94  main -> main
12 ofertas escritas em index.html.
Vitrine publicada com sucesso.
[main f46a062] Atualiza vitrine - 13/09/2026 22:45
 2 files changed, 63 insertions(+), 57 deletions(-)
To github.com:gestordecx/promod-vitrine.git
   803cf94..f46a062  main -> main
12 ofertas escritas em index.html.
Vitrine publicada com sucesso.
[main 7c19710] Atualiza vitrine - 13/09/2026 23:00
 2 files changed, 7 insertions(+), 1 deletion(-)
To github.com:gestordecx/promod-vitrine.git
   f46a062..7c19710  main -> main
12 ofertas escritas em index.html.
Vitrine publicada com sucesso.
[main 779f920] Atualiza vitrine - 13/09/2026 23:15
 2 files changed, 7 insertions(+), 1 deletion(-)
To github.com:gestordecx/promod-vitrine.git
   7c19710..779f920  main -> main
12 ofertas escritas em index.html.
Vitrine publicada com sucesso.
[main 784c37b] Atualiza vitrine - 13/09/2026 23:30
 2 files changed, 7 insertions(+), 1 deletion(-)
To github.com:gestordecx/promod-vitrine.git
   779f920..784c37b  main -> main
12 ofertas escritas em index.html.
Vitrine publicada com sucesso.
[main 6f08e22] Atualiza vitrine - 13/09/2026 23:45
 2 files changed, 39 insertions(+), 35 deletions(-)
To github.com:gestordecx/promod-vitrine.git
   784c37b..6f08e22  main -> main
12 ofertas escritas em index.html.
Vitrine publicada com sucesso.
[main 79fef3d] Atualiza vitrine - 14/09/2026 00:00
 2 files changed, 55 insertions(+), 49 deletions(-)
To github.com:gestordecx/promod-vitrine.git
   6f08e22..79fef3d  main -> main
12 ofertas escritas em index.html.
Vitrine publicada com sucesso.
[main d14f750] Atualiza vitrine - 14/09/2026 00:15
 2 files changed, 58 insertions(+), 51 deletions(-)
To github.com:gestordecx/promod-vitrine.git
   79fef3d..d14f750  main -> main
12 ofertas escritas em index.html.
Vitrine publicada com sucesso.
[main eabb9b9] Atualiza vitrine - 14/09/2026 00:30
 2 files changed, 23 insertions(+), 18 deletions(-)
To github.com:gestordecx/promod-vitrine.git
   d14f750..eabb9b9  main -> main
12 ofertas escritas em index.html.
Vitrine publicada com sucesso.
[main bbc299a] Atualiza vitrine - 14/09/2026 00:45
 2 files changed, 91 insertions(+), 85 deletions(-)
To github.com:gestordecx/promod-vitrine.git
   eabb9b9..bbc299a  main -> main
12 ofertas escritas em index.html.
Vitrine publicada com sucesso.
[main 103492e] Atualiza vitrine - 14/09/2026 01:00
 2 files changed, 90 insertions(+), 84 deletions(-)
To github.com:gestordecx/promod-vitrine.git
   bbc299a..103492e  main -> main
12 ofertas escritas em index.html.
Vitrine publicada com sucesso.
[main 1f723ad] Atualiza vitrine - 14/09/2026 01:15
 2 files changed, 75 insertions(+), 69 deletions(-)
To github.com:gestordecx/promod-vitrine.git
   103492e..1f723ad  main -> main
12 ofertas escritas em index.html.
Vitrine publicada com sucesso.
[main 0b1ad66] Atualiza vitrine - 14/09/2026 01:30
 2 files changed, 34 insertions(+), 28 deletions(-)
To github.com:gestordecx/promod-vitrine.git
   1f723ad..0b1ad66  main -> main
12 ofertas escritas em index.html.
Vitrine publicada com sucesso.
[main 7347df8] Atualiza vitrine - 14/09/2026 01:45
 2 files changed, 24 insertions(+), 18 deletions(-)
To github.com:gestordecx/promod-vitrine.git
   0b1ad66..7347df8  main -> main
12 ofertas escritas em index.html.
Vitrine publicada com sucesso.
[main f275c7e] Atualiza vitrine - 14/09/2026 02:00
 2 files changed, 7 insertions(+), 1 deletion(-)
To github.com:gestordecx/promod-vitrine.git
   7347df8..f275c7e  main -> main
12 ofertas escritas em index.html.
Vitrine publicada com sucesso.
[main c2e224c] Atualiza vitrine - 14/09/2026 02:15
 2 files changed, 33 insertions(+), 27 deletions(-)
To github.com:gestordecx/promod-vitrine.git
   f275c7e..c2e224c  main -> main
12 ofertas escritas em index.html.
Vitrine publicada com sucesso.
[main 85322de] Atualiza vitrine - 14/09/2026 02:30
 2 files changed, 23 insertions(+), 17 deletions(-)
To github.com:gestordecx/promod-vitrine.git
   c2e224c..85322de  main -> main
12 ofertas escritas em index.html.
Vitrine publicada com sucesso.
[main 55a4236] Atualiza vitrine - 14/09/2026 02:45
 2 files changed, 7 insertions(+), 1 deletion(-)
To github.com:gestordecx/promod-vitrine.git
   85322de..55a4236  main -> main
12 ofertas escritas em index.html.
Vitrine publicada com sucesso.
[main 11e637c] Atualiza vitrine - 14/09/2026 03:00
 2 files changed, 7 insertions(+), 1 deletion(-)
To github.com:gestordecx/promod-vitrine.git
   55a4236..11e637c  main -> main
12 ofertas escritas em index.html.
Vitrine publicada com sucesso.
[main 684dee3] Atualiza vitrine - 14/09/2026 03:15
 2 files changed, 7 insertions(+), 1 deletion(-)
To github.com:gestordecx/promod-vitrine.git
   11e637c..684dee3  main -> main
12 ofertas escritas em index.html.
Vitrine publicada com sucesso.
[main f0e0c32] Atualiza vitrine - 14/09/2026 03:30
 2 files changed, 7 insertions(+), 1 deletion(-)
To github.com:gestordecx/promod-vitrine.git
   684dee3..f0e0c32  main -> main
12 ofertas escritas em index.html.
Vitrine publicada com sucesso.
[main bdb4343] Atualiza vitrine - 14/09/2026 03:45
 2 files changed, 24 insertions(+), 18 deletions(-)
To github.com:gestordecx/promod-vitrine.git
   f0e0c32..bdb4343  main -> main
12 ofertas escritas em index.html.
Vitrine publicada com sucesso.
[main b1df44a] Atualiza vitrine - 14/09/2026 04:00
 2 files changed, 7 insertions(+), 1 deletion(-)
To github.com:gestordecx/promod-vitrine.git
   bdb4343..b1df44a  main -> main
12 ofertas escritas em index.html.
Vitrine publicada com sucesso.
[main ac23752] Atualiza vitrine - 14/09/2026 04:15
 2 files changed, 40 insertions(+), 34 deletions(-)
To github.com:gestordecx/promod-vitrine.git
   b1df44a..ac23752  main -> main
12 ofertas escritas em index.html.
Vitrine publicada com sucesso.
[main 7d51dcd] Atualiza vitrine - 14/09/2026 04:30
 2 files changed, 41 insertions(+), 35 deletions(-)
To github.com:gestordecx/promod-vitrine.git
   ac23752..7d51dcd  main -> main
12 ofertas escritas em index.html.
Vitrine publicada com sucesso.
[main 24d33d6] Atualiza vitrine - 14/09/2026 04:45
 2 files changed, 7 insertions(+), 1 deletion(-)
To github.com:gestordecx/promod-vitrine.git
   7d51dcd..24d33d6  main -> main
12 ofertas escritas em index.html.
Vitrine publicada com sucesso.
[main db97156] Atualiza vitrine - 14/09/2026 05:00
 2 files changed, 7 insertions(+), 1 deletion(-)
To github.com:gestordecx/promod-vitrine.git
   24d33d6..db97156  main -> main
12 ofertas escritas em index.html.
Vitrine publicada com sucesso.
[main 67183b6] Atualiza vitrine - 14/09/2026 05:15
 2 files changed, 23 insertions(+), 17 deletions(-)
To github.com:gestordecx/promod-vitrine.git
   db97156..67183b6  main -> main
12 ofertas escritas em index.html.
Vitrine publicada com sucesso.
[main 230d76e] Atualiza vitrine - 14/09/2026 05:30
 2 files changed, 7 insertions(+), 1 deletion(-)
To github.com:gestordecx/promod-vitrine.git
   67183b6..230d76e  main -> main
12 ofertas escritas em index.html.
Vitrine publicada com sucesso.
[main 7bfbf6d] Atualiza vitrine - 14/09/2026 05:45
 2 files changed, 7 insertions(+), 1 deletion(-)
To github.com:gestordecx/promod-vitrine.git
   230d76e..7bfbf6d  main -> main
12 ofertas escritas em index.html.
Vitrine publicada com sucesso.
[main fed411f] Atualiza vitrine - 14/09/2026 06:00
 2 files changed, 7 insertions(+), 1 deletion(-)
To github.com:gestordecx/promod-vitrine.git
   7bfbf6d..fed411f  main -> main
12 ofertas escritas em index.html.
Vitrine publicada com sucesso.
[main 31adbcf] Atualiza vitrine - 14/09/2026 06:15
 2 files changed, 53 insertions(+), 47 deletions(-)
To github.com:gestordecx/promod-vitrine.git
   fed411f..31adbcf  main -> main
12 ofertas escritas em index.html.
Vitrine publicada com sucesso.
[main 77c2ffb] Atualiza vitrine - 14/09/2026 06:30
 2 files changed, 7 insertions(+), 1 deletion(-)
To github.com:gestordecx/promod-vitrine.git
   31adbcf..77c2ffb  main -> main
12 ofertas escritas em index.html.
Vitrine publicada com sucesso.
[main 2e8e5b5] Atualiza vitrine - 14/09/2026 06:45
 2 files changed, 23 insertions(+), 17 deletions(-)
To github.com:gestordecx/promod-vitrine.git
   77c2ffb..2e8e5b5  main -> main
12 ofertas escritas em index.html.
Vitrine publicada com sucesso.
[main ed990a0] Atualiza vitrine - 14/09/2026 07:00
 2 files changed, 7 insertions(+), 1 deletion(-)
To github.com:gestordecx/promod-vitrine.git
   2e8e5b5..ed990a0  main -> main
12 ofertas escritas em index.html.
Vitrine publicada com sucesso.
[main 9cf21c1] Atualiza vitrine - 14/09/2026 07:15
 2 files changed, 7 insertions(+), 1 deletion(-)
To github.com:gestordecx/promod-vitrine.git
   ed990a0..9cf21c1  main -> main
12 ofertas escritas em index.html.
Vitrine publicada com sucesso.
[main 1c3b741] Atualiza vitrine - 14/09/2026 07:30
 2 files changed, 52 insertions(+), 46 deletions(-)
To github.com:gestordecx/promod-vitrine.git
   9cf21c1..1c3b741  main -> main
12 ofertas escritas em index.html.
Vitrine publicada com sucesso.
[main 02a153b] Atualiza vitrine - 14/09/2026 07:45
 2 files changed, 97 insertions(+), 94 deletions(-)
To github.com:gestordecx/promod-vitrine.git
   1c3b741..02a153b  main -> main
12 ofertas escritas em index.html.
Vitrine publicada com sucesso.
[main e2ea45d] Atualiza vitrine - 14/09/2026 08:00
 2 files changed, 23 insertions(+), 17 deletions(-)
To github.com:gestordecx/promod-vitrine.git
   02a153b..e2ea45d  main -> main
12 ofertas escritas em index.html.
Vitrine publicada com sucesso.
[main 782b9fd] Atualiza vitrine - 14/09/2026 08:15
 2 files changed, 96 insertions(+), 90 deletions(-)
To github.com:gestordecx/promod-vitrine.git
   e2ea45d..782b9fd  main -> main
12 ofertas escritas em index.html.
Vitrine publicada com sucesso.
[main ef9cba4] Atualiza vitrine - 14/09/2026 08:30
 2 files changed, 40 insertions(+), 34 deletions(-)
To github.com:gestordecx/promod-vitrine.git
   782b9fd..ef9cba4  main -> main
12 ofertas escritas em index.html.
Vitrine publicada com sucesso.
[main d63067e] Atualiza vitrine - 14/09/2026 08:45
 2 files changed, 105 insertions(+), 96 deletions(-)
To github.com:gestordecx/promod-vitrine.git
   ef9cba4..d63067e  main -> main
12 ofertas escritas em index.html.
Vitrine publicada com sucesso.
[main 25719b1] Atualiza vitrine - 14/09/2026 09:00
 2 files changed, 100 insertions(+), 96 deletions(-)
To github.com:gestordecx/promod-vitrine.git
   d63067e..25719b1  main -> main
12 ofertas escritas em index.html.
Vitrine publicada com sucesso.
[main 9d37d64] Atualiza vitrine - 14/09/2026 09:15
 2 files changed, 104 insertions(+), 96 deletions(-)
To github.com:gestordecx/promod-vitrine.git
   25719b1..9d37d64  main -> main
12 ofertas escritas em index.html.
Vitrine publicada com sucesso.
[main 759fe30] Atualiza vitrine - 14/09/2026 09:30
 2 files changed, 114 insertions(+), 103 deletions(-)
To github.com:gestordecx/promod-vitrine.git
   9d37d64..759fe30  main -> main
12 ofertas escritas em index.html.
Vitrine publicada com sucesso.
[main 4f8b794] Atualiza vitrine - 14/09/2026 09:45
 2 files changed, 110 insertions(+), 109 deletions(-)
To github.com:gestordecx/promod-vitrine.git
   759fe30..4f8b794  main -> main
12 ofertas escritas em index.html.
Vitrine publicada com sucesso.
[main 6125d7f] Atualiza vitrine - 14/09/2026 10:00
 2 files changed, 104 insertions(+), 98 deletions(-)
To github.com:gestordecx/promod-vitrine.git
   4f8b794..6125d7f  main -> main
12 ofertas escritas em index.html.
Vitrine publicada com sucesso.
[main bf80da1] Atualiza vitrine - 14/09/2026 10:15
 2 files changed, 72 insertions(+), 66 deletions(-)
To github.com:gestordecx/promod-vitrine.git
   6125d7f..bf80da1  main -> main
12 ofertas escritas em index.html.
Vitrine publicada com sucesso.
[main e8ab753] Atualiza vitrine - 14/09/2026 10:30
 2 files changed, 79 insertions(+), 73 deletions(-)
To github.com:gestordecx/promod-vitrine.git
   bf80da1..e8ab753  main -> main
12 ofertas escritas em index.html.
Vitrine publicada com sucesso.
[main 179fc97] Atualiza vitrine - 14/09/2026 10:45
 2 files changed, 102 insertions(+), 95 deletions(-)
To github.com:gestordecx/promod-vitrine.git
   e8ab753..179fc97  main -> main
12 ofertas escritas em index.html.
Vitrine publicada com sucesso.
[main ad6866b] Atualiza vitrine - 14/09/2026 11:00
 2 files changed, 55 insertions(+), 49 deletions(-)
To github.com:gestordecx/promod-vitrine.git
   179fc97..ad6866b  main -> main
12 ofertas escritas em index.html.
Vitrine publicada com sucesso.
[main 6204dbe] Atualiza vitrine - 14/09/2026 11:15
 2 files changed, 104 insertions(+), 102 deletions(-)
To github.com:gestordecx/promod-vitrine.git
   ad6866b..6204dbe  main -> main
12 ofertas escritas em index.html.
Vitrine publicada com sucesso.
[main c6584cf] Atualiza vitrine - 14/09/2026 11:30
 2 files changed, 103 insertions(+), 97 deletions(-)
To github.com:gestordecx/promod-vitrine.git
   6204dbe..c6584cf  main -> main
12 ofertas escritas em index.html.
Vitrine publicada com sucesso.
[main 29af137] Atualiza vitrine - 14/09/2026 11:45
 2 files changed, 98 insertions(+), 92 deletions(-)
To github.com:gestordecx/promod-vitrine.git
   c6584cf..29af137  main -> main
12 ofertas escritas em index.html.
Vitrine publicada com sucesso.
[main 3c72efd] Atualiza vitrine - 14/09/2026 12:00
 2 files changed, 84 insertions(+), 78 deletions(-)
To github.com:gestordecx/promod-vitrine.git
   29af137..3c72efd  main -> main
12 ofertas escritas em index.html.
Vitrine publicada com sucesso.
[main fa5bbe7] Atualiza vitrine - 14/09/2026 12:15
 2 files changed, 75 insertions(+), 69 deletions(-)
To github.com:gestordecx/promod-vitrine.git
   3c72efd..fa5bbe7  main -> main
12 ofertas escritas em index.html.
Vitrine publicada com sucesso.
[main fd94fea] Atualiza vitrine - 14/09/2026 12:30
 2 files changed, 97 insertions(+), 91 deletions(-)
To github.com:gestordecx/promod-vitrine.git
   fa5bbe7..fd94fea  main -> main
12 ofertas escritas em index.html.
Vitrine publicada com sucesso.
[main b140d2f] Atualiza vitrine - 14/09/2026 12:45
 2 files changed, 54 insertions(+), 48 deletions(-)
To github.com:gestordecx/promod-vitrine.git
   fd94fea..b140d2f  main -> main
12 ofertas escritas em index.html.
Vitrine publicada com sucesso.
[main fca61d8] Atualiza vitrine - 14/09/2026 13:00
 2 files changed, 51 insertions(+), 45 deletions(-)
To github.com:gestordecx/promod-vitrine.git
   b140d2f..fca61d8  main -> main
12 ofertas escritas em index.html.
Vitrine publicada com sucesso.
[main 3ac421e] Atualiza vitrine - 14/09/2026 13:15
 2 files changed, 65 insertions(+), 59 deletions(-)
To github.com:gestordecx/promod-vitrine.git
   fca61d8..3ac421e  main -> main
12 ofertas escritas em index.html.
Vitrine publicada com sucesso.
[main 3fb833a] Atualiza vitrine - 14/09/2026 13:30
 2 files changed, 72 insertions(+), 66 deletions(-)
To github.com:gestordecx/promod-vitrine.git
   3ac421e..3fb833a  main -> main
12 ofertas escritas em index.html.
Vitrine publicada com sucesso.
[main 9993839] Atualiza vitrine - 14/09/2026 13:45
 2 files changed, 86 insertions(+), 80 deletions(-)
To github.com:gestordecx/promod-vitrine.git
   3fb833a..9993839  main -> main
12 ofertas escritas em index.html.
Vitrine publicada com sucesso.
[main 25fcc2f] Atualiza vitrine - 14/09/2026 14:00
 2 files changed, 78 insertions(+), 72 deletions(-)
To github.com:gestordecx/promod-vitrine.git
   9993839..25fcc2f  main -> main
12 ofertas escritas em index.html.
Vitrine publicada com sucesso.
[main 8d3b23c] Atualiza vitrine - 14/09/2026 14:15
 2 files changed, 52 insertions(+), 46 deletions(-)
To github.com:gestordecx/promod-vitrine.git
   25fcc2f..8d3b23c  main -> main
12 ofertas escritas em index.html.
Vitrine publicada com sucesso.
[main 87cd848] Atualiza vitrine - 14/09/2026 14:30
 2 files changed, 71 insertions(+), 65 deletions(-)
To github.com:gestordecx/promod-vitrine.git
   8d3b23c..87cd848  main -> main
12 ofertas escritas em index.html.
Vitrine publicada com sucesso.
[main 7377c8b] Atualiza vitrine - 14/09/2026 14:45
 2 files changed, 107 insertions(+), 98 deletions(-)
To github.com:gestordecx/promod-vitrine.git
   87cd848..7377c8b  main -> main
12 ofertas escritas em index.html.
Vitrine publicada com sucesso.
[main 3b732a5] Atualiza vitrine - 14/09/2026 15:00
 2 files changed, 105 insertions(+), 93 deletions(-)
To github.com:gestordecx/promod-vitrine.git
   7377c8b..3b732a5  main -> main
12 ofertas escritas em index.html.
Vitrine publicada com sucesso.
[main d4c9fa7] Atualiza vitrine - 14/09/2026 15:15
 2 files changed, 112 insertions(+), 106 deletions(-)
To github.com:gestordecx/promod-vitrine.git
   3b732a5..d4c9fa7  main -> main
12 ofertas escritas em index.html.
Vitrine publicada com sucesso.
[main ca4cc76] Atualiza vitrine - 14/09/2026 15:30
 2 files changed, 95 insertions(+), 92 deletions(-)
To github.com:gestordecx/promod-vitrine.git
   d4c9fa7..ca4cc76  main -> main
12 ofertas escritas em index.html.
Vitrine publicada com sucesso.
[main e9b10ac] Atualiza vitrine - 14/09/2026 15:45
 2 files changed, 95 insertions(+), 90 deletions(-)
To github.com:gestordecx/promod-vitrine.git
   ca4cc76..e9b10ac  main -> main
12 ofertas escritas em index.html.
Vitrine publicada com sucesso.
[main 9f0f67d] Atualiza vitrine - 14/09/2026 16:00
 2 files changed, 91 insertions(+), 85 deletions(-)
To github.com:gestordecx/promod-vitrine.git
   e9b10ac..9f0f67d  main -> main
12 ofertas escritas em index.html.
Vitrine publicada com sucesso.
[main 85e3ad4] Atualiza vitrine - 14/09/2026 16:15
 2 files changed, 7 insertions(+), 1 deletion(-)
To github.com:gestordecx/promod-vitrine.git
   9f0f67d..85e3ad4  main -> main
12 ofertas escritas em index.html.
Vitrine publicada com sucesso.
[main 07c7127] Atualiza vitrine - 14/09/2026 16:30
 2 files changed, 7 insertions(+), 1 deletion(-)
To github.com:gestordecx/promod-vitrine.git
   85e3ad4..07c7127  main -> main
12 ofertas escritas em index.html.
Vitrine publicada com sucesso.
[main 8a4f2f0] Atualiza vitrine - 14/09/2026 16:45
 2 files changed, 7 insertions(+), 1 deletion(-)
To github.com:gestordecx/promod-vitrine.git
   07c7127..8a4f2f0  main -> main
12 ofertas escritas em index.html.
Vitrine publicada com sucesso.
[main db9cbb7] Atualiza vitrine - 14/09/2026 17:00
 2 files changed, 7 insertions(+), 1 deletion(-)
To github.com:gestordecx/promod-vitrine.git
   8a4f2f0..db9cbb7  main -> main
12 ofertas escritas em index.html.
Vitrine publicada com sucesso.
[main 0860319] Atualiza vitrine - 14/09/2026 17:15
 2 files changed, 7 insertions(+), 1 deletion(-)
To github.com:gestordecx/promod-vitrine.git
   db9cbb7..0860319  main -> main
12 ofertas escritas em index.html.
Vitrine publicada com sucesso.
[main 94e0614] Atualiza vitrine - 14/09/2026 17:30
 2 files changed, 7 insertions(+), 1 deletion(-)
To github.com:gestordecx/promod-vitrine.git
   0860319..94e0614  main -> main
12 ofertas escritas em index.html.
Vitrine publicada com sucesso.
[main 4d5601c] Atualiza vitrine - 14/09/2026 17:45
 2 files changed, 7 insertions(+), 1 deletion(-)
To github.com:gestordecx/promod-vitrine.git
   94e0614..4d5601c  main -> main
12 ofertas escritas em index.html.
Vitrine publicada com sucesso.
[main cb6bc5b] Atualiza vitrine - 14/09/2026 18:00
 2 files changed, 7 insertions(+), 1 deletion(-)
To github.com:gestordecx/promod-vitrine.git
   4d5601c..cb6bc5b  main -> main
12 ofertas escritas em index.html.
Vitrine publicada com sucesso.
[main bcf3c49] Atualiza vitrine - 14/09/2026 18:15
 2 files changed, 7 insertions(+), 1 deletion(-)
To github.com:gestordecx/promod-vitrine.git
   cb6bc5b..bcf3c49  main -> main
12 ofertas escritas em index.html.
Vitrine publicada com sucesso.
[main e2b02ab] Atualiza vitrine - 14/09/2026 18:30
 2 files changed, 7 insertions(+), 1 deletion(-)
To github.com:gestordecx/promod-vitrine.git
   bcf3c49..e2b02ab  main -> main
12 ofertas escritas em index.html.
Vitrine publicada com sucesso.
[main 218945c] Atualiza vitrine - 14/09/2026 18:45
 2 files changed, 7 insertions(+), 1 deletion(-)
To github.com:gestordecx/promod-vitrine.git
   e2b02ab..218945c  main -> main
12 ofertas escritas em index.html.
Vitrine publicada com sucesso.
[main 1e58669] Atualiza vitrine - 14/09/2026 19:00
 2 files changed, 7 insertions(+), 1 deletion(-)
To github.com:gestordecx/promod-vitrine.git
   218945c..1e58669  main -> main
12 ofertas escritas em index.html.
Vitrine publicada com sucesso.
[main fda9e67] Atualiza vitrine - 14/09/2026 19:15
 2 files changed, 7 insertions(+), 1 deletion(-)
To github.com:gestordecx/promod-vitrine.git
   1e58669..fda9e67  main -> main
12 ofertas escritas em index.html.
Vitrine publicada com sucesso.
[main 5bab69a] Atualiza vitrine - 14/09/2026 19:30
 2 files changed, 7 insertions(+), 1 deletion(-)
To github.com:gestordecx/promod-vitrine.git
   fda9e67..5bab69a  main -> main
12 ofertas escritas em index.html.
Vitrine publicada com sucesso.
[main d3953a0] Atualiza vitrine - 14/09/2026 19:45
 2 files changed, 23 insertions(+), 18 deletions(-)
To github.com:gestordecx/promod-vitrine.git
   5bab69a..d3953a0  main -> main
12 ofertas escritas em index.html.
Vitrine publicada com sucesso.
[main 12ce0bb] Atualiza vitrine - 14/09/2026 20:00
 2 files changed, 7 insertions(+), 1 deletion(-)
To github.com:gestordecx/promod-vitrine.git
   d3953a0..12ce0bb  main -> main
12 ofertas escritas em index.html.
Vitrine publicada com sucesso.
[main 0718ead] Atualiza vitrine - 14/09/2026 20:15
 2 files changed, 55 insertions(+), 51 deletions(-)
To github.com:gestordecx/promod-vitrine.git
   12ce0bb..0718ead  main -> main
12 ofertas escritas em index.html.
Vitrine publicada com sucesso.
[main 9453c98] Atualiza vitrine - 14/09/2026 20:30
 2 files changed, 23 insertions(+), 18 deletions(-)
To github.com:gestordecx/promod-vitrine.git
   0718ead..9453c98  main -> main
12 ofertas escritas em index.html.
Vitrine publicada com sucesso.
[main 0e4d8f5] Atualiza vitrine - 14/09/2026 20:45
 2 files changed, 7 insertions(+), 1 deletion(-)
To github.com:gestordecx/promod-vitrine.git
   9453c98..0e4d8f5  main -> main
12 ofertas escritas em index.html.
Vitrine publicada com sucesso.
[main 1b219a8] Atualiza vitrine - 14/09/2026 21:00
 2 files changed, 7 insertions(+), 1 deletion(-)
To github.com:gestordecx/promod-vitrine.git
   0e4d8f5..1b219a8  main -> main
12 ofertas escritas em index.html.
Vitrine publicada com sucesso.
[main 2b12212] Atualiza vitrine - 14/09/2026 21:15
 2 files changed, 7 insertions(+), 1 deletion(-)
To github.com:gestordecx/promod-vitrine.git
   1b219a8..2b12212  main -> main
12 ofertas escritas em index.html.
Vitrine publicada com sucesso.
[main 1423ca2] Atualiza vitrine - 14/09/2026 21:30
 2 files changed, 7 insertions(+), 1 deletion(-)
To github.com:gestordecx/promod-vitrine.git
   2b12212..1423ca2  main -> main
12 ofertas escritas em index.html.
Vitrine publicada com sucesso.
[main 3d114d4] Atualiza vitrine - 14/09/2026 21:45
 2 files changed, 7 insertions(+), 1 deletion(-)
To github.com:gestordecx/promod-vitrine.git
   1423ca2..3d114d4  main -> main
12 ofertas escritas em index.html.
Vitrine publicada com sucesso.
[main a407319] Atualiza vitrine - 14/09/2026 22:00
 2 files changed, 7 insertions(+), 1 deletion(-)
To github.com:gestordecx/promod-vitrine.git
   3d114d4..a407319  main -> main
12 ofertas escritas em index.html.
Vitrine publicada com sucesso.
[main 452c026] Atualiza vitrine - 14/09/2026 22:15
 2 files changed, 7 insertions(+), 1 deletion(-)
To github.com:gestordecx/promod-vitrine.git
   a407319..452c026  main -> main
12 ofertas escritas em index.html.
Vitrine publicada com sucesso.
[main 8b7c1ad] Atualiza vitrine - 14/09/2026 22:30
 2 files changed, 7 insertions(+), 1 deletion(-)
To github.com:gestordecx/promod-vitrine.git
   452c026..8b7c1ad  main -> main
12 ofertas escritas em index.html.
Vitrine publicada com sucesso.
[main 85b1f14] Atualiza vitrine - 14/09/2026 22:45
 2 files changed, 7 insertions(+), 1 deletion(-)
To github.com:gestordecx/promod-vitrine.git
   8b7c1ad..85b1f14  main -> main
12 ofertas escritas em index.html.
Vitrine publicada com sucesso.
[main 22f691b] Atualiza vitrine - 14/09/2026 23:00
 2 files changed, 7 insertions(+), 1 deletion(-)
To github.com:gestordecx/promod-vitrine.git
   85b1f14..22f691b  main -> main
12 ofertas escritas em index.html.
Vitrine publicada com sucesso.
[main 53071bb] Atualiza vitrine - 14/09/2026 23:15
 2 files changed, 7 insertions(+), 1 deletion(-)
To github.com:gestordecx/promod-vitrine.git
   22f691b..53071bb  main -> main
12 ofertas escritas em index.html.
Vitrine publicada com sucesso.
[main 5b3f143] Atualiza vitrine - 14/09/2026 23:30
 2 files changed, 7 insertions(+), 1 deletion(-)
To github.com:gestordecx/promod-vitrine.git
   53071bb..5b3f143  main -> main
12 ofertas escritas em index.html.
Vitrine publicada com sucesso.
[main 73fbf79] Atualiza vitrine - 14/09/2026 23:45
 2 files changed, 7 insertions(+), 1 deletion(-)
To github.com:gestordecx/promod-vitrine.git
   5b3f143..73fbf79  main -> main
12 ofertas escritas em index.html.
Vitrine publicada com sucesso.
[main b9a16a2] Atualiza vitrine - 15/09/2026 00:00
 2 files changed, 7 insertions(+), 1 deletion(-)
To github.com:gestordecx/promod-vitrine.git
   73fbf79..b9a16a2  main -> main
12 ofertas escritas em index.html.
Vitrine publicada com sucesso.
[main d6c674f] Atualiza vitrine - 15/09/2026 00:15
 2 files changed, 105 insertions(+), 100 deletions(-)
ssh: Could not resolve hostname github.com: Temporary failure in name resolution
fatal: Could not read from remote repository.

Please make sure you have the correct access rights
and the repository exists.
12 ofertas escritas em index.html.
Traceback (most recent call last):
  File "/home/darlan/projetos/promod-vitrine/gerar_vitrine.py", line 580, in <module>
    main()
  File "/home/darlan/projetos/promod-vitrine/gerar_vitrine.py", line 576, in main
    publicar_no_git()
  File "/home/darlan/projetos/promod-vitrine/gerar_vitrine.py", line 564, in publicar_no_git
    subprocess.run(["git", "push"], cwd=REPO_DIR, check=True)
  File "/usr/lib/python3.12/subprocess.py", line 571, in run
    raise CalledProcessError(retcode, process.args,
subprocess.CalledProcessError: Command '['git', 'push']' returned non-zero exit status 128.
[main 4e8bf36] Atualiza vitrine - 15/09/2026 00:30
 2 files changed, 114 insertions(+), 94 deletions(-)
To github.com:gestordecx/promod-vitrine.git
   b9a16a2..4e8bf36  main -> main
12 ofertas escritas em index.html.
Vitrine publicada com sucesso.
[main e5cdff4] Atualiza vitrine - 15/09/2026 00:45
 2 files changed, 101 insertions(+), 95 deletions(-)
To github.com:gestordecx/promod-vitrine.git
   4e8bf36..e5cdff4  main -> main
12 ofertas escritas em index.html.
Vitrine publicada com sucesso.
[main 54e1528] Atualiza vitrine - 15/09/2026 01:00
 2 files changed, 32 insertions(+), 26 deletions(-)
To github.com:gestordecx/promod-vitrine.git
   e5cdff4..54e1528  main -> main
12 ofertas escritas em index.html.
Vitrine publicada com sucesso.
[main 74b9831] Atualiza vitrine - 15/09/2026 01:15
 2 files changed, 33 insertions(+), 27 deletions(-)
To github.com:gestordecx/promod-vitrine.git
   54e1528..74b9831  main -> main
12 ofertas escritas em index.html.
Vitrine publicada com sucesso.
[main 4abd310] Atualiza vitrine - 15/09/2026 01:30
 2 files changed, 23 insertions(+), 17 deletions(-)
To github.com:gestordecx/promod-vitrine.git
   74b9831..4abd310  main -> main
12 ofertas escritas em index.html.
Vitrine publicada com sucesso.
[main f0dbcfb] Atualiza vitrine - 15/09/2026 01:45
 2 files changed, 7 insertions(+), 1 deletion(-)
To github.com:gestordecx/promod-vitrine.git
   4abd310..f0dbcfb  main -> main
12 ofertas escritas em index.html.
Vitrine publicada com sucesso.
[main 2b77cc5] Atualiza vitrine - 15/09/2026 02:00
 2 files changed, 23 insertions(+), 17 deletions(-)
To github.com:gestordecx/promod-vitrine.git
   f0dbcfb..2b77cc5  main -> main
12 ofertas escritas em index.html.
Vitrine publicada com sucesso.
[main ede5926] Atualiza vitrine - 15/09/2026 02:15
 2 files changed, 7 insertions(+), 1 deletion(-)
To github.com:gestordecx/promod-vitrine.git
   2b77cc5..ede5926  main -> main
12 ofertas escritas em index.html.
Vitrine publicada com sucesso.
[main 8bfb149] Atualiza vitrine - 15/09/2026 02:30
 2 files changed, 7 insertions(+), 1 deletion(-)
To github.com:gestordecx/promod-vitrine.git
   ede5926..8bfb149  main -> main
12 ofertas escritas em index.html.
Vitrine publicada com sucesso.
[main ad6e60d] Atualiza vitrine - 15/09/2026 02:45
 2 files changed, 7 insertions(+), 1 deletion(-)
To github.com:gestordecx/promod-vitrine.git
   8bfb149..ad6e60d  main -> main
12 ofertas escritas em index.html.
Vitrine publicada com sucesso.
[main aec6ca0] Atualiza vitrine - 15/09/2026 03:00
 2 files changed, 41 insertions(+), 35 deletions(-)
To github.com:gestordecx/promod-vitrine.git
   ad6e60d..aec6ca0  main -> main
12 ofertas escritas em index.html.
Vitrine publicada com sucesso.
[main 4926606] Atualiza vitrine - 15/09/2026 03:15
 2 files changed, 7 insertions(+), 1 deletion(-)
To github.com:gestordecx/promod-vitrine.git
   aec6ca0..4926606  main -> main
12 ofertas escritas em index.html.
Vitrine publicada com sucesso.
[main faccb29] Atualiza vitrine - 15/09/2026 03:30
 2 files changed, 41 insertions(+), 35 deletions(-)
To github.com:gestordecx/promod-vitrine.git
   4926606..faccb29  main -> main
12 ofertas escritas em index.html.
Vitrine publicada com sucesso.
[main ae38c19] Atualiza vitrine - 15/09/2026 03:45
 2 files changed, 7 insertions(+), 1 deletion(-)
To github.com:gestordecx/promod-vitrine.git
   faccb29..ae38c19  main -> main
12 ofertas escritas em index.html.
Vitrine publicada com sucesso.
[main 463c8f3] Atualiza vitrine - 15/09/2026 04:00
 2 files changed, 7 insertions(+), 1 deletion(-)
To github.com:gestordecx/promod-vitrine.git
   ae38c19..463c8f3  main -> main
12 ofertas escritas em index.html.
Vitrine publicada com sucesso.
[main 2889146] Atualiza vitrine - 15/09/2026 04:15
 2 files changed, 7 insertions(+), 1 deletion(-)
To github.com:gestordecx/promod-vitrine.git
   463c8f3..2889146  main -> main
12 ofertas escritas em index.html.
Vitrine publicada com sucesso.
[main 14d51c6] Atualiza vitrine - 15/09/2026 04:30
 2 files changed, 7 insertions(+), 1 deletion(-)
To github.com:gestordecx/promod-vitrine.git
   2889146..14d51c6  main -> main
12 ofertas escritas em index.html.
Vitrine publicada com sucesso.
[main 37ae175] Atualiza vitrine - 15/09/2026 04:45
 2 files changed, 7 insertions(+), 1 deletion(-)
To github.com:gestordecx/promod-vitrine.git
   14d51c6..37ae175  main -> main
12 ofertas escritas em index.html.
Vitrine publicada com sucesso.
[main fb8c2b5] Atualiza vitrine - 15/09/2026 05:00
 2 files changed, 7 insertions(+), 1 deletion(-)
To github.com:gestordecx/promod-vitrine.git
   37ae175..fb8c2b5  main -> main
12 ofertas escritas em index.html.
Vitrine publicada com sucesso.
[main 23a40e1] Atualiza vitrine - 15/09/2026 05:15
 2 files changed, 71 insertions(+), 65 deletions(-)
To github.com:gestordecx/promod-vitrine.git
   fb8c2b5..23a40e1  main -> main
12 ofertas escritas em index.html.
Vitrine publicada com sucesso.
[main 37c5abc] Atualiza vitrine - 15/09/2026 05:30
 2 files changed, 7 insertions(+), 1 deletion(-)
To github.com:gestordecx/promod-vitrine.git
   23a40e1..37c5abc  main -> main
12 ofertas escritas em index.html.
Vitrine publicada com sucesso.
[main 2e89fbe] Atualiza vitrine - 15/09/2026 05:45
 2 files changed, 7 insertions(+), 1 deletion(-)
To github.com:gestordecx/promod-vitrine.git
   37c5abc..2e89fbe  main -> main
12 ofertas escritas em index.html.
Vitrine publicada com sucesso.
[main ed23332] Atualiza vitrine - 15/09/2026 06:00
 2 files changed, 7 insertions(+), 1 deletion(-)
To github.com:gestordecx/promod-vitrine.git
   2e89fbe..ed23332  main -> main
12 ofertas escritas em index.html.
Vitrine publicada com sucesso.
[main f7bbc57] Atualiza vitrine - 15/09/2026 06:15
 2 files changed, 24 insertions(+), 18 deletions(-)
To github.com:gestordecx/promod-vitrine.git
   ed23332..f7bbc57  main -> main
12 ofertas escritas em index.html.
Vitrine publicada com sucesso.
[main 6bcdf88] Atualiza vitrine - 15/09/2026 06:30
 2 files changed, 7 insertions(+), 1 deletion(-)
To github.com:gestordecx/promod-vitrine.git
   f7bbc57..6bcdf88  main -> main
12 ofertas escritas em index.html.
Vitrine publicada com sucesso.
[main 84c35e2] Atualiza vitrine - 15/09/2026 06:45
 2 files changed, 39 insertions(+), 33 deletions(-)
To github.com:gestordecx/promod-vitrine.git
   6bcdf88..84c35e2  main -> main
12 ofertas escritas em index.html.
Vitrine publicada com sucesso.
[main b6afb30] Atualiza vitrine - 15/09/2026 07:00
 2 files changed, 23 insertions(+), 17 deletions(-)
To github.com:gestordecx/promod-vitrine.git
   84c35e2..b6afb30  main -> main
12 ofertas escritas em index.html.
Vitrine publicada com sucesso.
[main a0b4b2d] Atualiza vitrine - 15/09/2026 07:15
 2 files changed, 92 insertions(+), 85 deletions(-)
To github.com:gestordecx/promod-vitrine.git
   b6afb30..a0b4b2d  main -> main
12 ofertas escritas em index.html.
Vitrine publicada com sucesso.
[main 27357a2] Atualiza vitrine - 15/09/2026 07:30
 2 files changed, 39 insertions(+), 33 deletions(-)
To github.com:gestordecx/promod-vitrine.git
   a0b4b2d..27357a2  main -> main
12 ofertas escritas em index.html.
Vitrine publicada com sucesso.
[main 8a6d2fe] Atualiza vitrine - 15/09/2026 07:45
 2 files changed, 56 insertions(+), 49 deletions(-)
To github.com:gestordecx/promod-vitrine.git
   27357a2..8a6d2fe  main -> main
12 ofertas escritas em index.html.
Vitrine publicada com sucesso.
[main df4b10e] Atualiza vitrine - 15/09/2026 08:00
 2 files changed, 74 insertions(+), 68 deletions(-)
To github.com:gestordecx/promod-vitrine.git
   8a6d2fe..df4b10e  main -> main
12 ofertas escritas em index.html.
Vitrine publicada com sucesso.
[main 8292789] Atualiza vitrine - 15/09/2026 08:15
 2 files changed, 98 insertions(+), 90 deletions(-)
To github.com:gestordecx/promod-vitrine.git
   df4b10e..8292789  main -> main
12 ofertas escritas em index.html.
Vitrine publicada com sucesso.
[main 5f32d42] Atualiza vitrine - 15/09/2026 08:30
 2 files changed, 48 insertions(+), 43 deletions(-)
To github.com:gestordecx/promod-vitrine.git
   8292789..5f32d42  main -> main
12 ofertas escritas em index.html.
Vitrine publicada com sucesso.
[main 89f5f2d] Atualiza vitrine - 15/09/2026 08:45
 2 files changed, 103 insertions(+), 98 deletions(-)
To github.com:gestordecx/promod-vitrine.git
   5f32d42..89f5f2d  main -> main
12 ofertas escritas em index.html.
Vitrine publicada com sucesso.
[main f311626] Atualiza vitrine - 15/09/2026 09:00
 2 files changed, 112 insertions(+), 99 deletions(-)
To github.com:gestordecx/promod-vitrine.git
   89f5f2d..f311626  main -> main
12 ofertas escritas em index.html.
Vitrine publicada com sucesso.
[main ebb5d80] Atualiza vitrine - 15/09/2026 09:15
 2 files changed, 70 insertions(+), 65 deletions(-)
To github.com:gestordecx/promod-vitrine.git
   f311626..ebb5d80  main -> main
12 ofertas escritas em index.html.
Vitrine publicada com sucesso.
[main 98db85d] Atualiza vitrine - 15/09/2026 09:30
 2 files changed, 88 insertions(+), 82 deletions(-)
To github.com:gestordecx/promod-vitrine.git
   ebb5d80..98db85d  main -> main
12 ofertas escritas em index.html.
Vitrine publicada com sucesso.
[main 4016584] Atualiza vitrine - 15/09/2026 09:45
 2 files changed, 97 insertions(+), 91 deletions(-)
To github.com:gestordecx/promod-vitrine.git
   98db85d..4016584  main -> main
12 ofertas escritas em index.html.
Vitrine publicada com sucesso.
[main 5b50c4b] Atualiza vitrine - 15/09/2026 10:00
 2 files changed, 65 insertions(+), 59 deletions(-)
To github.com:gestordecx/promod-vitrine.git
   4016584..5b50c4b  main -> main
12 ofertas escritas em index.html.
Vitrine publicada com sucesso.
[main 9f5e356] Atualiza vitrine - 15/09/2026 10:15
 2 files changed, 91 insertions(+), 90 deletions(-)
To github.com:gestordecx/promod-vitrine.git
   5b50c4b..9f5e356  main -> main
12 ofertas escritas em index.html.
Vitrine publicada com sucesso.
[main 6f590e3] Atualiza vitrine - 15/09/2026 10:30
 2 files changed, 96 insertions(+), 90 deletions(-)
To github.com:gestordecx/promod-vitrine.git
   9f5e356..6f590e3  main -> main
12 ofertas escritas em index.html.
Vitrine publicada com sucesso.
[main 7778a46] Atualiza vitrine - 15/09/2026 10:45
 2 files changed, 55 insertions(+), 51 deletions(-)
To github.com:gestordecx/promod-vitrine.git
   6f590e3..7778a46  main -> main
12 ofertas escritas em index.html.
Vitrine publicada com sucesso.
[main 792ed97] Atualiza vitrine - 15/09/2026 11:00
 2 files changed, 89 insertions(+), 80 deletions(-)
To github.com:gestordecx/promod-vitrine.git
   7778a46..792ed97  main -> main
12 ofertas escritas em index.html.
Vitrine publicada com sucesso.
[main 9177ad6] Atualiza vitrine - 15/09/2026 11:15
 2 files changed, 80 insertions(+), 76 deletions(-)
To github.com:gestordecx/promod-vitrine.git
   792ed97..9177ad6  main -> main
12 ofertas escritas em index.html.
Vitrine publicada com sucesso.
[main 9ec8ec4] Atualiza vitrine - 15/09/2026 11:30
 2 files changed, 107 insertions(+), 102 deletions(-)
To github.com:gestordecx/promod-vitrine.git
   9177ad6..9ec8ec4  main -> main
12 ofertas escritas em index.html.
Vitrine publicada com sucesso.
[main 680f299] Atualiza vitrine - 15/09/2026 11:45
 2 files changed, 91 insertions(+), 83 deletions(-)
To github.com:gestordecx/promod-vitrine.git
   9ec8ec4..680f299  main -> main
12 ofertas escritas em index.html.
Vitrine publicada com sucesso.
[main da7bf5d] Atualiza vitrine - 15/09/2026 12:00
 2 files changed, 55 insertions(+), 52 deletions(-)
To github.com:gestordecx/promod-vitrine.git
   680f299..da7bf5d  main -> main
12 ofertas escritas em index.html.
Vitrine publicada com sucesso.
[main cf1730e] Atualiza vitrine - 15/09/2026 12:15
 2 files changed, 88 insertions(+), 82 deletions(-)
To github.com:gestordecx/promod-vitrine.git
   da7bf5d..cf1730e  main -> main
12 ofertas escritas em index.html.
Vitrine publicada com sucesso.
[main d2b4204] Atualiza vitrine - 15/09/2026 12:30
 2 files changed, 72 insertions(+), 62 deletions(-)
To github.com:gestordecx/promod-vitrine.git
   cf1730e..d2b4204  main -> main
12 ofertas escritas em index.html.
Vitrine publicada com sucesso.
[main 0a23459] Atualiza vitrine - 15/09/2026 12:45
 2 files changed, 41 insertions(+), 37 deletions(-)
To github.com:gestordecx/promod-vitrine.git
   d2b4204..0a23459  main -> main
12 ofertas escritas em index.html.
Vitrine publicada com sucesso.
[main 281395e] Atualiza vitrine - 15/09/2026 13:00
 2 files changed, 44 insertions(+), 40 deletions(-)
To github.com:gestordecx/promod-vitrine.git
   0a23459..281395e  main -> main
12 ofertas escritas em index.html.
Vitrine publicada com sucesso.
[main bbd228c] Atualiza vitrine - 15/09/2026 13:15
 2 files changed, 39 insertions(+), 35 deletions(-)
To github.com:gestordecx/promod-vitrine.git
   281395e..bbd228c  main -> main
12 ofertas escritas em index.html.
Vitrine publicada com sucesso.
[main 284dbb9] Atualiza vitrine - 15/09/2026 13:30
 2 files changed, 87 insertions(+), 79 deletions(-)
To github.com:gestordecx/promod-vitrine.git
   bbd228c..284dbb9  main -> main
12 ofertas escritas em index.html.
Vitrine publicada com sucesso.
[main 00938d9] Atualiza vitrine - 15/09/2026 13:45
 2 files changed, 71 insertions(+), 65 deletions(-)
To github.com:gestordecx/promod-vitrine.git
   284dbb9..00938d9  main -> main
12 ofertas escritas em index.html.
Vitrine publicada com sucesso.
[main 0c7785f] Atualiza vitrine - 15/09/2026 14:00
 2 files changed, 75 insertions(+), 69 deletions(-)
To github.com:gestordecx/promod-vitrine.git
   00938d9..0c7785f  main -> main
12 ofertas escritas em index.html.
Vitrine publicada com sucesso.
[main 40bb85e] Atualiza vitrine - 15/09/2026 14:15
 2 files changed, 33 insertions(+), 27 deletions(-)
To github.com:gestordecx/promod-vitrine.git
   0c7785f..40bb85e  main -> main
12 ofertas escritas em index.html.
Vitrine publicada com sucesso.
[main b52d993] Atualiza vitrine - 15/09/2026 14:30
 2 files changed, 40 insertions(+), 34 deletions(-)
To github.com:gestordecx/promod-vitrine.git
   40bb85e..b52d993  main -> main
12 ofertas escritas em index.html.
Vitrine publicada com sucesso.
[main dafc1fb] Atualiza vitrine - 15/09/2026 14:45
 2 files changed, 107 insertions(+), 96 deletions(-)
To github.com:gestordecx/promod-vitrine.git
   b52d993..dafc1fb  main -> main
12 ofertas escritas em index.html.
Vitrine publicada com sucesso.
[main 4eef94d] Atualiza vitrine - 15/09/2026 15:00
 2 files changed, 96 insertions(+), 90 deletions(-)
To github.com:gestordecx/promod-vitrine.git
   dafc1fb..4eef94d  main -> main
12 ofertas escritas em index.html.
Vitrine publicada com sucesso.
[main 8a104c5] Atualiza vitrine - 15/09/2026 15:15
 2 files changed, 104 insertions(+), 105 deletions(-)
To github.com:gestordecx/promod-vitrine.git
   4eef94d..8a104c5  main -> main
12 ofertas escritas em index.html.
Vitrine publicada com sucesso.
[main 8783893] Atualiza vitrine - 15/09/2026 15:30
 2 files changed, 72 insertions(+), 66 deletions(-)
To github.com:gestordecx/promod-vitrine.git
   8a104c5..8783893  main -> main
12 ofertas escritas em index.html.
Vitrine publicada com sucesso.
[main cb06e3a] Atualiza vitrine - 15/09/2026 15:45
 2 files changed, 102 insertions(+), 92 deletions(-)
To github.com:gestordecx/promod-vitrine.git
   8783893..cb06e3a  main -> main
12 ofertas escritas em index.html.
Vitrine publicada com sucesso.
[main 4b402b0] Atualiza vitrine - 15/09/2026 16:00
 2 files changed, 39 insertions(+), 35 deletions(-)
To github.com:gestordecx/promod-vitrine.git
   cb06e3a..4b402b0  main -> main
12 ofertas escritas em index.html.
Vitrine publicada com sucesso.
[main a9be72d] Atualiza vitrine - 15/09/2026 16:15
 2 files changed, 56 insertions(+), 49 deletions(-)
To github.com:gestordecx/promod-vitrine.git
   4b402b0..a9be72d  main -> main
12 ofertas escritas em index.html.
Vitrine publicada com sucesso.
[main 9494b23] Atualiza vitrine - 15/09/2026 16:30
 2 files changed, 75 insertions(+), 71 deletions(-)
To github.com:gestordecx/promod-vitrine.git
   a9be72d..9494b23  main -> main
12 ofertas escritas em index.html.
Vitrine publicada com sucesso.
[main c8bcf6a] Atualiza vitrine - 15/09/2026 16:45
 2 files changed, 67 insertions(+), 61 deletions(-)
To github.com:gestordecx/promod-vitrine.git
   9494b23..c8bcf6a  main -> main
12 ofertas escritas em index.html.
Vitrine publicada com sucesso.
[main d4b9721] Atualiza vitrine - 15/09/2026 17:00
 2 files changed, 73 insertions(+), 67 deletions(-)
To github.com:gestordecx/promod-vitrine.git
   c8bcf6a..d4b9721  main -> main
12 ofertas escritas em index.html.
Vitrine publicada com sucesso.
[main 8256760] Atualiza vitrine - 15/09/2026 17:15
 2 files changed, 104 insertions(+), 98 deletions(-)
To github.com:gestordecx/promod-vitrine.git
   d4b9721..8256760  main -> main
12 ofertas escritas em index.html.
Vitrine publicada com sucesso.
[main d3ad093] Atualiza vitrine - 15/09/2026 17:30
 2 files changed, 40 insertions(+), 33 deletions(-)
To github.com:gestordecx/promod-vitrine.git
   8256760..d3ad093  main -> main
12 ofertas escritas em index.html.
Vitrine publicada com sucesso.
[main a8c472d] Atualiza vitrine - 15/09/2026 17:45
 2 files changed, 75 insertions(+), 69 deletions(-)
To github.com:gestordecx/promod-vitrine.git
   d3ad093..a8c472d  main -> main
12 ofertas escritas em index.html.
Vitrine publicada com sucesso.
[main 07608ca] Atualiza vitrine - 15/09/2026 18:00
 2 files changed, 39 insertions(+), 33 deletions(-)
To github.com:gestordecx/promod-vitrine.git
   a8c472d..07608ca  main -> main
12 ofertas escritas em index.html.
Vitrine publicada com sucesso.
[main dfac839] Atualiza vitrine - 15/09/2026 18:15
 2 files changed, 73 insertions(+), 68 deletions(-)
To github.com:gestordecx/promod-vitrine.git
   07608ca..dfac839  main -> main
12 ofertas escritas em index.html.
Vitrine publicada com sucesso.
[main df7fbe2] Atualiza vitrine - 15/09/2026 18:30
 2 files changed, 69 insertions(+), 64 deletions(-)
To github.com:gestordecx/promod-vitrine.git
   dfac839..df7fbe2  main -> main
12 ofertas escritas em index.html.
Vitrine publicada com sucesso.
[main 4c5fa45] Atualiza vitrine - 15/09/2026 18:45
 2 files changed, 107 insertions(+), 96 deletions(-)
To github.com:gestordecx/promod-vitrine.git
   df7fbe2..4c5fa45  main -> main
12 ofertas escritas em index.html.
Vitrine publicada com sucesso.
[main 793e9db] Atualiza vitrine - 15/09/2026 19:00
 2 files changed, 85 insertions(+), 82 deletions(-)
To github.com:gestordecx/promod-vitrine.git
   4c5fa45..793e9db  main -> main
12 ofertas escritas em index.html.
Vitrine publicada com sucesso.
[main ea4d5db] Atualiza vitrine - 15/09/2026 19:15
 2 files changed, 51 insertions(+), 45 deletions(-)
To github.com:gestordecx/promod-vitrine.git
   793e9db..ea4d5db  main -> main
12 ofertas escritas em index.html.
Vitrine publicada com sucesso.
[main 5e94203] Atualiza vitrine - 15/09/2026 19:30
 2 files changed, 7 insertions(+), 1 deletion(-)
To github.com:gestordecx/promod-vitrine.git
   ea4d5db..5e94203  main -> main
12 ofertas escritas em index.html.
Vitrine publicada com sucesso.
[main 89896b3] Atualiza vitrine - 15/09/2026 19:45
 2 files changed, 98 insertions(+), 94 deletions(-)
To github.com:gestordecx/promod-vitrine.git
   5e94203..89896b3  main -> main
12 ofertas escritas em index.html.
Vitrine publicada com sucesso.
[main cd8f7e3] Atualiza vitrine - 15/09/2026 20:00
 2 files changed, 61 insertions(+), 55 deletions(-)
To github.com:gestordecx/promod-vitrine.git
   89896b3..cd8f7e3  main -> main
12 ofertas escritas em index.html.
Vitrine publicada com sucesso.
[main 3f0824d] Atualiza vitrine - 15/09/2026 20:15
 2 files changed, 39 insertions(+), 33 deletions(-)
To github.com:gestordecx/promod-vitrine.git
   cd8f7e3..3f0824d  main -> main
12 ofertas escritas em index.html.
Vitrine publicada com sucesso.
[main 26482fe] Atualiza vitrine - 15/09/2026 20:30
 2 files changed, 106 insertions(+), 95 deletions(-)
To github.com:gestordecx/promod-vitrine.git
   3f0824d..26482fe  main -> main
12 ofertas escritas em index.html.
Vitrine publicada com sucesso.
[main 8bc37ef] Atualiza vitrine - 15/09/2026 20:45
 2 files changed, 55 insertions(+), 49 deletions(-)
To github.com:gestordecx/promod-vitrine.git
   26482fe..8bc37ef  main -> main
12 ofertas escritas em index.html.
Vitrine publicada com sucesso.
[main 2658678] Atualiza vitrine - 15/09/2026 21:00
 2 files changed, 65 insertions(+), 56 deletions(-)
To github.com:gestordecx/promod-vitrine.git
   8bc37ef..2658678  main -> main
12 ofertas escritas em index.html.
Vitrine publicada com sucesso.
[main baf3c79] Atualiza vitrine - 15/09/2026 21:30
 2 files changed, 101 insertions(+), 95 deletions(-)
To github.com:gestordecx/promod-vitrine.git
   2658678..baf3c79  main -> main
12 ofertas escritas em index.html.
Vitrine publicada com sucesso.
[main 8b6bc0d] Atualiza vitrine - 15/09/2026 21:45
 2 files changed, 24 insertions(+), 18 deletions(-)
To github.com:gestordecx/promod-vitrine.git
   baf3c79..8b6bc0d  main -> main
12 ofertas escritas em index.html.
Vitrine publicada com sucesso.
[main cd653c6] Atualiza vitrine - 15/09/2026 22:00
 2 files changed, 41 insertions(+), 35 deletions(-)
To github.com:gestordecx/promod-vitrine.git
   8b6bc0d..cd653c6  main -> main
12 ofertas escritas em index.html.
Vitrine publicada com sucesso.
[main a301f1b] Atualiza vitrine - 15/09/2026 22:15
 2 files changed, 24 insertions(+), 18 deletions(-)
To github.com:gestordecx/promod-vitrine.git
   cd653c6..a301f1b  main -> main
12 ofertas escritas em index.html.
Vitrine publicada com sucesso.
[main ac31567] Atualiza vitrine - 15/09/2026 22:30
 2 files changed, 51 insertions(+), 48 deletions(-)
To github.com:gestordecx/promod-vitrine.git
   a301f1b..ac31567  main -> main
12 ofertas escritas em index.html.
Vitrine publicada com sucesso.
[main c560f93] Atualiza vitrine - 15/09/2026 22:45
 2 files changed, 24 insertions(+), 18 deletions(-)
To github.com:gestordecx/promod-vitrine.git
   ac31567..c560f93  main -> main
12 ofertas escritas em index.html.
Vitrine publicada com sucesso.
[main b5dbf6c] Atualiza vitrine - 15/09/2026 23:00
 2 files changed, 60 insertions(+), 54 deletions(-)
To github.com:gestordecx/promod-vitrine.git
   c560f93..b5dbf6c  main -> main
12 ofertas escritas em index.html.
Vitrine publicada com sucesso.
[main f510358] Atualiza vitrine - 15/09/2026 23:15
 2 files changed, 24 insertions(+), 18 deletions(-)
To github.com:gestordecx/promod-vitrine.git
   b5dbf6c..f510358  main -> main
12 ofertas escritas em index.html.
Vitrine publicada com sucesso.
[main 556eb51] Atualiza vitrine - 15/09/2026 23:30
 2 files changed, 7 insertions(+), 1 deletion(-)
To github.com:gestordecx/promod-vitrine.git
   f510358..556eb51  main -> main
12 ofertas escritas em index.html.
Vitrine publicada com sucesso.
[main f892a16] Atualiza vitrine - 15/09/2026 23:45
 2 files changed, 88 insertions(+), 82 deletions(-)
To github.com:gestordecx/promod-vitrine.git
   556eb51..f892a16  main -> main
12 ofertas escritas em index.html.
Vitrine publicada com sucesso.
[main 6484343] Atualiza vitrine - 16/09/2026 00:00
 2 files changed, 24 insertions(+), 18 deletions(-)
To github.com:gestordecx/promod-vitrine.git
   f892a16..6484343  main -> main
12 ofertas escritas em index.html.
Vitrine publicada com sucesso.
[main 9fc9f6f] Atualiza vitrine - 16/09/2026 00:15
 2 files changed, 76 insertions(+), 69 deletions(-)
To github.com:gestordecx/promod-vitrine.git
   6484343..9fc9f6f  main -> main
12 ofertas escritas em index.html.
Vitrine publicada com sucesso.
[main 131b07d] Atualiza vitrine - 16/09/2026 00:30
 2 files changed, 39 insertions(+), 33 deletions(-)
To github.com:gestordecx/promod-vitrine.git
   9fc9f6f..131b07d  main -> main
12 ofertas escritas em index.html.
Vitrine publicada com sucesso.
[main dd46b4b] Atualiza vitrine - 16/09/2026 00:45
 2 files changed, 57 insertions(+), 51 deletions(-)
To github.com:gestordecx/promod-vitrine.git
   131b07d..dd46b4b  main -> main
12 ofertas escritas em index.html.
Vitrine publicada com sucesso.
[main 4e27aac] Atualiza vitrine - 16/09/2026 01:00
 2 files changed, 102 insertions(+), 99 deletions(-)
To github.com:gestordecx/promod-vitrine.git
   dd46b4b..4e27aac  main -> main
12 ofertas escritas em index.html.
Vitrine publicada com sucesso.
[main 603508e] Atualiza vitrine - 16/09/2026 01:15
 2 files changed, 81 insertions(+), 75 deletions(-)
To github.com:gestordecx/promod-vitrine.git
   4e27aac..603508e  main -> main
12 ofertas escritas em index.html.
Vitrine publicada com sucesso.
[main d826e50] Atualiza vitrine - 16/09/2026 01:30
 2 files changed, 34 insertions(+), 28 deletions(-)
To github.com:gestordecx/promod-vitrine.git
   603508e..d826e50  main -> main
12 ofertas escritas em index.html.
Vitrine publicada com sucesso.
[main a6e40bc] Atualiza vitrine - 16/09/2026 01:45
 2 files changed, 7 insertions(+), 1 deletion(-)
To github.com:gestordecx/promod-vitrine.git
   d826e50..a6e40bc  main -> main
12 ofertas escritas em index.html.
Vitrine publicada com sucesso.
[main 2407ab3] Atualiza vitrine - 16/09/2026 02:00
 2 files changed, 24 insertions(+), 18 deletions(-)
To github.com:gestordecx/promod-vitrine.git
   a6e40bc..2407ab3  main -> main
12 ofertas escritas em index.html.
Vitrine publicada com sucesso.
[main c18927c] Atualiza vitrine - 16/09/2026 02:15
 2 files changed, 7 insertions(+), 1 deletion(-)
To github.com:gestordecx/promod-vitrine.git
   2407ab3..c18927c  main -> main
12 ofertas escritas em index.html.
Vitrine publicada com sucesso.
[main 68e9bdc] Atualiza vitrine - 16/09/2026 02:30
 2 files changed, 7 insertions(+), 1 deletion(-)
To github.com:gestordecx/promod-vitrine.git
   c18927c..68e9bdc  main -> main
12 ofertas escritas em index.html.
Vitrine publicada com sucesso.
[main 0c8cbaa] Atualiza vitrine - 16/09/2026 02:45
 2 files changed, 7 insertions(+), 1 deletion(-)
To github.com:gestordecx/promod-vitrine.git
   68e9bdc..0c8cbaa  main -> main
12 ofertas escritas em index.html.
Vitrine publicada com sucesso.
[main 91797c2] Atualiza vitrine - 16/09/2026 03:00
 2 files changed, 7 insertions(+), 1 deletion(-)
To github.com:gestordecx/promod-vitrine.git
   0c8cbaa..91797c2  main -> main
12 ofertas escritas em index.html.
Vitrine publicada com sucesso.
[main fcb6205] Atualiza vitrine - 16/09/2026 03:15
 2 files changed, 7 insertions(+), 1 deletion(-)
To github.com:gestordecx/promod-vitrine.git
   91797c2..fcb6205  main -> main
12 ofertas escritas em index.html.
Vitrine publicada com sucesso.
[main 1886216] Atualiza vitrine - 16/09/2026 03:30
 2 files changed, 7 insertions(+), 1 deletion(-)
To github.com:gestordecx/promod-vitrine.git
   fcb6205..1886216  main -> main
12 ofertas escritas em index.html.
Vitrine publicada com sucesso.
[main 5b8257c] Atualiza vitrine - 16/09/2026 03:45
 2 files changed, 23 insertions(+), 20 deletions(-)
To github.com:gestordecx/promod-vitrine.git
   1886216..5b8257c  main -> main
12 ofertas escritas em index.html.
Vitrine publicada com sucesso.
[main f5f7d0d] Atualiza vitrine - 16/09/2026 04:00
 2 files changed, 24 insertions(+), 18 deletions(-)
To github.com:gestordecx/promod-vitrine.git
   5b8257c..f5f7d0d  main -> main
12 ofertas escritas em index.html.
Vitrine publicada com sucesso.
[main b6dda8a] Atualiza vitrine - 16/09/2026 04:15
 2 files changed, 44 insertions(+), 38 deletions(-)
To github.com:gestordecx/promod-vitrine.git
   f5f7d0d..b6dda8a  main -> main
12 ofertas escritas em index.html.
Vitrine publicada com sucesso.
[main 0c71c36] Atualiza vitrine - 16/09/2026 04:30
 2 files changed, 7 insertions(+), 1 deletion(-)
To github.com:gestordecx/promod-vitrine.git
   b6dda8a..0c71c36  main -> main
12 ofertas escritas em index.html.
Vitrine publicada com sucesso.
[main 0c412ea] Atualiza vitrine - 16/09/2026 04:45
 2 files changed, 7 insertions(+), 1 deletion(-)
To github.com:gestordecx/promod-vitrine.git
   0c71c36..0c412ea  main -> main
12 ofertas escritas em index.html.
Vitrine publicada com sucesso.
[main d2f228a] Atualiza vitrine - 16/09/2026 05:00
 2 files changed, 34 insertions(+), 28 deletions(-)
To github.com:gestordecx/promod-vitrine.git
   0c412ea..d2f228a  main -> main
12 ofertas escritas em index.html.
Vitrine publicada com sucesso.
[main 028e349] Atualiza vitrine - 16/09/2026 05:15
 2 files changed, 39 insertions(+), 33 deletions(-)
To github.com:gestordecx/promod-vitrine.git
   d2f228a..028e349  main -> main
12 ofertas escritas em index.html.
Vitrine publicada com sucesso.
[main 6a55311] Atualiza vitrine - 16/09/2026 05:30
 2 files changed, 42 insertions(+), 33 deletions(-)
To github.com:gestordecx/promod-vitrine.git
   028e349..6a55311  main -> main
12 ofertas escritas em index.html.
Vitrine publicada com sucesso.
[main bda90c2] Atualiza vitrine - 16/09/2026 05:45
 2 files changed, 39 insertions(+), 33 deletions(-)
To github.com:gestordecx/promod-vitrine.git
   6a55311..bda90c2  main -> main
12 ofertas escritas em index.html.
Vitrine publicada com sucesso.
[main 93b47be] Atualiza vitrine - 16/09/2026 06:00
 2 files changed, 7 insertions(+), 1 deletion(-)
To github.com:gestordecx/promod-vitrine.git
   bda90c2..93b47be  main -> main
12 ofertas escritas em index.html.
Vitrine publicada com sucesso.
[main 049a5d0] Atualiza vitrine - 16/09/2026 06:15
 2 files changed, 7 insertions(+), 1 deletion(-)
To github.com:gestordecx/promod-vitrine.git
   93b47be..049a5d0  main -> main
12 ofertas escritas em index.html.
Vitrine publicada com sucesso.
[main 9f6d705] Atualiza vitrine - 16/09/2026 06:30
 2 files changed, 74 insertions(+), 68 deletions(-)
To github.com:gestordecx/promod-vitrine.git
   049a5d0..9f6d705  main -> main
12 ofertas escritas em index.html.
Vitrine publicada com sucesso.
[main 395c173] Atualiza vitrine - 16/09/2026 06:45
 2 files changed, 24 insertions(+), 18 deletions(-)
To github.com:gestordecx/promod-vitrine.git
   9f6d705..395c173  main -> main
12 ofertas escritas em index.html.
Vitrine publicada com sucesso.
[main 1b6e921] Atualiza vitrine - 16/09/2026 07:00
 2 files changed, 7 insertions(+), 1 deletion(-)
To github.com:gestordecx/promod-vitrine.git
   395c173..1b6e921  main -> main
12 ofertas escritas em index.html.
Vitrine publicada com sucesso.
[main 673ff83] Atualiza vitrine - 16/09/2026 07:15
 2 files changed, 57 insertions(+), 51 deletions(-)
To github.com:gestordecx/promod-vitrine.git
   1b6e921..673ff83  main -> main
12 ofertas escritas em index.html.
Vitrine publicada com sucesso.
[main f03bf5b] Atualiza vitrine - 16/09/2026 07:30
 2 files changed, 7 insertions(+), 1 deletion(-)
To github.com:gestordecx/promod-vitrine.git
   673ff83..f03bf5b  main -> main
12 ofertas escritas em index.html.
Vitrine publicada com sucesso.
[main 4a38def] Atualiza vitrine - 16/09/2026 07:45
 2 files changed, 58 insertions(+), 51 deletions(-)
To github.com:gestordecx/promod-vitrine.git
   f03bf5b..4a38def  main -> main
12 ofertas escritas em index.html.
Vitrine publicada com sucesso.
[main 05ea391] Atualiza vitrine - 16/09/2026 08:00
 2 files changed, 71 insertions(+), 65 deletions(-)
To github.com:gestordecx/promod-vitrine.git
   4a38def..05ea391  main -> main
12 ofertas escritas em index.html.
Vitrine publicada com sucesso.
[main 26ed78a] Atualiza vitrine - 16/09/2026 08:15
 2 files changed, 44 insertions(+), 38 deletions(-)
To github.com:gestordecx/promod-vitrine.git
   05ea391..26ed78a  main -> main
12 ofertas escritas em index.html.
Vitrine publicada com sucesso.
[main 381c908] Atualiza vitrine - 16/09/2026 08:30
 2 files changed, 65 insertions(+), 59 deletions(-)
To github.com:gestordecx/promod-vitrine.git
   26ed78a..381c908  main -> main
12 ofertas escritas em index.html.
Vitrine publicada com sucesso.
[main ff9a6b2] Atualiza vitrine - 16/09/2026 08:45
 2 files changed, 77 insertions(+), 70 deletions(-)
To github.com:gestordecx/promod-vitrine.git
   381c908..ff9a6b2  main -> main
12 ofertas escritas em index.html.
Vitrine publicada com sucesso.
[main eeb8056] Atualiza vitrine - 16/09/2026 09:00
 2 files changed, 58 insertions(+), 52 deletions(-)
To github.com:gestordecx/promod-vitrine.git
   ff9a6b2..eeb8056  main -> main
12 ofertas escritas em index.html.
Vitrine publicada com sucesso.
[main 775f0e0] Atualiza vitrine - 16/09/2026 09:15
 2 files changed, 109 insertions(+), 98 deletions(-)
To github.com:gestordecx/promod-vitrine.git
   eeb8056..775f0e0  main -> main
12 ofertas escritas em index.html.
Vitrine publicada com sucesso.
[main 5e59191] Atualiza vitrine - 16/09/2026 09:30
 2 files changed, 40 insertions(+), 35 deletions(-)
To github.com:gestordecx/promod-vitrine.git
   775f0e0..5e59191  main -> main
12 ofertas escritas em index.html.
Vitrine publicada com sucesso.
[main c6107ba] Atualiza vitrine - 16/09/2026 09:45
 2 files changed, 115 insertions(+), 107 deletions(-)
To github.com:gestordecx/promod-vitrine.git
   5e59191..c6107ba  main -> main
12 ofertas escritas em index.html.
Vitrine publicada com sucesso.
[main 66d9005] Atualiza vitrine - 16/09/2026 10:00
 2 files changed, 105 insertions(+), 105 deletions(-)
To github.com:gestordecx/promod-vitrine.git
   c6107ba..66d9005  main -> main
12 ofertas escritas em index.html.
Vitrine publicada com sucesso.
[main a9ffc1b] Atualiza vitrine - 16/09/2026 10:15
 2 files changed, 43 insertions(+), 35 deletions(-)
To github.com:gestordecx/promod-vitrine.git
   66d9005..a9ffc1b  main -> main
12 ofertas escritas em index.html.
Vitrine publicada com sucesso.
[main 134e778] Atualiza vitrine - 16/09/2026 10:30
 2 files changed, 71 insertions(+), 67 deletions(-)
To github.com:gestordecx/promod-vitrine.git
   a9ffc1b..134e778  main -> main
12 ofertas escritas em index.html.
Vitrine publicada com sucesso.
[main 687ed9a] Atualiza vitrine - 16/09/2026 10:45
 2 files changed, 92 insertions(+), 88 deletions(-)
To github.com:gestordecx/promod-vitrine.git
   134e778..687ed9a  main -> main
12 ofertas escritas em index.html.
Vitrine publicada com sucesso.
[main c676a63] Atualiza vitrine - 16/09/2026 11:00
 2 files changed, 87 insertions(+), 84 deletions(-)
To github.com:gestordecx/promod-vitrine.git
   687ed9a..c676a63  main -> main
12 ofertas escritas em index.html.
Vitrine publicada com sucesso.
[main a690c22] Atualiza vitrine - 16/09/2026 11:15
 2 files changed, 103 insertions(+), 93 deletions(-)
To github.com:gestordecx/promod-vitrine.git
   c676a63..a690c22  main -> main
12 ofertas escritas em index.html.
Vitrine publicada com sucesso.
[main bf95629] Atualiza vitrine - 16/09/2026 11:30
 2 files changed, 96 insertions(+), 90 deletions(-)
To github.com:gestordecx/promod-vitrine.git
   a690c22..bf95629  main -> main
12 ofertas escritas em index.html.
Vitrine publicada com sucesso.
[main 151a492] Atualiza vitrine - 16/09/2026 11:45
 2 files changed, 73 insertions(+), 66 deletions(-)
To github.com:gestordecx/promod-vitrine.git
   bf95629..151a492  main -> main
12 ofertas escritas em index.html.
Vitrine publicada com sucesso.
[main c9cf32a] Atualiza vitrine - 16/09/2026 12:00
 2 files changed, 103 insertions(+), 101 deletions(-)
To github.com:gestordecx/promod-vitrine.git
   151a492..c9cf32a  main -> main
12 ofertas escritas em index.html.
Vitrine publicada com sucesso.
[main f25ded7] Atualiza vitrine - 16/09/2026 12:15
 2 files changed, 40 insertions(+), 35 deletions(-)
To github.com:gestordecx/promod-vitrine.git
   c9cf32a..f25ded7  main -> main
12 ofertas escritas em index.html.
Vitrine publicada com sucesso.
[main 7f4c04b] Atualiza vitrine - 16/09/2026 12:30
 2 files changed, 102 insertions(+), 93 deletions(-)
To github.com:gestordecx/promod-vitrine.git
   f25ded7..7f4c04b  main -> main
12 ofertas escritas em index.html.
Vitrine publicada com sucesso.
[main 5cfd073] Atualiza vitrine - 16/09/2026 12:45
 2 files changed, 91 insertions(+), 83 deletions(-)
To github.com:gestordecx/promod-vitrine.git
   7f4c04b..5cfd073  main -> main
12 ofertas escritas em index.html.
Vitrine publicada com sucesso.
[main 45315b5] Atualiza vitrine - 16/09/2026 13:00
 2 files changed, 99 insertions(+), 98 deletions(-)
To github.com:gestordecx/promod-vitrine.git
   5cfd073..45315b5  main -> main
12 ofertas escritas em index.html.
Vitrine publicada com sucesso.
[main aabc94c] Atualiza vitrine - 16/09/2026 13:15
 2 files changed, 96 insertions(+), 87 deletions(-)
To github.com:gestordecx/promod-vitrine.git
   45315b5..aabc94c  main -> main
12 ofertas escritas em index.html.
Vitrine publicada com sucesso.
[main 21a10ef] Atualiza vitrine - 16/09/2026 13:30
 2 files changed, 23 insertions(+), 17 deletions(-)
To github.com:gestordecx/promod-vitrine.git
   aabc94c..21a10ef  main -> main
12 ofertas escritas em index.html.
Vitrine publicada com sucesso.
[main 0a5c32d] Atualiza vitrine - 16/09/2026 13:45
 2 files changed, 102 insertions(+), 94 deletions(-)
To github.com:gestordecx/promod-vitrine.git
   21a10ef..0a5c32d  main -> main
12 ofertas escritas em index.html.
Vitrine publicada com sucesso.
[main 3566bfa] Atualiza vitrine - 16/09/2026 14:00
 2 files changed, 106 insertions(+), 100 deletions(-)
To github.com:gestordecx/promod-vitrine.git
   0a5c32d..3566bfa  main -> main
12 ofertas escritas em index.html.
Vitrine publicada com sucesso.
[main a7117ec] Atualiza vitrine - 16/09/2026 14:15
 2 files changed, 102 insertions(+), 101 deletions(-)
To github.com:gestordecx/promod-vitrine.git
   3566bfa..a7117ec  main -> main
12 ofertas escritas em index.html.
Vitrine publicada com sucesso.
[main 806c0b9] Atualiza vitrine - 16/09/2026 14:30
 2 files changed, 106 insertions(+), 95 deletions(-)
To github.com:gestordecx/promod-vitrine.git
   a7117ec..806c0b9  main -> main
12 ofertas escritas em index.html.
Vitrine publicada com sucesso.
[main f7863e2] Atualiza vitrine - 16/09/2026 14:45
 2 files changed, 89 insertions(+), 83 deletions(-)
To github.com:gestordecx/promod-vitrine.git
   806c0b9..f7863e2  main -> main
12 ofertas escritas em index.html.
Vitrine publicada com sucesso.
[main a171742] Atualiza vitrine - 16/09/2026 15:00
 2 files changed, 87 insertions(+), 81 deletions(-)
To github.com:gestordecx/promod-vitrine.git
   f7863e2..a171742  main -> main
12 ofertas escritas em index.html.
Vitrine publicada com sucesso.
[main 62054c6] Atualiza vitrine - 16/09/2026 15:15
 2 files changed, 56 insertions(+), 50 deletions(-)
To github.com:gestordecx/promod-vitrine.git
   a171742..62054c6  main -> main
12 ofertas escritas em index.html.
Vitrine publicada com sucesso.
[main 77c9ec8] Atualiza vitrine - 16/09/2026 15:30
 2 files changed, 58 insertions(+), 55 deletions(-)
To github.com:gestordecx/promod-vitrine.git
   62054c6..77c9ec8  main -> main
12 ofertas escritas em index.html.
Vitrine publicada com sucesso.
[main b30838d] Atualiza vitrine - 16/09/2026 15:45
 2 files changed, 109 insertions(+), 99 deletions(-)
To github.com:gestordecx/promod-vitrine.git
   77c9ec8..b30838d  main -> main
12 ofertas escritas em index.html.
Vitrine publicada com sucesso.
[main 583d100] Atualiza vitrine - 16/09/2026 16:00
 2 files changed, 95 insertions(+), 89 deletions(-)
To github.com:gestordecx/promod-vitrine.git
   b30838d..583d100  main -> main
12 ofertas escritas em index.html.
Vitrine publicada com sucesso.
[main f5e0bd4] Atualiza vitrine - 16/09/2026 16:15
 2 files changed, 89 insertions(+), 85 deletions(-)
To github.com:gestordecx/promod-vitrine.git
   583d100..f5e0bd4  main -> main
12 ofertas escritas em index.html.
Vitrine publicada com sucesso.
[main d3ceba7] Atualiza vitrine - 16/09/2026 16:30
 2 files changed, 40 insertions(+), 36 deletions(-)
To github.com:gestordecx/promod-vitrine.git
   f5e0bd4..d3ceba7  main -> main
12 ofertas escritas em index.html.
Vitrine publicada com sucesso.
[main ad3a38d] Atualiza vitrine - 16/09/2026 16:45
 2 files changed, 92 insertions(+), 86 deletions(-)
To github.com:gestordecx/promod-vitrine.git
   d3ceba7..ad3a38d  main -> main
12 ofertas escritas em index.html.
Vitrine publicada com sucesso.
[main d8a75a1] Atualiza vitrine - 16/09/2026 17:00
 2 files changed, 39 insertions(+), 33 deletions(-)
To github.com:gestordecx/promod-vitrine.git
   ad3a38d..d8a75a1  main -> main
12 ofertas escritas em index.html.
Vitrine publicada com sucesso.
[main 9317b70] Atualiza vitrine - 16/09/2026 17:15
 2 files changed, 85 insertions(+), 81 deletions(-)
To github.com:gestordecx/promod-vitrine.git
   d8a75a1..9317b70  main -> main
12 ofertas escritas em index.html.
Vitrine publicada com sucesso.
[main 9096b7c] Atualiza vitrine - 16/09/2026 17:30
 2 files changed, 72 insertions(+), 66 deletions(-)
To github.com:gestordecx/promod-vitrine.git
   9317b70..9096b7c  main -> main
12 ofertas escritas em index.html.
Vitrine publicada com sucesso.
[main 54361ad] Atualiza vitrine - 16/09/2026 17:45
 2 files changed, 7 insertions(+), 1 deletion(-)
To github.com:gestordecx/promod-vitrine.git
   9096b7c..54361ad  main -> main
12 ofertas escritas em index.html.
Vitrine publicada com sucesso.
[main 8aad147] Atualiza vitrine - 16/09/2026 18:00
 2 files changed, 23 insertions(+), 17 deletions(-)
To github.com:gestordecx/promod-vitrine.git
   54361ad..8aad147  main -> main
12 ofertas escritas em index.html.
Vitrine publicada com sucesso.
[main ebe9a8e] Atualiza vitrine - 16/09/2026 18:15
 2 files changed, 39 insertions(+), 33 deletions(-)
To github.com:gestordecx/promod-vitrine.git
   8aad147..ebe9a8e  main -> main
12 ofertas escritas em index.html.
Vitrine publicada com sucesso.
[main 80d839d] Atualiza vitrine - 16/09/2026 18:30
 2 files changed, 23 insertions(+), 17 deletions(-)
To github.com:gestordecx/promod-vitrine.git
   ebe9a8e..80d839d  main -> main
12 ofertas escritas em index.html.
Vitrine publicada com sucesso.
[main 2b1ee24] Atualiza vitrine - 16/09/2026 18:45
 2 files changed, 69 insertions(+), 63 deletions(-)
To github.com:gestordecx/promod-vitrine.git
   80d839d..2b1ee24  main -> main
12 ofertas escritas em index.html.
Vitrine publicada com sucesso.
[main fd744ad] Atualiza vitrine - 16/09/2026 19:00
 2 files changed, 23 insertions(+), 17 deletions(-)
To github.com:gestordecx/promod-vitrine.git
   2b1ee24..fd744ad  main -> main
12 ofertas escritas em index.html.
Vitrine publicada com sucesso.
[main b99ed55] Atualiza vitrine - 16/09/2026 19:15
 2 files changed, 7 insertions(+), 1 deletion(-)
To github.com:gestordecx/promod-vitrine.git
   fd744ad..b99ed55  main -> main
12 ofertas escritas em index.html.
Vitrine publicada com sucesso.
[main a81f2b6] Atualiza vitrine - 16/09/2026 19:30
 2 files changed, 90 insertions(+), 84 deletions(-)
To github.com:gestordecx/promod-vitrine.git
   b99ed55..a81f2b6  main -> main
12 ofertas escritas em index.html.
Vitrine publicada com sucesso.
[main 14321ac] Atualiza vitrine - 16/09/2026 19:45
 2 files changed, 57 insertions(+), 50 deletions(-)
To github.com:gestordecx/promod-vitrine.git
   a81f2b6..14321ac  main -> main
12 ofertas escritas em index.html.
Vitrine publicada com sucesso.
[main 5aee44e] Atualiza vitrine - 16/09/2026 20:00
 2 files changed, 57 insertions(+), 49 deletions(-)
To github.com:gestordecx/promod-vitrine.git
   14321ac..5aee44e  main -> main
12 ofertas escritas em index.html.
Vitrine publicada com sucesso.
[main b75dac9] Atualiza vitrine - 16/09/2026 20:15
 2 files changed, 39 insertions(+), 34 deletions(-)
To github.com:gestordecx/promod-vitrine.git
   5aee44e..b75dac9  main -> main
12 ofertas escritas em index.html.
Vitrine publicada com sucesso.
[main c9bbbaf] Atualiza vitrine - 16/09/2026 20:30
 2 files changed, 104 insertions(+), 98 deletions(-)
To github.com:gestordecx/promod-vitrine.git
   b75dac9..c9bbbaf  main -> main
12 ofertas escritas em index.html.
Vitrine publicada com sucesso.
[main 6f6d658] Atualiza vitrine - 16/09/2026 20:45
 2 files changed, 23 insertions(+), 18 deletions(-)
To github.com:gestordecx/promod-vitrine.git
   c9bbbaf..6f6d658  main -> main
12 ofertas escritas em index.html.
Vitrine publicada com sucesso.
[main 38cb97e] Atualiza vitrine - 16/09/2026 21:00
 2 files changed, 81 insertions(+), 72 deletions(-)
To github.com:gestordecx/promod-vitrine.git
   6f6d658..38cb97e  main -> main
12 ofertas escritas em index.html.
Vitrine publicada com sucesso.
[main 715962b] Atualiza vitrine - 16/09/2026 21:15
 2 files changed, 23 insertions(+), 17 deletions(-)
To github.com:gestordecx/promod-vitrine.git
   38cb97e..715962b  main -> main
12 ofertas escritas em index.html.
Vitrine publicada com sucesso.
[main e7c3e48] Atualiza vitrine - 16/09/2026 21:30
 2 files changed, 39 insertions(+), 33 deletions(-)
To github.com:gestordecx/promod-vitrine.git
   715962b..e7c3e48  main -> main
12 ofertas escritas em index.html.
Vitrine publicada com sucesso.
[main 3fed9ef] Atualiza vitrine - 16/09/2026 21:45
 2 files changed, 76 insertions(+), 70 deletions(-)
To github.com:gestordecx/promod-vitrine.git
   e7c3e48..3fed9ef  main -> main
12 ofertas escritas em index.html.
Vitrine publicada com sucesso.
[main ba69fe5] Atualiza vitrine - 16/09/2026 22:00
 2 files changed, 71 insertions(+), 66 deletions(-)
To github.com:gestordecx/promod-vitrine.git
   3fed9ef..ba69fe5  main -> main
12 ofertas escritas em index.html.
Vitrine publicada com sucesso.
[main fec427e] Atualiza vitrine - 16/09/2026 22:15
 2 files changed, 55 insertions(+), 49 deletions(-)
To github.com:gestordecx/promod-vitrine.git
   ba69fe5..fec427e  main -> main
12 ofertas escritas em index.html.
Vitrine publicada com sucesso.
[main 41f96a7] Atualiza vitrine - 16/09/2026 22:30
 2 files changed, 7 insertions(+), 1 deletion(-)
To github.com:gestordecx/promod-vitrine.git
   fec427e..41f96a7  main -> main
12 ofertas escritas em index.html.
Vitrine publicada com sucesso.
[main 8b054c5] Atualiza vitrine - 16/09/2026 22:45
 2 files changed, 23 insertions(+), 20 deletions(-)
To github.com:gestordecx/promod-vitrine.git
   41f96a7..8b054c5  main -> main
12 ofertas escritas em index.html.
Vitrine publicada com sucesso.
[main 0f045fc] Atualiza vitrine - 16/09/2026 23:00
 2 files changed, 23 insertions(+), 17 deletions(-)
To github.com:gestordecx/promod-vitrine.git
   8b054c5..0f045fc  main -> main
12 ofertas escritas em index.html.
Vitrine publicada com sucesso.
[main 74f97dd] Atualiza vitrine - 16/09/2026 23:15
 2 files changed, 39 insertions(+), 35 deletions(-)
To github.com:gestordecx/promod-vitrine.git
   0f045fc..74f97dd  main -> main
12 ofertas escritas em index.html.
Vitrine publicada com sucesso.
[main b9267f2] Atualiza vitrine - 16/09/2026 23:30
 2 files changed, 39 insertions(+), 35 deletions(-)
To github.com:gestordecx/promod-vitrine.git
   74f97dd..b9267f2  main -> main
12 ofertas escritas em index.html.
Vitrine publicada com sucesso.
[main 7e0017c] Atualiza vitrine - 16/09/2026 23:45
 2 files changed, 42 insertions(+), 33 deletions(-)
To github.com:gestordecx/promod-vitrine.git
   b9267f2..7e0017c  main -> main
12 ofertas escritas em index.html.
Vitrine publicada com sucesso.
[main 841d86a] Atualiza vitrine - 17/09/2026 00:00
 2 files changed, 23 insertions(+), 17 deletions(-)
To github.com:gestordecx/promod-vitrine.git
   7e0017c..841d86a  main -> main
12 ofertas escritas em index.html.
Vitrine publicada com sucesso.
[main b7157f7] Atualiza vitrine - 17/09/2026 00:15
 2 files changed, 109 insertions(+), 95 deletions(-)
To github.com:gestordecx/promod-vitrine.git
   841d86a..b7157f7  main -> main
12 ofertas escritas em index.html.
Vitrine publicada com sucesso.
[main b1c4611] Atualiza vitrine - 17/09/2026 00:30
 2 files changed, 78 insertions(+), 76 deletions(-)
To github.com:gestordecx/promod-vitrine.git
   b7157f7..b1c4611  main -> main
12 ofertas escritas em index.html.
Vitrine publicada com sucesso.
[main de14927] Atualiza vitrine - 17/09/2026 00:45
 2 files changed, 52 insertions(+), 46 deletions(-)
To github.com:gestordecx/promod-vitrine.git
   b1c4611..de14927  main -> main
12 ofertas escritas em index.html.
Vitrine publicada com sucesso.
[main 17a85ab] Atualiza vitrine - 17/09/2026 01:00
 2 files changed, 91 insertions(+), 85 deletions(-)
To github.com:gestordecx/promod-vitrine.git
   de14927..17a85ab  main -> main
12 ofertas escritas em index.html.
Vitrine publicada com sucesso.
[main 974fb52] Atualiza vitrine - 17/09/2026 01:15
 2 files changed, 33 insertions(+), 27 deletions(-)
To github.com:gestordecx/promod-vitrine.git
   17a85ab..974fb52  main -> main
12 ofertas escritas em index.html.
Vitrine publicada com sucesso.
[main b6e62e1] Atualiza vitrine - 17/09/2026 01:30
 2 files changed, 26 insertions(+), 20 deletions(-)
To github.com:gestordecx/promod-vitrine.git
   974fb52..b6e62e1  main -> main
12 ofertas escritas em index.html.
Vitrine publicada com sucesso.
[main 425d57d] Atualiza vitrine - 17/09/2026 01:45
 2 files changed, 23 insertions(+), 17 deletions(-)
To github.com:gestordecx/promod-vitrine.git
   b6e62e1..425d57d  main -> main
12 ofertas escritas em index.html.
Vitrine publicada com sucesso.
[main 5b663fa] Atualiza vitrine - 17/09/2026 02:00
 2 files changed, 39 insertions(+), 33 deletions(-)
To github.com:gestordecx/promod-vitrine.git
   425d57d..5b663fa  main -> main
12 ofertas escritas em index.html.
Vitrine publicada com sucesso.
[main 63195d4] Atualiza vitrine - 17/09/2026 02:15
 2 files changed, 7 insertions(+), 1 deletion(-)
To github.com:gestordecx/promod-vitrine.git
   5b663fa..63195d4  main -> main
12 ofertas escritas em index.html.
Vitrine publicada com sucesso.
[main 4bc08b5] Atualiza vitrine - 17/09/2026 02:30
 2 files changed, 57 insertions(+), 51 deletions(-)
To github.com:gestordecx/promod-vitrine.git
   63195d4..4bc08b5  main -> main
12 ofertas escritas em index.html.
Vitrine publicada com sucesso.
[main e970ded] Atualiza vitrine - 17/09/2026 02:45
 2 files changed, 39 insertions(+), 33 deletions(-)
To github.com:gestordecx/promod-vitrine.git
   4bc08b5..e970ded  main -> main
12 ofertas escritas em index.html.
Vitrine publicada com sucesso.
[main 6c98efe] Atualiza vitrine - 17/09/2026 03:00
 2 files changed, 57 insertions(+), 54 deletions(-)
To github.com:gestordecx/promod-vitrine.git
   e970ded..6c98efe  main -> main
12 ofertas escritas em index.html.
Vitrine publicada com sucesso.
[main 0590033] Atualiza vitrine - 17/09/2026 03:15
 2 files changed, 55 insertions(+), 49 deletions(-)
To github.com:gestordecx/promod-vitrine.git
   6c98efe..0590033  main -> main
12 ofertas escritas em index.html.
Vitrine publicada com sucesso.
[main 147a166] Atualiza vitrine - 17/09/2026 03:30
 2 files changed, 41 insertions(+), 35 deletions(-)
To github.com:gestordecx/promod-vitrine.git
   0590033..147a166  main -> main
12 ofertas escritas em index.html.
Vitrine publicada com sucesso.
[main 44de671] Atualiza vitrine - 17/09/2026 03:45
 2 files changed, 7 insertions(+), 1 deletion(-)
To github.com:gestordecx/promod-vitrine.git
   147a166..44de671  main -> main
12 ofertas escritas em index.html.
Vitrine publicada com sucesso.
[main 7a57677] Atualiza vitrine - 17/09/2026 04:00
 2 files changed, 39 insertions(+), 33 deletions(-)
To github.com:gestordecx/promod-vitrine.git
   44de671..7a57677  main -> main
12 ofertas escritas em index.html.
Vitrine publicada com sucesso.
[main a5640e4] Atualiza vitrine - 17/09/2026 04:15
 2 files changed, 7 insertions(+), 1 deletion(-)
To github.com:gestordecx/promod-vitrine.git
   7a57677..a5640e4  main -> main
12 ofertas escritas em index.html.
Vitrine publicada com sucesso.
[main b1164a7] Atualiza vitrine - 17/09/2026 04:30
 2 files changed, 7 insertions(+), 1 deletion(-)
To github.com:gestordecx/promod-vitrine.git
   a5640e4..b1164a7  main -> main
12 ofertas escritas em index.html.
Vitrine publicada com sucesso.
[main 68a239d] Atualiza vitrine - 17/09/2026 04:45
 2 files changed, 7 insertions(+), 1 deletion(-)
To github.com:gestordecx/promod-vitrine.git
   b1164a7..68a239d  main -> main
12 ofertas escritas em index.html.
Vitrine publicada com sucesso.
[main 522d777] Atualiza vitrine - 17/09/2026 05:00
 2 files changed, 7 insertions(+), 1 deletion(-)
To github.com:gestordecx/promod-vitrine.git
   68a239d..522d777  main -> main
12 ofertas escritas em index.html.
Vitrine publicada com sucesso.
[main f740934] Atualiza vitrine - 17/09/2026 05:15
 2 files changed, 7 insertions(+), 1 deletion(-)
To github.com:gestordecx/promod-vitrine.git
   522d777..f740934  main -> main
12 ofertas escritas em index.html.
Vitrine publicada com sucesso.
[main 8d55cd4] Atualiza vitrine - 17/09/2026 05:30
 2 files changed, 7 insertions(+), 1 deletion(-)
To github.com:gestordecx/promod-vitrine.git
   f740934..8d55cd4  main -> main
12 ofertas escritas em index.html.
Vitrine publicada com sucesso.
[main f76ec47] Atualiza vitrine - 17/09/2026 05:45
 2 files changed, 40 insertions(+), 34 deletions(-)
To github.com:gestordecx/promod-vitrine.git
   8d55cd4..f76ec47  main -> main
12 ofertas escritas em index.html.
Vitrine publicada com sucesso.
[main 20e83a6] Atualiza vitrine - 17/09/2026 06:00
 2 files changed, 41 insertions(+), 35 deletions(-)
To github.com:gestordecx/promod-vitrine.git
   f76ec47..20e83a6  main -> main
12 ofertas escritas em index.html.
Vitrine publicada com sucesso.
[main cf03635] Atualiza vitrine - 17/09/2026 06:15
 2 files changed, 24 insertions(+), 18 deletions(-)
To github.com:gestordecx/promod-vitrine.git
   20e83a6..cf03635  main -> main
12 ofertas escritas em index.html.
Vitrine publicada com sucesso.
[main 646b19e] Atualiza vitrine - 17/09/2026 06:30
 2 files changed, 23 insertions(+), 17 deletions(-)
To github.com:gestordecx/promod-vitrine.git
   cf03635..646b19e  main -> main
12 ofertas escritas em index.html.
Vitrine publicada com sucesso.
[main 118b4f5] Atualiza vitrine - 17/09/2026 06:45
 2 files changed, 23 insertions(+), 17 deletions(-)
To github.com:gestordecx/promod-vitrine.git
   646b19e..118b4f5  main -> main
12 ofertas escritas em index.html.
Vitrine publicada com sucesso.
[main 848b827] Atualiza vitrine - 17/09/2026 07:00
 2 files changed, 7 insertions(+), 1 deletion(-)
To github.com:gestordecx/promod-vitrine.git
   118b4f5..848b827  main -> main
12 ofertas escritas em index.html.
Vitrine publicada com sucesso.
[main 9b5e5d5] Atualiza vitrine - 17/09/2026 07:15
 2 files changed, 54 insertions(+), 48 deletions(-)
To github.com:gestordecx/promod-vitrine.git
   848b827..9b5e5d5  main -> main
12 ofertas escritas em index.html.
Vitrine publicada com sucesso.
[main 9cfe97e] Atualiza vitrine - 17/09/2026 07:30
 2 files changed, 7 insertions(+), 1 deletion(-)
To github.com:gestordecx/promod-vitrine.git
   9b5e5d5..9cfe97e  main -> main
12 ofertas escritas em index.html.
Vitrine publicada com sucesso.
[main 1e6ecf2] Atualiza vitrine - 17/09/2026 07:45
 2 files changed, 55 insertions(+), 49 deletions(-)
To github.com:gestordecx/promod-vitrine.git
   9cfe97e..1e6ecf2  main -> main
12 ofertas escritas em index.html.
Vitrine publicada com sucesso.
[main 584983a] Atualiza vitrine - 17/09/2026 08:00
 2 files changed, 108 insertions(+), 96 deletions(-)
To github.com:gestordecx/promod-vitrine.git
   1e6ecf2..584983a  main -> main
12 ofertas escritas em index.html.
Vitrine publicada com sucesso.
[main 97de5d5] Atualiza vitrine - 17/09/2026 08:15
 2 files changed, 81 insertions(+), 75 deletions(-)
To github.com:gestordecx/promod-vitrine.git
   584983a..97de5d5  main -> main
12 ofertas escritas em index.html.
Vitrine publicada com sucesso.
[main 664136e] Atualiza vitrine - 17/09/2026 08:30
 2 files changed, 72 insertions(+), 66 deletions(-)
To github.com:gestordecx/promod-vitrine.git
   97de5d5..664136e  main -> main
12 ofertas escritas em index.html.
Vitrine publicada com sucesso.
[main 4eb2d24] Atualiza vitrine - 17/09/2026 08:45
 2 files changed, 49 insertions(+), 46 deletions(-)
To github.com:gestordecx/promod-vitrine.git
   664136e..4eb2d24  main -> main
12 ofertas escritas em index.html.
Vitrine publicada com sucesso.
[main 4088d8a] Atualiza vitrine - 17/09/2026 09:00
 2 files changed, 71 insertions(+), 68 deletions(-)
To github.com:gestordecx/promod-vitrine.git
   4eb2d24..4088d8a  main -> main
12 ofertas escritas em index.html.
Vitrine publicada com sucesso.
[main 447db57] Atualiza vitrine - 17/09/2026 09:15
 2 files changed, 97 insertions(+), 91 deletions(-)
To github.com:gestordecx/promod-vitrine.git
   4088d8a..447db57  main -> main
12 ofertas escritas em index.html.
Vitrine publicada com sucesso.
[main 757a688] Atualiza vitrine - 17/09/2026 09:30
 2 files changed, 70 insertions(+), 64 deletions(-)
To github.com:gestordecx/promod-vitrine.git
   447db57..757a688  main -> main
12 ofertas escritas em index.html.
Vitrine publicada com sucesso.
[main cd0a859] Atualiza vitrine - 17/09/2026 09:45
 2 files changed, 67 insertions(+), 61 deletions(-)
To github.com:gestordecx/promod-vitrine.git
   757a688..cd0a859  main -> main
12 ofertas escritas em index.html.
Vitrine publicada com sucesso.
[main 798b473] Atualiza vitrine - 17/09/2026 10:00
 2 files changed, 55 insertions(+), 49 deletions(-)
To github.com:gestordecx/promod-vitrine.git
   cd0a859..798b473  main -> main
12 ofertas escritas em index.html.
Vitrine publicada com sucesso.
[main 74509a7] Atualiza vitrine - 17/09/2026 10:15
 2 files changed, 76 insertions(+), 65 deletions(-)
To github.com:gestordecx/promod-vitrine.git
   798b473..74509a7  main -> main
12 ofertas escritas em index.html.
Vitrine publicada com sucesso.
[main f643cb9] Atualiza vitrine - 17/09/2026 10:30
 2 files changed, 71 insertions(+), 67 deletions(-)
To github.com:gestordecx/promod-vitrine.git
   74509a7..f643cb9  main -> main
12 ofertas escritas em index.html.
Vitrine publicada com sucesso.
[main 12cb4db] Atualiza vitrine - 17/09/2026 10:45
 2 files changed, 108 insertions(+), 102 deletions(-)
To github.com:gestordecx/promod-vitrine.git
   f643cb9..12cb4db  main -> main
12 ofertas escritas em index.html.
Vitrine publicada com sucesso.
[main ecae5e3] Atualiza vitrine - 17/09/2026 11:00
 2 files changed, 93 insertions(+), 83 deletions(-)
To github.com:gestordecx/promod-vitrine.git
   12cb4db..ecae5e3  main -> main
12 ofertas escritas em index.html.
Vitrine publicada com sucesso.
[main ca082a7] Atualiza vitrine - 17/09/2026 11:15
 2 files changed, 104 insertions(+), 103 deletions(-)
To github.com:gestordecx/promod-vitrine.git
   ecae5e3..ca082a7  main -> main
12 ofertas escritas em index.html.
Vitrine publicada com sucesso.
[main f10ef1f] Atualiza vitrine - 17/09/2026 11:30
 2 files changed, 39 insertions(+), 33 deletions(-)
To github.com:gestordecx/promod-vitrine.git
   ca082a7..f10ef1f  main -> main
12 ofertas escritas em index.html.
Vitrine publicada com sucesso.
[main 9c3c994] Atualiza vitrine - 17/09/2026 11:45
 2 files changed, 7 insertions(+), 1 deletion(-)
To github.com:gestordecx/promod-vitrine.git
   f10ef1f..9c3c994  main -> main
12 ofertas escritas em index.html.
Vitrine publicada com sucesso.
[main 31d4f1c] Atualiza vitrine - 17/09/2026 12:00
 2 files changed, 57 insertions(+), 53 deletions(-)
To github.com:gestordecx/promod-vitrine.git
   9c3c994..31d4f1c  main -> main
12 ofertas escritas em index.html.
Vitrine publicada com sucesso.
[main 32dcaec] Atualiza vitrine - 17/09/2026 12:15
 2 files changed, 55 insertions(+), 49 deletions(-)
To github.com:gestordecx/promod-vitrine.git
   31d4f1c..32dcaec  main -> main
12 ofertas escritas em index.html.
Vitrine publicada com sucesso.
[main 5c62e7f] Atualiza vitrine - 17/09/2026 12:30
 2 files changed, 75 insertions(+), 69 deletions(-)
To github.com:gestordecx/promod-vitrine.git
   32dcaec..5c62e7f  main -> main
12 ofertas escritas em index.html.
Vitrine publicada com sucesso.
[main 44b2baf] Atualiza vitrine - 17/09/2026 12:45
 2 files changed, 75 insertions(+), 69 deletions(-)
To github.com:gestordecx/promod-vitrine.git
   5c62e7f..44b2baf  main -> main
12 ofertas escritas em index.html.
Vitrine publicada com sucesso.
[main b46c8e8] Atualiza vitrine - 17/09/2026 13:00
 2 files changed, 87 insertions(+), 81 deletions(-)
To github.com:gestordecx/promod-vitrine.git
   44b2baf..b46c8e8  main -> main
12 ofertas escritas em index.html.
Vitrine publicada com sucesso.
[main 17e087f] Atualiza vitrine - 17/09/2026 13:15
 2 files changed, 102 insertions(+), 96 deletions(-)
To github.com:gestordecx/promod-vitrine.git
   b46c8e8..17e087f  main -> main
12 ofertas escritas em index.html.
Vitrine publicada com sucesso.
[main 67662cc] Atualiza vitrine - 17/09/2026 13:30
 2 files changed, 56 insertions(+), 50 deletions(-)
To github.com:gestordecx/promod-vitrine.git
   17e087f..67662cc  main -> main
12 ofertas escritas em index.html.
Vitrine publicada com sucesso.
[main e70f1a6] Atualiza vitrine - 17/09/2026 13:45
 2 files changed, 109 insertions(+), 93 deletions(-)
To github.com:gestordecx/promod-vitrine.git
   67662cc..e70f1a6  main -> main
12 ofertas escritas em index.html.
Vitrine publicada com sucesso.
[main a8ff9bf] Atualiza vitrine - 17/09/2026 14:00
 2 files changed, 90 insertions(+), 88 deletions(-)
To github.com:gestordecx/promod-vitrine.git
   e70f1a6..a8ff9bf  main -> main
12 ofertas escritas em index.html.
Vitrine publicada com sucesso.
[main 2c1774f] Atualiza vitrine - 17/09/2026 14:15
 2 files changed, 66 insertions(+), 59 deletions(-)
To github.com:gestordecx/promod-vitrine.git
   a8ff9bf..2c1774f  main -> main
12 ofertas escritas em index.html.
Vitrine publicada com sucesso.
[main 128f40e] Atualiza vitrine - 17/09/2026 14:30
 2 files changed, 65 insertions(+), 62 deletions(-)
To github.com:gestordecx/promod-vitrine.git
   2c1774f..128f40e  main -> main
12 ofertas escritas em index.html.
Vitrine publicada com sucesso.
[main 32ff166] Atualiza vitrine - 17/09/2026 14:45
 2 files changed, 59 insertions(+), 53 deletions(-)
To github.com:gestordecx/promod-vitrine.git
   128f40e..32ff166  main -> main
12 ofertas escritas em index.html.
Vitrine publicada com sucesso.
[main f581931] Atualiza vitrine - 17/09/2026 15:00
 2 files changed, 41 insertions(+), 35 deletions(-)
To github.com:gestordecx/promod-vitrine.git
   32ff166..f581931  main -> main
12 ofertas escritas em index.html.
Vitrine publicada com sucesso.
[main cecb998] Atualiza vitrine - 17/09/2026 15:15
 2 files changed, 71 insertions(+), 66 deletions(-)
To github.com:gestordecx/promod-vitrine.git
   f581931..cecb998  main -> main
12 ofertas escritas em index.html.
Vitrine publicada com sucesso.
[main 5946adb] Atualiza vitrine - 17/09/2026 15:30
 2 files changed, 23 insertions(+), 20 deletions(-)
To github.com:gestordecx/promod-vitrine.git
   cecb998..5946adb  main -> main
12 ofertas escritas em index.html.
Vitrine publicada com sucesso.
[main 13e1d3d] Atualiza vitrine - 17/09/2026 15:45
 2 files changed, 55 insertions(+), 49 deletions(-)
To github.com:gestordecx/promod-vitrine.git
   5946adb..13e1d3d  main -> main
12 ofertas escritas em index.html.
Vitrine publicada com sucesso.
[main 3a492f0] Atualiza vitrine - 17/09/2026 16:00
 2 files changed, 104 insertions(+), 98 deletions(-)
To github.com:gestordecx/promod-vitrine.git
   13e1d3d..3a492f0  main -> main
12 ofertas escritas em index.html.
Vitrine publicada com sucesso.
[main 507c40b] Atualiza vitrine - 17/09/2026 16:15
 2 files changed, 71 insertions(+), 65 deletions(-)
To github.com:gestordecx/promod-vitrine.git
   3a492f0..507c40b  main -> main
12 ofertas escritas em index.html.
Vitrine publicada com sucesso.
[main 18ddd8e] Atualiza vitrine - 17/09/2026 16:30
 2 files changed, 105 insertions(+), 99 deletions(-)
To github.com:gestordecx/promod-vitrine.git
   507c40b..18ddd8e  main -> main
12 ofertas escritas em index.html.
Vitrine publicada com sucesso.
[main 4b80af0] Atualiza vitrine - 17/09/2026 16:45
 2 files changed, 49 insertions(+), 43 deletions(-)
To github.com:gestordecx/promod-vitrine.git
   18ddd8e..4b80af0  main -> main
12 ofertas escritas em index.html.
Vitrine publicada com sucesso.
[main 603d9d8] Atualiza vitrine - 17/09/2026 17:00
 2 files changed, 82 insertions(+), 76 deletions(-)
To github.com:gestordecx/promod-vitrine.git
   4b80af0..603d9d8  main -> main
12 ofertas escritas em index.html.
Vitrine publicada com sucesso.
[main 961ccd6] Atualiza vitrine - 17/09/2026 17:15
 2 files changed, 80 insertions(+), 74 deletions(-)
To github.com:gestordecx/promod-vitrine.git
   603d9d8..961ccd6  main -> main
12 ofertas escritas em index.html.
Vitrine publicada com sucesso.
[main 7ea40aa] Atualiza vitrine - 17/09/2026 17:30
 2 files changed, 55 insertions(+), 49 deletions(-)
To github.com:gestordecx/promod-vitrine.git
   961ccd6..7ea40aa  main -> main
12 ofertas escritas em index.html.
Vitrine publicada com sucesso.
[main f5323ba] Atualiza vitrine - 17/09/2026 17:45
 2 files changed, 23 insertions(+), 17 deletions(-)
To github.com:gestordecx/promod-vitrine.git
   7ea40aa..f5323ba  main -> main
12 ofertas escritas em index.html.
Vitrine publicada com sucesso.
[main d6233ac] Atualiza vitrine - 17/09/2026 18:00
 2 files changed, 75 insertions(+), 69 deletions(-)
To github.com:gestordecx/promod-vitrine.git
   f5323ba..d6233ac  main -> main
12 ofertas escritas em index.html.
Vitrine publicada com sucesso.
[main ca0a3fb] Atualiza vitrine - 17/09/2026 18:15
 2 files changed, 89 insertions(+), 82 deletions(-)
To github.com:gestordecx/promod-vitrine.git
   d6233ac..ca0a3fb  main -> main
12 ofertas escritas em index.html.
Vitrine publicada com sucesso.
[main 7ed3c1d] Atualiza vitrine - 17/09/2026 18:30
 2 files changed, 111 insertions(+), 99 deletions(-)
To github.com:gestordecx/promod-vitrine.git
   ca0a3fb..7ed3c1d  main -> main
12 ofertas escritas em index.html.
Vitrine publicada com sucesso.
[main fb2d9ee] Atualiza vitrine - 17/09/2026 18:45
 2 files changed, 89 insertions(+), 84 deletions(-)
To github.com:gestordecx/promod-vitrine.git
   7ed3c1d..fb2d9ee  main -> main
12 ofertas escritas em index.html.
Vitrine publicada com sucesso.
[main 86669ed] Atualiza vitrine - 17/09/2026 19:00
 2 files changed, 39 insertions(+), 33 deletions(-)
To github.com:gestordecx/promod-vitrine.git
   fb2d9ee..86669ed  main -> main
12 ofertas escritas em index.html.
Vitrine publicada com sucesso.
[main 51677b0] Atualiza vitrine - 17/09/2026 19:15
 2 files changed, 40 insertions(+), 34 deletions(-)
To github.com:gestordecx/promod-vitrine.git
   86669ed..51677b0  main -> main
12 ofertas escritas em index.html.
Vitrine publicada com sucesso.
[main e9fa4c8] Atualiza vitrine - 17/09/2026 19:30
 2 files changed, 55 insertions(+), 49 deletions(-)
To github.com:gestordecx/promod-vitrine.git
   51677b0..e9fa4c8  main -> main
12 ofertas escritas em index.html.
Vitrine publicada com sucesso.
[main 639fe02] Atualiza vitrine - 17/09/2026 19:45
 2 files changed, 44 insertions(+), 38 deletions(-)
To github.com:gestordecx/promod-vitrine.git
   e9fa4c8..639fe02  main -> main
12 ofertas escritas em index.html.
Vitrine publicada com sucesso.
[main b67f5f0] Atualiza vitrine - 17/09/2026 20:00
 2 files changed, 105 insertions(+), 105 deletions(-)
To github.com:gestordecx/promod-vitrine.git
   639fe02..b67f5f0  main -> main
12 ofertas escritas em index.html.
Vitrine publicada com sucesso.
[main af939ad] Atualiza vitrine - 17/09/2026 20:15
 2 files changed, 7 insertions(+), 1 deletion(-)
To github.com:gestordecx/promod-vitrine.git
   b67f5f0..af939ad  main -> main
12 ofertas escritas em index.html.
Vitrine publicada com sucesso.
[main 306c392] Atualiza vitrine - 17/09/2026 20:30
 2 files changed, 7 insertions(+), 1 deletion(-)
To github.com:gestordecx/promod-vitrine.git
   af939ad..306c392  main -> main
12 ofertas escritas em index.html.
Vitrine publicada com sucesso.
[main 84e4f66] Atualiza vitrine - 17/09/2026 20:45
 2 files changed, 7 insertions(+), 1 deletion(-)
To github.com:gestordecx/promod-vitrine.git
   306c392..84e4f66  main -> main
12 ofertas escritas em index.html.
Vitrine publicada com sucesso.
[main 0e896dd] Atualiza vitrine - 17/09/2026 21:00
 2 files changed, 7 insertions(+), 1 deletion(-)
To github.com:gestordecx/promod-vitrine.git
   84e4f66..0e896dd  main -> main
12 ofertas escritas em index.html.
Vitrine publicada com sucesso.
[main 5012b7d] Atualiza vitrine - 17/09/2026 21:15
 2 files changed, 7 insertions(+), 1 deletion(-)
To github.com:gestordecx/promod-vitrine.git
   0e896dd..5012b7d  main -> main
12 ofertas escritas em index.html.
Vitrine publicada com sucesso.
[main 14b1240] Atualiza vitrine - 17/09/2026 21:30
 2 files changed, 7 insertions(+), 1 deletion(-)
To github.com:gestordecx/promod-vitrine.git
   5012b7d..14b1240  main -> main
12 ofertas escritas em index.html.
Vitrine publicada com sucesso.
[main 5e02d50] Atualiza vitrine - 17/09/2026 21:45
 2 files changed, 7 insertions(+), 1 deletion(-)
To github.com:gestordecx/promod-vitrine.git
   14b1240..5e02d50  main -> main
12 ofertas escritas em index.html.
Vitrine publicada com sucesso.
[main d4d83ee] Atualiza vitrine - 17/09/2026 22:00
 2 files changed, 7 insertions(+), 1 deletion(-)
To github.com:gestordecx/promod-vitrine.git
   5e02d50..d4d83ee  main -> main
12 ofertas escritas em index.html.
Vitrine publicada com sucesso.
[main aef02f5] Atualiza vitrine - 17/09/2026 22:15
 2 files changed, 7 insertions(+), 1 deletion(-)
To github.com:gestordecx/promod-vitrine.git
   d4d83ee..aef02f5  main -> main
12 ofertas escritas em index.html.
Vitrine publicada com sucesso.
[main 0ed1462] Atualiza vitrine - 17/09/2026 22:30
 2 files changed, 7 insertions(+), 1 deletion(-)
To github.com:gestordecx/promod-vitrine.git
   aef02f5..0ed1462  main -> main
12 ofertas escritas em index.html.
Vitrine publicada com sucesso.
[main fcc0c97] Atualiza vitrine - 17/09/2026 22:45
 2 files changed, 7 insertions(+), 1 deletion(-)
To github.com:gestordecx/promod-vitrine.git
   0ed1462..fcc0c97  main -> main
12 ofertas escritas em index.html.
Vitrine publicada com sucesso.
[main 160aa70] Atualiza vitrine - 17/09/2026 23:00
 2 files changed, 7 insertions(+), 1 deletion(-)
To github.com:gestordecx/promod-vitrine.git
   fcc0c97..160aa70  main -> main
12 ofertas escritas em index.html.
Vitrine publicada com sucesso.
[main 213c528] Atualiza vitrine - 17/09/2026 23:15
 2 files changed, 7 insertions(+), 1 deletion(-)
To github.com:gestordecx/promod-vitrine.git
   160aa70..213c528  main -> main
12 ofertas escritas em index.html.
Vitrine publicada com sucesso.
[main 689b09a] Atualiza vitrine - 17/09/2026 23:30
 2 files changed, 7 insertions(+), 1 deletion(-)
To github.com:gestordecx/promod-vitrine.git
   213c528..689b09a  main -> main
12 ofertas escritas em index.html.
Vitrine publicada com sucesso.
[main 9a46eda] Atualiza vitrine - 17/09/2026 23:45
 2 files changed, 7 insertions(+), 1 deletion(-)
To github.com:gestordecx/promod-vitrine.git
   689b09a..9a46eda  main -> main
12 ofertas escritas em index.html.
Vitrine publicada com sucesso.
[main 5304f74] Atualiza vitrine - 18/09/2026 00:00
 2 files changed, 7 insertions(+), 1 deletion(-)
To github.com:gestordecx/promod-vitrine.git
   9a46eda..5304f74  main -> main
12 ofertas escritas em index.html.
Vitrine publicada com sucesso.
[main 5c16deb] Atualiza vitrine - 18/09/2026 00:15
 2 files changed, 98 insertions(+), 92 deletions(-)
To github.com:gestordecx/promod-vitrine.git
   5304f74..5c16deb  main -> main
12 ofertas escritas em index.html.
Vitrine publicada com sucesso.
[main 0d9d747] Atualiza vitrine - 18/09/2026 00:30
 2 files changed, 76 insertions(+), 67 deletions(-)
To github.com:gestordecx/promod-vitrine.git
   5c16deb..0d9d747  main -> main
12 ofertas escritas em index.html.
Vitrine publicada com sucesso.
[main 1078c83] Atualiza vitrine - 18/09/2026 00:45
 2 files changed, 7 insertions(+), 1 deletion(-)
To github.com:gestordecx/promod-vitrine.git
   0d9d747..1078c83  main -> main
12 ofertas escritas em index.html.
Vitrine publicada com sucesso.
[main ef7c36f] Atualiza vitrine - 18/09/2026 01:00
 2 files changed, 62 insertions(+), 56 deletions(-)
To github.com:gestordecx/promod-vitrine.git
   1078c83..ef7c36f  main -> main
12 ofertas escritas em index.html.
Vitrine publicada com sucesso.
[main 255dac8] Atualiza vitrine - 18/09/2026 01:15
 2 files changed, 23 insertions(+), 17 deletions(-)
To github.com:gestordecx/promod-vitrine.git
   ef7c36f..255dac8  main -> main
12 ofertas escritas em index.html.
Vitrine publicada com sucesso.
[main 69a1f4e] Atualiza vitrine - 18/09/2026 01:30
 2 files changed, 75 insertions(+), 72 deletions(-)
To github.com:gestordecx/promod-vitrine.git
   255dac8..69a1f4e  main -> main
12 ofertas escritas em index.html.
Vitrine publicada com sucesso.
[main c62705a] Atualiza vitrine - 18/09/2026 01:45
 2 files changed, 40 insertions(+), 34 deletions(-)
To github.com:gestordecx/promod-vitrine.git
   69a1f4e..c62705a  main -> main
12 ofertas escritas em index.html.
Vitrine publicada com sucesso.
[main 971a7a3] Atualiza vitrine - 18/09/2026 02:00
 2 files changed, 24 insertions(+), 18 deletions(-)
To github.com:gestordecx/promod-vitrine.git
   c62705a..971a7a3  main -> main
12 ofertas escritas em index.html.
Vitrine publicada com sucesso.
[main b82c9cf] Atualiza vitrine - 18/09/2026 02:15
 2 files changed, 39 insertions(+), 33 deletions(-)
To github.com:gestordecx/promod-vitrine.git
   971a7a3..b82c9cf  main -> main
12 ofertas escritas em index.html.
Vitrine publicada com sucesso.
[main ce26237] Atualiza vitrine - 18/09/2026 02:30
 2 files changed, 7 insertions(+), 1 deletion(-)
To github.com:gestordecx/promod-vitrine.git
   b82c9cf..ce26237  main -> main
12 ofertas escritas em index.html.
Vitrine publicada com sucesso.
[main d8d839a] Atualiza vitrine - 18/09/2026 02:45
 2 files changed, 23 insertions(+), 17 deletions(-)
To github.com:gestordecx/promod-vitrine.git
   ce26237..d8d839a  main -> main
12 ofertas escritas em index.html.
Vitrine publicada com sucesso.
[main aa056be] Atualiza vitrine - 18/09/2026 03:00
 2 files changed, 7 insertions(+), 1 deletion(-)
To github.com:gestordecx/promod-vitrine.git
   d8d839a..aa056be  main -> main
12 ofertas escritas em index.html.
Vitrine publicada com sucesso.
[main e432ae2] Atualiza vitrine - 18/09/2026 03:15
 2 files changed, 7 insertions(+), 1 deletion(-)
To github.com:gestordecx/promod-vitrine.git
   aa056be..e432ae2  main -> main
12 ofertas escritas em index.html.
Vitrine publicada com sucesso.
[main dabeb2d] Atualiza vitrine - 18/09/2026 03:30
 2 files changed, 7 insertions(+), 1 deletion(-)
To github.com:gestordecx/promod-vitrine.git
   e432ae2..dabeb2d  main -> main
12 ofertas escritas em index.html.
Vitrine publicada com sucesso.
[main c284359] Atualiza vitrine - 18/09/2026 03:45
 2 files changed, 43 insertions(+), 37 deletions(-)
To github.com:gestordecx/promod-vitrine.git
   dabeb2d..c284359  main -> main
12 ofertas escritas em index.html.
Vitrine publicada com sucesso.
[main 5d46ea7] Atualiza vitrine - 18/09/2026 04:00
 2 files changed, 40 insertions(+), 34 deletions(-)
To github.com:gestordecx/promod-vitrine.git
   c284359..5d46ea7  main -> main
12 ofertas escritas em index.html.
Vitrine publicada com sucesso.
[main 706265a] Atualiza vitrine - 18/09/2026 04:15
 2 files changed, 7 insertions(+), 1 deletion(-)
To github.com:gestordecx/promod-vitrine.git
   5d46ea7..706265a  main -> main
12 ofertas escritas em index.html.
Vitrine publicada com sucesso.
[main 6364230] Atualiza vitrine - 18/09/2026 04:30
 2 files changed, 7 insertions(+), 1 deletion(-)
To github.com:gestordecx/promod-vitrine.git
   706265a..6364230  main -> main
12 ofertas escritas em index.html.
Vitrine publicada com sucesso.
[main a0b5bcf] Atualiza vitrine - 18/09/2026 04:45
 2 files changed, 24 insertions(+), 18 deletions(-)
To github.com:gestordecx/promod-vitrine.git
   6364230..a0b5bcf  main -> main
12 ofertas escritas em index.html.
Vitrine publicada com sucesso.
[main 790768f] Atualiza vitrine - 18/09/2026 05:00
 2 files changed, 7 insertions(+), 1 deletion(-)
To github.com:gestordecx/promod-vitrine.git
   a0b5bcf..790768f  main -> main
12 ofertas escritas em index.html.
Vitrine publicada com sucesso.
[main ff9e49e] Atualiza vitrine - 18/09/2026 05:15
 2 files changed, 7 insertions(+), 1 deletion(-)
To github.com:gestordecx/promod-vitrine.git
   790768f..ff9e49e  main -> main
12 ofertas escritas em index.html.
Vitrine publicada com sucesso.
[main 4395cca] Atualiza vitrine - 18/09/2026 05:30
 2 files changed, 23 insertions(+), 17 deletions(-)
To github.com:gestordecx/promod-vitrine.git
   ff9e49e..4395cca  main -> main
12 ofertas escritas em index.html.
Vitrine publicada com sucesso.
[main f6608fc] Atualiza vitrine - 18/09/2026 05:45
 2 files changed, 7 insertions(+), 1 deletion(-)
To github.com:gestordecx/promod-vitrine.git
   4395cca..f6608fc  main -> main
12 ofertas escritas em index.html.
Vitrine publicada com sucesso.
[main 6a0f85b] Atualiza vitrine - 18/09/2026 06:00
 2 files changed, 7 insertions(+), 1 deletion(-)
To github.com:gestordecx/promod-vitrine.git
   f6608fc..6a0f85b  main -> main
12 ofertas escritas em index.html.
Vitrine publicada com sucesso.
[main f272c26] Atualiza vitrine - 18/09/2026 06:15
 2 files changed, 7 insertions(+), 1 deletion(-)
To github.com:gestordecx/promod-vitrine.git
   6a0f85b..f272c26  main -> main
12 ofertas escritas em index.html.
Vitrine publicada com sucesso.
[main 1a1977c] Atualiza vitrine - 18/09/2026 06:30
 2 files changed, 58 insertions(+), 52 deletions(-)
To github.com:gestordecx/promod-vitrine.git
   f272c26..1a1977c  main -> main
12 ofertas escritas em index.html.
Vitrine publicada com sucesso.
[main b43af6a] Atualiza vitrine - 18/09/2026 06:45
 2 files changed, 7 insertions(+), 1 deletion(-)
To github.com:gestordecx/promod-vitrine.git
   1a1977c..b43af6a  main -> main
12 ofertas escritas em index.html.
Vitrine publicada com sucesso.
[main c253188] Atualiza vitrine - 18/09/2026 07:00
 2 files changed, 7 insertions(+), 1 deletion(-)
To github.com:gestordecx/promod-vitrine.git
   b43af6a..c253188  main -> main
12 ofertas escritas em index.html.
Vitrine publicada com sucesso.
[main bfb5ea9] Atualiza vitrine - 18/09/2026 07:15
 2 files changed, 7 insertions(+), 1 deletion(-)
To github.com:gestordecx/promod-vitrine.git
   c253188..bfb5ea9  main -> main
12 ofertas escritas em index.html.
Vitrine publicada com sucesso.
[main 72fb386] Atualiza vitrine - 18/09/2026 07:30
 2 files changed, 39 insertions(+), 33 deletions(-)
To github.com:gestordecx/promod-vitrine.git
   bfb5ea9..72fb386  main -> main
12 ofertas escritas em index.html.
Vitrine publicada com sucesso.
[main 7e47fa5] Atualiza vitrine - 18/09/2026 07:45
 2 files changed, 100 insertions(+), 94 deletions(-)
To github.com:gestordecx/promod-vitrine.git
   72fb386..7e47fa5  main -> main
12 ofertas escritas em index.html.
Vitrine publicada com sucesso.
[main 25b1cf2] Atualiza vitrine - 18/09/2026 08:00
 2 files changed, 61 insertions(+), 55 deletions(-)
To github.com:gestordecx/promod-vitrine.git
   7e47fa5..25b1cf2  main -> main
12 ofertas escritas em index.html.
Vitrine publicada com sucesso.
[main f06af19] Atualiza vitrine - 18/09/2026 08:15
 2 files changed, 90 insertions(+), 81 deletions(-)
To github.com:gestordecx/promod-vitrine.git
   25b1cf2..f06af19  main -> main
12 ofertas escritas em index.html.
Vitrine publicada com sucesso.
[main 94b80b6] Atualiza vitrine - 18/09/2026 08:30
 2 files changed, 94 insertions(+), 88 deletions(-)
To github.com:gestordecx/promod-vitrine.git
   f06af19..94b80b6  main -> main
12 ofertas escritas em index.html.
Vitrine publicada com sucesso.
[main 12ea4a0] Atualiza vitrine - 18/09/2026 08:45
 2 files changed, 40 insertions(+), 34 deletions(-)
To github.com:gestordecx/promod-vitrine.git
   94b80b6..12ea4a0  main -> main
12 ofertas escritas em index.html.
Vitrine publicada com sucesso.
[main cf63ec5] Atualiza vitrine - 18/09/2026 09:00
 2 files changed, 101 insertions(+), 97 deletions(-)
To github.com:gestordecx/promod-vitrine.git
   12ea4a0..cf63ec5  main -> main
12 ofertas escritas em index.html.
Vitrine publicada com sucesso.
[main af072b7] Atualiza vitrine - 18/09/2026 09:15
 2 files changed, 39 insertions(+), 33 deletions(-)
To github.com:gestordecx/promod-vitrine.git
   cf63ec5..af072b7  main -> main
12 ofertas escritas em index.html.
Vitrine publicada com sucesso.
[main 9fc8b34] Atualiza vitrine - 18/09/2026 09:30
 2 files changed, 75 insertions(+), 69 deletions(-)
To github.com:gestordecx/promod-vitrine.git
   af072b7..9fc8b34  main -> main
12 ofertas escritas em index.html.
Vitrine publicada com sucesso.
[main 5d97df9] Atualiza vitrine - 18/09/2026 09:45
 2 files changed, 101 insertions(+), 94 deletions(-)
To github.com:gestordecx/promod-vitrine.git
   9fc8b34..5d97df9  main -> main
12 ofertas escritas em index.html.
Vitrine publicada com sucesso.
[main a7e89e0] Atualiza vitrine - 18/09/2026 10:00
 2 files changed, 76 insertions(+), 71 deletions(-)
To github.com:gestordecx/promod-vitrine.git
   5d97df9..a7e89e0  main -> main
12 ofertas escritas em index.html.
Vitrine publicada com sucesso.
[main 7dd3eea] Atualiza vitrine - 18/09/2026 10:15
 2 files changed, 55 insertions(+), 49 deletions(-)
To github.com:gestordecx/promod-vitrine.git
   a7e89e0..7dd3eea  main -> main
12 ofertas escritas em index.html.
Vitrine publicada com sucesso.
[main b017515] Atualiza vitrine - 18/09/2026 10:30
 2 files changed, 88 insertions(+), 80 deletions(-)
To github.com:gestordecx/promod-vitrine.git
   7dd3eea..b017515  main -> main
12 ofertas escritas em index.html.
Vitrine publicada com sucesso.
[main e39eb08] Atualiza vitrine - 18/09/2026 10:45
 2 files changed, 91 insertions(+), 85 deletions(-)
To github.com:gestordecx/promod-vitrine.git
   b017515..e39eb08  main -> main
12 ofertas escritas em index.html.
Vitrine publicada com sucesso.
[main 88f3581] Atualiza vitrine - 18/09/2026 11:00
 2 files changed, 103 insertions(+), 99 deletions(-)
To github.com:gestordecx/promod-vitrine.git
   e39eb08..88f3581  main -> main
12 ofertas escritas em index.html.
Vitrine publicada com sucesso.
[main 8f6c8e8] Atualiza vitrine - 18/09/2026 11:15
 2 files changed, 72 insertions(+), 66 deletions(-)
To github.com:gestordecx/promod-vitrine.git
   88f3581..8f6c8e8  main -> main
12 ofertas escritas em index.html.
Vitrine publicada com sucesso.
[main e1cb469] Atualiza vitrine - 18/09/2026 11:30
 2 files changed, 97 insertions(+), 91 deletions(-)
To github.com:gestordecx/promod-vitrine.git
   8f6c8e8..e1cb469  main -> main
12 ofertas escritas em index.html.
Vitrine publicada com sucesso.
[main b0a191b] Atualiza vitrine - 18/09/2026 11:45
 2 files changed, 55 insertions(+), 50 deletions(-)
To github.com:gestordecx/promod-vitrine.git
   e1cb469..b0a191b  main -> main
12 ofertas escritas em index.html.
Vitrine publicada com sucesso.
[main 011b57d] Atualiza vitrine - 18/09/2026 12:00
 2 files changed, 92 insertions(+), 86 deletions(-)
To github.com:gestordecx/promod-vitrine.git
   b0a191b..011b57d  main -> main
12 ofertas escritas em index.html.
Vitrine publicada com sucesso.
[main fdf550e] Atualiza vitrine - 18/09/2026 12:15
 2 files changed, 91 insertions(+), 82 deletions(-)
To github.com:gestordecx/promod-vitrine.git
   011b57d..fdf550e  main -> main
12 ofertas escritas em index.html.
Vitrine publicada com sucesso.
[main 2ac8c28] Atualiza vitrine - 18/09/2026 12:30
 2 files changed, 96 insertions(+), 93 deletions(-)
To github.com:gestordecx/promod-vitrine.git
   fdf550e..2ac8c28  main -> main
12 ofertas escritas em index.html.
Vitrine publicada com sucesso.
[main 56ca0cd] Atualiza vitrine - 18/09/2026 12:45
 2 files changed, 75 insertions(+), 69 deletions(-)
To github.com:gestordecx/promod-vitrine.git
   2ac8c28..56ca0cd  main -> main
12 ofertas escritas em index.html.
Vitrine publicada com sucesso.
[main 8ff2636] Atualiza vitrine - 18/09/2026 13:00
 2 files changed, 78 insertions(+), 72 deletions(-)
To github.com:gestordecx/promod-vitrine.git
   56ca0cd..8ff2636  main -> main
12 ofertas escritas em index.html.
Vitrine publicada com sucesso.
[main 5d0b45c] Atualiza vitrine - 18/09/2026 13:15
 2 files changed, 90 insertions(+), 81 deletions(-)
To github.com:gestordecx/promod-vitrine.git
   8ff2636..5d0b45c  main -> main
12 ofertas escritas em index.html.
Vitrine publicada com sucesso.
[main 4d789f8] Atualiza vitrine - 18/09/2026 13:30
 2 files changed, 55 insertions(+), 51 deletions(-)
To github.com:gestordecx/promod-vitrine.git
   5d0b45c..4d789f8  main -> main
12 ofertas escritas em index.html.
Vitrine publicada com sucesso.
[main e83bf29] Atualiza vitrine - 18/09/2026 13:45
 2 files changed, 26 insertions(+), 17 deletions(-)
To github.com:gestordecx/promod-vitrine.git
   4d789f8..e83bf29  main -> main
12 ofertas escritas em index.html.
Vitrine publicada com sucesso.
[main 7f74f80] Atualiza vitrine - 18/09/2026 14:00
 2 files changed, 105 insertions(+), 100 deletions(-)
To github.com:gestordecx/promod-vitrine.git
   e83bf29..7f74f80  main -> main
12 ofertas escritas em index.html.
Vitrine publicada com sucesso.
[main 7d859b6] Atualiza vitrine - 18/09/2026 14:15
 2 files changed, 57 insertions(+), 51 deletions(-)
To github.com:gestordecx/promod-vitrine.git
   7f74f80..7d859b6  main -> main
12 ofertas escritas em index.html.
Vitrine publicada com sucesso.
[main 57a7fef] Atualiza vitrine - 18/09/2026 14:30
 2 files changed, 87 insertions(+), 81 deletions(-)
To github.com:gestordecx/promod-vitrine.git
   7d859b6..57a7fef  main -> main
12 ofertas escritas em index.html.
Vitrine publicada com sucesso.
[main a36a659] Atualiza vitrine - 18/09/2026 14:45
 2 files changed, 84 insertions(+), 79 deletions(-)
To github.com:gestordecx/promod-vitrine.git
   57a7fef..a36a659  main -> main
12 ofertas escritas em index.html.
Vitrine publicada com sucesso.
[main 3f384b2] Atualiza vitrine - 18/09/2026 15:00
 2 files changed, 104 insertions(+), 97 deletions(-)
To github.com:gestordecx/promod-vitrine.git
   a36a659..3f384b2  main -> main
12 ofertas escritas em index.html.
Vitrine publicada com sucesso.
[main dc87a35] Atualiza vitrine - 18/09/2026 15:15
 2 files changed, 41 insertions(+), 35 deletions(-)
To github.com:gestordecx/promod-vitrine.git
   3f384b2..dc87a35  main -> main
12 ofertas escritas em index.html.
Vitrine publicada com sucesso.
[main 548b9fa] Atualiza vitrine - 18/09/2026 15:30
 2 files changed, 41 insertions(+), 34 deletions(-)
To github.com:gestordecx/promod-vitrine.git
   dc87a35..548b9fa  main -> main
12 ofertas escritas em index.html.
Vitrine publicada com sucesso.
[main e719367] Atualiza vitrine - 18/09/2026 15:45
 2 files changed, 39 insertions(+), 35 deletions(-)
To github.com:gestordecx/promod-vitrine.git
   548b9fa..e719367  main -> main
12 ofertas escritas em index.html.
Vitrine publicada com sucesso.
[main 0b9d231] Atualiza vitrine - 18/09/2026 16:00
 2 files changed, 103 insertions(+), 97 deletions(-)
To github.com:gestordecx/promod-vitrine.git
   e719367..0b9d231  main -> main
12 ofertas escritas em index.html.
Vitrine publicada com sucesso.
[main d816133] Atualiza vitrine - 18/09/2026 16:15
 2 files changed, 55 insertions(+), 50 deletions(-)
To github.com:gestordecx/promod-vitrine.git
   0b9d231..d816133  main -> main
12 ofertas escritas em index.html.
Vitrine publicada com sucesso.
[main 0189ecd] Atualiza vitrine - 18/09/2026 16:30
 2 files changed, 7 insertions(+), 1 deletion(-)
To github.com:gestordecx/promod-vitrine.git
   d816133..0189ecd  main -> main
12 ofertas escritas em index.html.
Vitrine publicada com sucesso.
[main 397fd3b] Atualiza vitrine - 18/09/2026 16:45
 2 files changed, 91 insertions(+), 84 deletions(-)
To github.com:gestordecx/promod-vitrine.git
   0189ecd..397fd3b  main -> main
12 ofertas escritas em index.html.
Vitrine publicada com sucesso.
[main 89eb5b9] Atualiza vitrine - 18/09/2026 17:00
 2 files changed, 102 insertions(+), 95 deletions(-)
To github.com:gestordecx/promod-vitrine.git
   397fd3b..89eb5b9  main -> main
12 ofertas escritas em index.html.
Vitrine publicada com sucesso.
[main f68af34] Atualiza vitrine - 18/09/2026 17:15
 2 files changed, 39 insertions(+), 33 deletions(-)
To github.com:gestordecx/promod-vitrine.git
   89eb5b9..f68af34  main -> main
12 ofertas escritas em index.html.
Vitrine publicada com sucesso.
[main f3ac8e5] Atualiza vitrine - 18/09/2026 17:30
 2 files changed, 55 insertions(+), 51 deletions(-)
To github.com:gestordecx/promod-vitrine.git
   f68af34..f3ac8e5  main -> main
12 ofertas escritas em index.html.
Vitrine publicada com sucesso.
[main bc39778] Atualiza vitrine - 18/09/2026 17:45
 2 files changed, 56 insertions(+), 51 deletions(-)
To github.com:gestordecx/promod-vitrine.git
   f3ac8e5..bc39778  main -> main
12 ofertas escritas em index.html.
Vitrine publicada com sucesso.
[main 52390e2] Atualiza vitrine - 18/09/2026 18:00
 2 files changed, 55 insertions(+), 49 deletions(-)
To github.com:gestordecx/promod-vitrine.git
   bc39778..52390e2  main -> main
12 ofertas escritas em index.html.
Vitrine publicada com sucesso.
[main 150793d] Atualiza vitrine - 18/09/2026 18:15
 2 files changed, 23 insertions(+), 17 deletions(-)
To github.com:gestordecx/promod-vitrine.git
   52390e2..150793d  main -> main
12 ofertas escritas em index.html.
Vitrine publicada com sucesso.
[main f70243a] Atualiza vitrine - 18/09/2026 18:30
 2 files changed, 72 insertions(+), 65 deletions(-)
To github.com:gestordecx/promod-vitrine.git
   150793d..f70243a  main -> main
12 ofertas escritas em index.html.
Vitrine publicada com sucesso.
[main 4b2a62a] Atualiza vitrine - 18/09/2026 18:45
 2 files changed, 39 insertions(+), 33 deletions(-)
To github.com:gestordecx/promod-vitrine.git
   f70243a..4b2a62a  main -> main
12 ofertas escritas em index.html.
Vitrine publicada com sucesso.
[main 1729afc] Atualiza vitrine - 18/09/2026 19:00
 2 files changed, 23 insertions(+), 17 deletions(-)
To github.com:gestordecx/promod-vitrine.git
   4b2a62a..1729afc  main -> main
12 ofertas escritas em index.html.
Vitrine publicada com sucesso.
[main 7eeedf6] Atualiza vitrine - 18/09/2026 19:15
 2 files changed, 39 insertions(+), 33 deletions(-)
To github.com:gestordecx/promod-vitrine.git
   1729afc..7eeedf6  main -> main
12 ofertas escritas em index.html.
Vitrine publicada com sucesso.
[main 775c88c] Atualiza vitrine - 18/09/2026 19:30
 2 files changed, 39 insertions(+), 34 deletions(-)
To github.com:gestordecx/promod-vitrine.git
   7eeedf6..775c88c  main -> main
12 ofertas escritas em index.html.
Vitrine publicada com sucesso.
[main eefa400] Atualiza vitrine - 18/09/2026 19:45
 2 files changed, 56 insertions(+), 49 deletions(-)
To github.com:gestordecx/promod-vitrine.git
   775c88c..eefa400  main -> main
12 ofertas escritas em index.html.
Vitrine publicada com sucesso.
[main 5cd3728] Atualiza vitrine - 18/09/2026 20:00
 2 files changed, 24 insertions(+), 18 deletions(-)
To github.com:gestordecx/promod-vitrine.git
   eefa400..5cd3728  main -> main
12 ofertas escritas em index.html.
Vitrine publicada com sucesso.
[main 12889ee] Atualiza vitrine - 18/09/2026 20:15
 2 files changed, 55 insertions(+), 49 deletions(-)
To github.com:gestordecx/promod-vitrine.git
   5cd3728..12889ee  main -> main
12 ofertas escritas em index.html.
Vitrine publicada com sucesso.
[main 1b0a551] Atualiza vitrine - 18/09/2026 20:30
 2 files changed, 39 insertions(+), 34 deletions(-)
To github.com:gestordecx/promod-vitrine.git
   12889ee..1b0a551  main -> main
12 ofertas escritas em index.html.
Vitrine publicada com sucesso.
[main 447cf9f] Atualiza vitrine - 18/09/2026 20:45
 3 files changed, 797 insertions(+), 3 deletions(-)
To github.com:gestordecx/promod-vitrine.git
   1b0a551..447cf9f  main -> main
60 ofertas escritas em index.html.
Vitrine publicada com sucesso.
[main b987c65] Atualiza vitrine - 18/09/2026 21:00
 2 files changed, 23 insertions(+), 17 deletions(-)
To github.com:gestordecx/promod-vitrine.git
   447cf9f..b987c65  main -> main
60 ofertas escritas em index.html.
Vitrine publicada com sucesso.
[main 524b93e] Atualiza vitrine - 18/09/2026 21:15
 2 files changed, 39 insertions(+), 33 deletions(-)
To github.com:gestordecx/promod-vitrine.git
   b987c65..524b93e  main -> main
60 ofertas escritas em index.html.
Vitrine publicada com sucesso.
[main ae38634] Atualiza vitrine - 18/09/2026 21:30
 2 files changed, 41 insertions(+), 35 deletions(-)
To github.com:gestordecx/promod-vitrine.git
   524b93e..ae38634  main -> main
60 ofertas escritas em index.html.
Vitrine publicada com sucesso.
[main e48f6a3] Atualiza vitrine - 18/09/2026 21:45
 2 files changed, 23 insertions(+), 17 deletions(-)
To github.com:gestordecx/promod-vitrine.git
   ae38634..e48f6a3  main -> main
60 ofertas escritas em index.html.
Vitrine publicada com sucesso.
[main cd1f8b6] Atualiza vitrine - 18/09/2026 22:00
 2 files changed, 39 insertions(+), 34 deletions(-)
To github.com:gestordecx/promod-vitrine.git
   e48f6a3..cd1f8b6  main -> main
60 ofertas escritas em index.html.
Vitrine publicada com sucesso.
[main db5c37c] Atualiza vitrine - 18/09/2026 22:15
 2 files changed, 7 insertions(+), 1 deletion(-)
To github.com:gestordecx/promod-vitrine.git
   cd1f8b6..db5c37c  main -> main
60 ofertas escritas em index.html.
Vitrine publicada com sucesso.
[main 3d9cea1] Atualiza vitrine - 18/09/2026 22:30
 2 files changed, 7 insertions(+), 1 deletion(-)
To github.com:gestordecx/promod-vitrine.git
   db5c37c..3d9cea1  main -> main
60 ofertas escritas em index.html.
Vitrine publicada com sucesso.
[main 933ef78] Atualiza vitrine - 18/09/2026 22:45
 2 files changed, 24 insertions(+), 18 deletions(-)
To github.com:gestordecx/promod-vitrine.git
   3d9cea1..933ef78  main -> main
60 ofertas escritas em index.html.
Vitrine publicada com sucesso.
[main de6fcfb] Atualiza vitrine - 18/09/2026 23:00
 2 files changed, 7 insertions(+), 1 deletion(-)
To github.com:gestordecx/promod-vitrine.git
   933ef78..de6fcfb  main -> main
60 ofertas escritas em index.html.
Vitrine publicada com sucesso.
[main f2733fa] Atualiza vitrine - 18/09/2026 23:15
 2 files changed, 7 insertions(+), 1 deletion(-)
To github.com:gestordecx/promod-vitrine.git
   de6fcfb..f2733fa  main -> main
60 ofertas escritas em index.html.
Vitrine publicada com sucesso.
[main 4e61a9a] Atualiza vitrine - 18/09/2026 23:30
 2 files changed, 7 insertions(+), 1 deletion(-)
To github.com:gestordecx/promod-vitrine.git
   f2733fa..4e61a9a  main -> main
60 ofertas escritas em index.html.
Vitrine publicada com sucesso.
[main d207647] Atualiza vitrine - 18/09/2026 23:45
 2 files changed, 272 insertions(+), 266 deletions(-)
To github.com:gestordecx/promod-vitrine.git
   4e61a9a..d207647  main -> main
60 ofertas escritas em index.html.
Vitrine publicada com sucesso.
[main ec58b97] Atualiza vitrine - 19/09/2026 00:00
 2 files changed, 7 insertions(+), 1 deletion(-)
To github.com:gestordecx/promod-vitrine.git
   d207647..ec58b97  main -> main
60 ofertas escritas em index.html.
Vitrine publicada com sucesso.
[main c3e20cb] Atualiza vitrine - 19/09/2026 00:15
 2 files changed, 55 insertions(+), 49 deletions(-)
To github.com:gestordecx/promod-vitrine.git
   ec58b97..c3e20cb  main -> main
60 ofertas escritas em index.html.
Vitrine publicada com sucesso.
[main 274b08a] Atualiza vitrine - 19/09/2026 00:30
 2 files changed, 282 insertions(+), 275 deletions(-)
To github.com:gestordecx/promod-vitrine.git
   c3e20cb..274b08a  main -> main
60 ofertas escritas em index.html.
Vitrine publicada com sucesso.
[main 5a188bf] Atualiza vitrine - 19/09/2026 00:45
 2 files changed, 103 insertions(+), 100 deletions(-)
To github.com:gestordecx/promod-vitrine.git
   274b08a..5a188bf  main -> main
60 ofertas escritas em index.html.
Vitrine publicada com sucesso.
[main 9f280cb] Atualiza vitrine - 19/09/2026 01:00
 2 files changed, 39 insertions(+), 33 deletions(-)
To github.com:gestordecx/promod-vitrine.git
   5a188bf..9f280cb  main -> main
60 ofertas escritas em index.html.
Vitrine publicada com sucesso.
[main dea2139] Atualiza vitrine - 19/09/2026 01:15
 2 files changed, 193 insertions(+), 187 deletions(-)
To github.com:gestordecx/promod-vitrine.git
   9f280cb..dea2139  main -> main
60 ofertas escritas em index.html.
Vitrine publicada com sucesso.
[main f6d4e97] Atualiza vitrine - 19/09/2026 01:30
 2 files changed, 7 insertions(+), 1 deletion(-)
To github.com:gestordecx/promod-vitrine.git
   dea2139..f6d4e97  main -> main
60 ofertas escritas em index.html.
Vitrine publicada com sucesso.
[main 8c2e574] Atualiza vitrine - 19/09/2026 01:45
 2 files changed, 7 insertions(+), 1 deletion(-)
To github.com:gestordecx/promod-vitrine.git
   f6d4e97..8c2e574  main -> main
60 ofertas escritas em index.html.
Vitrine publicada com sucesso.
[main 6dd00de] Atualiza vitrine - 19/09/2026 02:00
 2 files changed, 7 insertions(+), 1 deletion(-)
To github.com:gestordecx/promod-vitrine.git
   8c2e574..6dd00de  main -> main
60 ofertas escritas em index.html.
Vitrine publicada com sucesso.
[main 07a9abf] Atualiza vitrine - 19/09/2026 02:15
 2 files changed, 77 insertions(+), 68 deletions(-)
To github.com:gestordecx/promod-vitrine.git
   6dd00de..07a9abf  main -> main
60 ofertas escritas em index.html.
Vitrine publicada com sucesso.
[main 296cb5b] Atualiza vitrine - 19/09/2026 02:30
 2 files changed, 7 insertions(+), 1 deletion(-)
To github.com:gestordecx/promod-vitrine.git
   07a9abf..296cb5b  main -> main
60 ofertas escritas em index.html.
Vitrine publicada com sucesso.
[main dcbb197] Atualiza vitrine - 19/09/2026 02:45
 2 files changed, 7 insertions(+), 1 deletion(-)
To github.com:gestordecx/promod-vitrine.git
   296cb5b..dcbb197  main -> main
60 ofertas escritas em index.html.
Vitrine publicada com sucesso.
[main ab26e64] Atualiza vitrine - 19/09/2026 03:00
 2 files changed, 7 insertions(+), 1 deletion(-)
To github.com:gestordecx/promod-vitrine.git
   dcbb197..ab26e64  main -> main
60 ofertas escritas em index.html.
Vitrine publicada com sucesso.
[main a6ecaca] Atualiza vitrine - 19/09/2026 03:15
 2 files changed, 24 insertions(+), 18 deletions(-)
To github.com:gestordecx/promod-vitrine.git
   ab26e64..a6ecaca  main -> main
60 ofertas escritas em index.html.
Vitrine publicada com sucesso.
[main 8503800] Atualiza vitrine - 19/09/2026 03:30
 2 files changed, 24 insertions(+), 18 deletions(-)
To github.com:gestordecx/promod-vitrine.git
   a6ecaca..8503800  main -> main
60 ofertas escritas em index.html.
Vitrine publicada com sucesso.
[main 99f962b] Atualiza vitrine - 19/09/2026 03:45
 2 files changed, 24 insertions(+), 18 deletions(-)
To github.com:gestordecx/promod-vitrine.git
   8503800..99f962b  main -> main
60 ofertas escritas em index.html.
Vitrine publicada com sucesso.
[main 7754505] Atualiza vitrine - 19/09/2026 04:00
 2 files changed, 7 insertions(+), 1 deletion(-)
To github.com:gestordecx/promod-vitrine.git
   99f962b..7754505  main -> main
60 ofertas escritas em index.html.
Vitrine publicada com sucesso.
[main 823dcc7] Atualiza vitrine - 19/09/2026 04:15
 2 files changed, 7 insertions(+), 1 deletion(-)
To github.com:gestordecx/promod-vitrine.git
   7754505..823dcc7  main -> main
60 ofertas escritas em index.html.
Vitrine publicada com sucesso.
[main 6c69d76] Atualiza vitrine - 19/09/2026 04:30
 2 files changed, 40 insertions(+), 34 deletions(-)
To github.com:gestordecx/promod-vitrine.git
   823dcc7..6c69d76  main -> main
60 ofertas escritas em index.html.
Vitrine publicada com sucesso.
[main 0b15e64] Atualiza vitrine - 19/09/2026 04:45
 2 files changed, 7 insertions(+), 1 deletion(-)
To github.com:gestordecx/promod-vitrine.git
   6c69d76..0b15e64  main -> main
60 ofertas escritas em index.html.
Vitrine publicada com sucesso.
[main 1920720] Atualiza vitrine - 19/09/2026 05:00
 2 files changed, 7 insertions(+), 1 deletion(-)
To github.com:gestordecx/promod-vitrine.git
   0b15e64..1920720  main -> main
60 ofertas escritas em index.html.
Vitrine publicada com sucesso.
[main 7149d4f] Atualiza vitrine - 19/09/2026 05:15
 2 files changed, 7 insertions(+), 1 deletion(-)
To github.com:gestordecx/promod-vitrine.git
   1920720..7149d4f  main -> main
60 ofertas escritas em index.html.
Vitrine publicada com sucesso.
[main bf0bab6] Atualiza vitrine - 19/09/2026 05:30
 2 files changed, 7 insertions(+), 1 deletion(-)
To github.com:gestordecx/promod-vitrine.git
   7149d4f..bf0bab6  main -> main
60 ofertas escritas em index.html.
Vitrine publicada com sucesso.
[main 3cfa512] Atualiza vitrine - 19/09/2026 05:45
 2 files changed, 40 insertions(+), 34 deletions(-)
To github.com:gestordecx/promod-vitrine.git
   bf0bab6..3cfa512  main -> main
60 ofertas escritas em index.html.
Vitrine publicada com sucesso.
[main d8948d7] Atualiza vitrine - 19/09/2026 06:00
 2 files changed, 7 insertions(+), 1 deletion(-)
To github.com:gestordecx/promod-vitrine.git
   3cfa512..d8948d7  main -> main
60 ofertas escritas em index.html.
Vitrine publicada com sucesso.
[main 37e2ad2] Atualiza vitrine - 19/09/2026 06:15
 2 files changed, 7 insertions(+), 1 deletion(-)
To github.com:gestordecx/promod-vitrine.git
   d8948d7..37e2ad2  main -> main
60 ofertas escritas em index.html.
Vitrine publicada com sucesso.
[main a3ce7e2] Atualiza vitrine - 19/09/2026 06:30
 2 files changed, 23 insertions(+), 17 deletions(-)
To github.com:gestordecx/promod-vitrine.git
   37e2ad2..a3ce7e2  main -> main
60 ofertas escritas em index.html.
Vitrine publicada com sucesso.
[main a10407f] Atualiza vitrine - 19/09/2026 06:45
 2 files changed, 23 insertions(+), 17 deletions(-)
To github.com:gestordecx/promod-vitrine.git
   a3ce7e2..a10407f  main -> main
60 ofertas escritas em index.html.
Vitrine publicada com sucesso.
[main 325a2fe] Atualiza vitrine - 19/09/2026 07:00
 2 files changed, 23 insertions(+), 17 deletions(-)
To github.com:gestordecx/promod-vitrine.git
   a10407f..325a2fe  main -> main
60 ofertas escritas em index.html.
Vitrine publicada com sucesso.
[main fcb77d6] Atualiza vitrine - 19/09/2026 07:15
 2 files changed, 7 insertions(+), 1 deletion(-)
To github.com:gestordecx/promod-vitrine.git
   325a2fe..fcb77d6  main -> main
60 ofertas escritas em index.html.
Vitrine publicada com sucesso.
[main ed85211] Atualiza vitrine - 19/09/2026 07:30
 2 files changed, 7 insertions(+), 1 deletion(-)
To github.com:gestordecx/promod-vitrine.git
   fcb77d6..ed85211  main -> main
60 ofertas escritas em index.html.
Vitrine publicada com sucesso.
[main 05fe19e] Atualiza vitrine - 19/09/2026 07:45
 2 files changed, 57 insertions(+), 51 deletions(-)
To github.com:gestordecx/promod-vitrine.git
   ed85211..05fe19e  main -> main
60 ofertas escritas em index.html.
Vitrine publicada com sucesso.
[main dea0de5] Atualiza vitrine - 19/09/2026 08:00
 2 files changed, 143 insertions(+), 135 deletions(-)
To github.com:gestordecx/promod-vitrine.git
   05fe19e..dea0de5  main -> main
60 ofertas escritas em index.html.
Vitrine publicada com sucesso.
[main fe08d07] Atualiza vitrine - 19/09/2026 08:15
 2 files changed, 39 insertions(+), 33 deletions(-)
To github.com:gestordecx/promod-vitrine.git
   dea0de5..fe08d07  main -> main
60 ofertas escritas em index.html.
Vitrine publicada com sucesso.
[main d5153a6] Atualiza vitrine - 19/09/2026 08:30
 2 files changed, 125 insertions(+), 119 deletions(-)
To github.com:gestordecx/promod-vitrine.git
   fe08d07..d5153a6  main -> main
60 ofertas escritas em index.html.
Vitrine publicada com sucesso.
[main acce374] Atualiza vitrine - 19/09/2026 08:45
 2 files changed, 254 insertions(+), 248 deletions(-)
To github.com:gestordecx/promod-vitrine.git
   d5153a6..acce374  main -> main
60 ofertas escritas em index.html.
Vitrine publicada com sucesso.
[main e9d12c8] Atualiza vitrine - 19/09/2026 09:00
 2 files changed, 92 insertions(+), 86 deletions(-)
To github.com:gestordecx/promod-vitrine.git
   acce374..e9d12c8  main -> main
60 ofertas escritas em index.html.
Vitrine publicada com sucesso.
[main 03d11ad] Atualiza vitrine - 19/09/2026 09:15
 2 files changed, 23 insertions(+), 17 deletions(-)
To github.com:gestordecx/promod-vitrine.git
   e9d12c8..03d11ad  main -> main
60 ofertas escritas em index.html.
Vitrine publicada com sucesso.
[main 786f05d] Atualiza vitrine - 19/09/2026 09:30
 2 files changed, 221 insertions(+), 215 deletions(-)
To github.com:gestordecx/promod-vitrine.git
   03d11ad..786f05d  main -> main
60 ofertas escritas em index.html.
Vitrine publicada com sucesso.
[main c151172] Atualiza vitrine - 19/09/2026 09:45
 2 files changed, 138 insertions(+), 132 deletions(-)
To github.com:gestordecx/promod-vitrine.git
   786f05d..c151172  main -> main
60 ofertas escritas em index.html.
Vitrine publicada com sucesso.
[main a1f6f92] Atualiza vitrine - 19/09/2026 10:00
 2 files changed, 24 insertions(+), 18 deletions(-)
To github.com:gestordecx/promod-vitrine.git
   c151172..a1f6f92  main -> main
60 ofertas escritas em index.html.
Vitrine publicada com sucesso.
[main 570e8b9] Atualiza vitrine - 19/09/2026 10:15
 2 files changed, 241 insertions(+), 234 deletions(-)
To github.com:gestordecx/promod-vitrine.git
   a1f6f92..570e8b9  main -> main
60 ofertas escritas em index.html.
Vitrine publicada com sucesso.
[main 0104f04] Atualiza vitrine - 19/09/2026 10:30
 2 files changed, 72 insertions(+), 66 deletions(-)
To github.com:gestordecx/promod-vitrine.git
   570e8b9..0104f04  main -> main
60 ofertas escritas em index.html.
Vitrine publicada com sucesso.
[main e3ad86a] Atualiza vitrine - 19/09/2026 10:45
 2 files changed, 55 insertions(+), 51 deletions(-)
To github.com:gestordecx/promod-vitrine.git
   0104f04..e3ad86a  main -> main
60 ofertas escritas em index.html.
Vitrine publicada com sucesso.
[main 279de12] Atualiza vitrine - 19/09/2026 11:00
 2 files changed, 123 insertions(+), 118 deletions(-)
To github.com:gestordecx/promod-vitrine.git
   e3ad86a..279de12  main -> main
60 ofertas escritas em index.html.
Vitrine publicada com sucesso.
[main 50e41d4] Atualiza vitrine - 19/09/2026 11:15
 2 files changed, 73 insertions(+), 67 deletions(-)
To github.com:gestordecx/promod-vitrine.git
   279de12..50e41d4  main -> main
60 ofertas escritas em index.html.
Vitrine publicada com sucesso.
[main 2d97b1a] Atualiza vitrine - 19/09/2026 11:30
 2 files changed, 107 insertions(+), 98 deletions(-)
To github.com:gestordecx/promod-vitrine.git
   50e41d4..2d97b1a  main -> main
60 ofertas escritas em index.html.
Vitrine publicada com sucesso.
[main 038f9b1] Atualiza vitrine - 19/09/2026 11:45
 2 files changed, 56 insertions(+), 50 deletions(-)
To github.com:gestordecx/promod-vitrine.git
   2d97b1a..038f9b1  main -> main
60 ofertas escritas em index.html.
Vitrine publicada com sucesso.
[main b13d6c8] Atualiza vitrine - 19/09/2026 12:00
 2 files changed, 72 insertions(+), 66 deletions(-)
To github.com:gestordecx/promod-vitrine.git
   038f9b1..b13d6c8  main -> main
60 ofertas escritas em index.html.
Vitrine publicada com sucesso.
[main 998442f] Atualiza vitrine - 19/09/2026 12:15
 2 files changed, 120 insertions(+), 115 deletions(-)
To github.com:gestordecx/promod-vitrine.git
   b13d6c8..998442f  main -> main
60 ofertas escritas em index.html.
Vitrine publicada com sucesso.
[main bebc2e6] Atualiza vitrine - 19/09/2026 12:30
 2 files changed, 56 insertions(+), 50 deletions(-)
To github.com:gestordecx/promod-vitrine.git
   998442f..bebc2e6  main -> main
60 ofertas escritas em index.html.
Vitrine publicada com sucesso.
[main 068c5bb] Atualiza vitrine - 19/09/2026 12:45
 2 files changed, 188 insertions(+), 182 deletions(-)
To github.com:gestordecx/promod-vitrine.git
   bebc2e6..068c5bb  main -> main
60 ofertas escritas em index.html.
Vitrine publicada com sucesso.
[main 68a5dd7] Atualiza vitrine - 19/09/2026 13:00
 2 files changed, 56 insertions(+), 50 deletions(-)
To github.com:gestordecx/promod-vitrine.git
   068c5bb..68a5dd7  main -> main
60 ofertas escritas em index.html.
Vitrine publicada com sucesso.
[main 962df40] Atualiza vitrine - 19/09/2026 13:15
 2 files changed, 135 insertions(+), 132 deletions(-)
To github.com:gestordecx/promod-vitrine.git
   68a5dd7..962df40  main -> main
60 ofertas escritas em index.html.
Vitrine publicada com sucesso.
[main 5b1b034] Atualiza vitrine - 19/09/2026 13:30
 2 files changed, 72 insertions(+), 66 deletions(-)
To github.com:gestordecx/promod-vitrine.git
   962df40..5b1b034  main -> main
60 ofertas escritas em index.html.
Vitrine publicada com sucesso.
[main 7957237] Atualiza vitrine - 19/09/2026 13:45
 2 files changed, 7 insertions(+), 1 deletion(-)
To github.com:gestordecx/promod-vitrine.git
   5b1b034..7957237  main -> main
60 ofertas escritas em index.html.
Vitrine publicada com sucesso.
[main 07d992a] Atualiza vitrine - 19/09/2026 14:00
 2 files changed, 7 insertions(+), 1 deletion(-)
To github.com:gestordecx/promod-vitrine.git
   7957237..07d992a  main -> main
60 ofertas escritas em index.html.
Vitrine publicada com sucesso.
[main 2bd5080] Atualiza vitrine - 19/09/2026 14:15
 2 files changed, 56 insertions(+), 50 deletions(-)
To github.com:gestordecx/promod-vitrine.git
   07d992a..2bd5080  main -> main
60 ofertas escritas em index.html.
Vitrine publicada com sucesso.
[main d55c8e1] Atualiza vitrine - 19/09/2026 14:30
 2 files changed, 194 insertions(+), 188 deletions(-)
To github.com:gestordecx/promod-vitrine.git
   2bd5080..d55c8e1  main -> main
60 ofertas escritas em index.html.
Vitrine publicada com sucesso.
[main c8e541a] Atualiza vitrine - 19/09/2026 14:45
 2 files changed, 240 insertions(+), 234 deletions(-)
To github.com:gestordecx/promod-vitrine.git
   d55c8e1..c8e541a  main -> main
60 ofertas escritas em index.html.
Vitrine publicada com sucesso.
[main 7012e23] Atualiza vitrine - 19/09/2026 15:00
 2 files changed, 136 insertions(+), 130 deletions(-)
To github.com:gestordecx/promod-vitrine.git
   c8e541a..7012e23  main -> main
60 ofertas escritas em index.html.
Vitrine publicada com sucesso.
[main 3e7fe8e] Atualiza vitrine - 19/09/2026 15:15
 2 files changed, 57 insertions(+), 51 deletions(-)
To github.com:gestordecx/promod-vitrine.git
   7012e23..3e7fe8e  main -> main
60 ofertas escritas em index.html.
Vitrine publicada com sucesso.
[main 26e6515] Atualiza vitrine - 19/09/2026 15:30
 2 files changed, 56 insertions(+), 50 deletions(-)
To github.com:gestordecx/promod-vitrine.git
   3e7fe8e..26e6515  main -> main
60 ofertas escritas em index.html.
Vitrine publicada com sucesso.
[main d195e5b] Atualiza vitrine - 19/09/2026 15:45
 2 files changed, 72 insertions(+), 65 deletions(-)
To github.com:gestordecx/promod-vitrine.git
   26e6515..d195e5b  main -> main
60 ofertas escritas em index.html.
Vitrine publicada com sucesso.
[main 4d34b4e] Atualiza vitrine - 19/09/2026 16:00
 2 files changed, 153 insertions(+), 146 deletions(-)
To github.com:gestordecx/promod-vitrine.git
   d195e5b..4d34b4e  main -> main
60 ofertas escritas em index.html.
Vitrine publicada com sucesso.
[main 284986a] Atualiza vitrine - 19/09/2026 16:15
 2 files changed, 39 insertions(+), 33 deletions(-)
To github.com:gestordecx/promod-vitrine.git
   4d34b4e..284986a  main -> main
60 ofertas escritas em index.html.
Vitrine publicada com sucesso.
[main 22d01de] Atualiza vitrine - 19/09/2026 16:30
 2 files changed, 7 insertions(+), 1 deletion(-)
To github.com:gestordecx/promod-vitrine.git
   284986a..22d01de  main -> main
60 ofertas escritas em index.html.
Vitrine publicada com sucesso.
[main 47d9207] Atualiza vitrine - 19/09/2026 16:45
 2 files changed, 159 insertions(+), 153 deletions(-)
To github.com:gestordecx/promod-vitrine.git
   22d01de..47d9207  main -> main
60 ofertas escritas em index.html.
Vitrine publicada com sucesso.
[main ee42e04] Atualiza vitrine - 19/09/2026 17:00
 2 files changed, 277 insertions(+), 271 deletions(-)
To github.com:gestordecx/promod-vitrine.git
   47d9207..ee42e04  main -> main
60 ofertas escritas em index.html.
Vitrine publicada com sucesso.
[main 814230a] Atualiza vitrine - 19/09/2026 17:15
 2 files changed, 56 insertions(+), 50 deletions(-)
To github.com:gestordecx/promod-vitrine.git
   ee42e04..814230a  main -> main
60 ofertas escritas em index.html.
Vitrine publicada com sucesso.
[main 65492fe] Atualiza vitrine - 19/09/2026 17:30
 2 files changed, 73 insertions(+), 67 deletions(-)
To github.com:gestordecx/promod-vitrine.git
   814230a..65492fe  main -> main
60 ofertas escritas em index.html.
Vitrine publicada com sucesso.
[main da5ddb1] Atualiza vitrine - 19/09/2026 17:45
 2 files changed, 55 insertions(+), 49 deletions(-)
To github.com:gestordecx/promod-vitrine.git
   65492fe..da5ddb1  main -> main
60 ofertas escritas em index.html.
Vitrine publicada com sucesso.
[main 7311588] Atualiza vitrine - 19/09/2026 18:00
 2 files changed, 24 insertions(+), 18 deletions(-)
To github.com:gestordecx/promod-vitrine.git
   da5ddb1..7311588  main -> main
60 ofertas escritas em index.html.
Vitrine publicada com sucesso.
[main f670efc] Atualiza vitrine - 19/09/2026 18:15
 2 files changed, 93 insertions(+), 82 deletions(-)
To github.com:gestordecx/promod-vitrine.git
   7311588..f670efc  main -> main
60 ofertas escritas em index.html.
Vitrine publicada com sucesso.
[main 7aa3e05] Atualiza vitrine - 19/09/2026 18:30
 2 files changed, 7 insertions(+), 1 deletion(-)
To github.com:gestordecx/promod-vitrine.git
   f670efc..7aa3e05  main -> main
60 ofertas escritas em index.html.
Vitrine publicada com sucesso.
[main bd3b706] Atualiza vitrine - 19/09/2026 18:45
 2 files changed, 23 insertions(+), 17 deletions(-)
To github.com:gestordecx/promod-vitrine.git
   7aa3e05..bd3b706  main -> main
60 ofertas escritas em index.html.
Vitrine publicada com sucesso.
[main 887ce5a] Atualiza vitrine - 19/09/2026 19:00
 2 files changed, 317 insertions(+), 314 deletions(-)
To github.com:gestordecx/promod-vitrine.git
   bd3b706..887ce5a  main -> main
60 ofertas escritas em index.html.
Vitrine publicada com sucesso.
[main 5bce934] Atualiza vitrine - 19/09/2026 19:15
 2 files changed, 174 insertions(+), 167 deletions(-)
To github.com:gestordecx/promod-vitrine.git
   887ce5a..5bce934  main -> main
60 ofertas escritas em index.html.
Vitrine publicada com sucesso.
[main f0da46d] Atualiza vitrine - 19/09/2026 19:30
 2 files changed, 23 insertions(+), 17 deletions(-)
To github.com:gestordecx/promod-vitrine.git
   5bce934..f0da46d  main -> main
60 ofertas escritas em index.html.
Vitrine publicada com sucesso.
[main 0bc413b] Atualiza vitrine - 19/09/2026 19:45
 2 files changed, 24 insertions(+), 17 deletions(-)
To github.com:gestordecx/promod-vitrine.git
   f0da46d..0bc413b  main -> main
60 ofertas escritas em index.html.
Vitrine publicada com sucesso.
[main 758a39b] Atualiza vitrine - 19/09/2026 20:00
 2 files changed, 55 insertions(+), 49 deletions(-)
To github.com:gestordecx/promod-vitrine.git
   0bc413b..758a39b  main -> main
60 ofertas escritas em index.html.
Vitrine publicada com sucesso.
[main 09d3071] Atualiza vitrine - 19/09/2026 20:15
 2 files changed, 71 insertions(+), 65 deletions(-)
To github.com:gestordecx/promod-vitrine.git
   758a39b..09d3071  main -> main
60 ofertas escritas em index.html.
Vitrine publicada com sucesso.
[main d9920d9] Atualiza vitrine - 19/09/2026 20:30
 2 files changed, 23 insertions(+), 17 deletions(-)
To github.com:gestordecx/promod-vitrine.git
   09d3071..d9920d9  main -> main
60 ofertas escritas em index.html.
Vitrine publicada com sucesso.
[main 20b94a7] Atualiza vitrine - 19/09/2026 20:45
 2 files changed, 167 insertions(+), 162 deletions(-)
To github.com:gestordecx/promod-vitrine.git
   d9920d9..20b94a7  main -> main
60 ofertas escritas em index.html.
Vitrine publicada com sucesso.
[main 27f9ac9] Atualiza vitrine - 19/09/2026 21:00
 2 files changed, 23 insertions(+), 18 deletions(-)
To github.com:gestordecx/promod-vitrine.git
   20b94a7..27f9ac9  main -> main
60 ofertas escritas em index.html.
Vitrine publicada com sucesso.
[main 05420c1] Atualiza vitrine - 19/09/2026 21:15
 2 files changed, 87 insertions(+), 84 deletions(-)
To github.com:gestordecx/promod-vitrine.git
   27f9ac9..05420c1  main -> main
60 ofertas escritas em index.html.
Vitrine publicada com sucesso.
[main fefb917] Atualiza vitrine - 19/09/2026 21:30
 2 files changed, 55 insertions(+), 51 deletions(-)
To github.com:gestordecx/promod-vitrine.git
   05420c1..fefb917  main -> main
60 ofertas escritas em index.html.
Vitrine publicada com sucesso.
[main a633715] Atualiza vitrine - 19/09/2026 21:45
 2 files changed, 7 insertions(+), 1 deletion(-)
To github.com:gestordecx/promod-vitrine.git
   fefb917..a633715  main -> main
60 ofertas escritas em index.html.
Vitrine publicada com sucesso.
[main 604a68f] Atualiza vitrine - 19/09/2026 22:00
 2 files changed, 55 insertions(+), 50 deletions(-)
To github.com:gestordecx/promod-vitrine.git
   a633715..604a68f  main -> main
60 ofertas escritas em index.html.
Vitrine publicada com sucesso.
[main b22f82b] Atualiza vitrine - 19/09/2026 22:15
 2 files changed, 7 insertions(+), 1 deletion(-)
To github.com:gestordecx/promod-vitrine.git
   604a68f..b22f82b  main -> main
60 ofertas escritas em index.html.
Vitrine publicada com sucesso.
[main a70f416] Atualiza vitrine - 19/09/2026 22:30
 2 files changed, 7 insertions(+), 1 deletion(-)
To github.com:gestordecx/promod-vitrine.git
   b22f82b..a70f416  main -> main
60 ofertas escritas em index.html.
Vitrine publicada com sucesso.
[main cbe264d] Atualiza vitrine - 19/09/2026 22:45
 2 files changed, 7 insertions(+), 1 deletion(-)
To github.com:gestordecx/promod-vitrine.git
   a70f416..cbe264d  main -> main
60 ofertas escritas em index.html.
Vitrine publicada com sucesso.
[main 9fe514a] Atualiza vitrine - 19/09/2026 23:00
 2 files changed, 23 insertions(+), 18 deletions(-)
To github.com:gestordecx/promod-vitrine.git
   cbe264d..9fe514a  main -> main
60 ofertas escritas em index.html.
Vitrine publicada com sucesso.
[main b55fc5d] Atualiza vitrine - 19/09/2026 23:15
 2 files changed, 39 insertions(+), 33 deletions(-)
To github.com:gestordecx/promod-vitrine.git
   9fe514a..b55fc5d  main -> main
60 ofertas escritas em index.html.
Vitrine publicada com sucesso.
[main dd7a71a] Atualiza vitrine - 19/09/2026 23:30
 2 files changed, 39 insertions(+), 33 deletions(-)
To github.com:gestordecx/promod-vitrine.git
   b55fc5d..dd7a71a  main -> main
60 ofertas escritas em index.html.
Vitrine publicada com sucesso.
[main 437e2ac] Atualiza vitrine - 19/09/2026 23:45
 2 files changed, 55 insertions(+), 54 deletions(-)
To github.com:gestordecx/promod-vitrine.git
   dd7a71a..437e2ac  main -> main
60 ofertas escritas em index.html.
Vitrine publicada com sucesso.
[main 8c7b6f6] Atualiza vitrine - 20/09/2026 00:00
 2 files changed, 87 insertions(+), 82 deletions(-)
To github.com:gestordecx/promod-vitrine.git
   437e2ac..8c7b6f6  main -> main
60 ofertas escritas em index.html.
Vitrine publicada com sucesso.
[main d10602b] Atualiza vitrine - 20/09/2026 00:15
 2 files changed, 157 insertions(+), 151 deletions(-)
To github.com:gestordecx/promod-vitrine.git
   8c7b6f6..d10602b  main -> main
60 ofertas escritas em index.html.
Vitrine publicada com sucesso.
[main 5034645] Atualiza vitrine - 20/09/2026 00:30
 2 files changed, 95 insertions(+), 84 deletions(-)
To github.com:gestordecx/promod-vitrine.git
   d10602b..5034645  main -> main
60 ofertas escritas em index.html.
Vitrine publicada com sucesso.
[main 432df1a] Atualiza vitrine - 20/09/2026 00:45
 2 files changed, 7 insertions(+), 1 deletion(-)
To github.com:gestordecx/promod-vitrine.git
   5034645..432df1a  main -> main
60 ofertas escritas em index.html.
Vitrine publicada com sucesso.
[main c9b5067] Atualiza vitrine - 20/09/2026 01:00
 2 files changed, 160 insertions(+), 149 deletions(-)
To github.com:gestordecx/promod-vitrine.git
   432df1a..c9b5067  main -> main
60 ofertas escritas em index.html.
Vitrine publicada com sucesso.
[main ebaf382] Atualiza vitrine - 20/09/2026 01:15
 2 files changed, 39 insertions(+), 33 deletions(-)
To github.com:gestordecx/promod-vitrine.git
   c9b5067..ebaf382  main -> main
60 ofertas escritas em index.html.
Vitrine publicada com sucesso.
[main 155c9a6] Atualiza vitrine - 20/09/2026 01:30
 2 files changed, 23 insertions(+), 17 deletions(-)
To github.com:gestordecx/promod-vitrine.git
   ebaf382..155c9a6  main -> main
60 ofertas escritas em index.html.
Vitrine publicada com sucesso.
[main da5fcf7] Atualiza vitrine - 20/09/2026 01:45
 2 files changed, 214 insertions(+), 206 deletions(-)
To github.com:gestordecx/promod-vitrine.git
   155c9a6..da5fcf7  main -> main
60 ofertas escritas em index.html.
Vitrine publicada com sucesso.
[main 54fa084] Atualiza vitrine - 20/09/2026 02:00
 2 files changed, 24 insertions(+), 18 deletions(-)
To github.com:gestordecx/promod-vitrine.git
   da5fcf7..54fa084  main -> main
60 ofertas escritas em index.html.
Vitrine publicada com sucesso.
[main 1513edf] Atualiza vitrine - 20/09/2026 02:15
 2 files changed, 7 insertions(+), 1 deletion(-)
To github.com:gestordecx/promod-vitrine.git
   54fa084..1513edf  main -> main
60 ofertas escritas em index.html.
Vitrine publicada com sucesso.
[main 1db09b4] Atualiza vitrine - 20/09/2026 02:30
 2 files changed, 7 insertions(+), 1 deletion(-)
To github.com:gestordecx/promod-vitrine.git
   1513edf..1db09b4  main -> main
60 ofertas escritas em index.html.
Vitrine publicada com sucesso.
[main 7bf2dbb] Atualiza vitrine - 20/09/2026 02:45
 2 files changed, 7 insertions(+), 1 deletion(-)
To github.com:gestordecx/promod-vitrine.git
   1db09b4..7bf2dbb  main -> main
60 ofertas escritas em index.html.
Vitrine publicada com sucesso.
[main 20ea463] Atualiza vitrine - 20/09/2026 03:00
 2 files changed, 23 insertions(+), 17 deletions(-)
To github.com:gestordecx/promod-vitrine.git
   7bf2dbb..20ea463  main -> main
60 ofertas escritas em index.html.
Vitrine publicada com sucesso.
[main 7e573de] Atualiza vitrine - 20/09/2026 03:15
 2 files changed, 7 insertions(+), 1 deletion(-)
To github.com:gestordecx/promod-vitrine.git
   20ea463..7e573de  main -> main
60 ofertas escritas em index.html.
Vitrine publicada com sucesso.
[main bbe75f1] Atualiza vitrine - 20/09/2026 03:30
 2 files changed, 7 insertions(+), 1 deletion(-)
To github.com:gestordecx/promod-vitrine.git
   7e573de..bbe75f1  main -> main
60 ofertas escritas em index.html.
Vitrine publicada com sucesso.
[main 5600514] Atualiza vitrine - 20/09/2026 03:45
 2 files changed, 7 insertions(+), 1 deletion(-)
To github.com:gestordecx/promod-vitrine.git
   bbe75f1..5600514  main -> main
60 ofertas escritas em index.html.
Vitrine publicada com sucesso.
[main fddba41] Atualiza vitrine - 20/09/2026 04:00
 2 files changed, 24 insertions(+), 18 deletions(-)
To github.com:gestordecx/promod-vitrine.git
   5600514..fddba41  main -> main
60 ofertas escritas em index.html.
Vitrine publicada com sucesso.
[main 57c7f33] Atualiza vitrine - 20/09/2026 04:15
 2 files changed, 7 insertions(+), 1 deletion(-)
To github.com:gestordecx/promod-vitrine.git
   fddba41..57c7f33  main -> main
60 ofertas escritas em index.html.
Vitrine publicada com sucesso.
[main 0d7f92a] Atualiza vitrine - 20/09/2026 04:30
 2 files changed, 7 insertions(+), 1 deletion(-)
To github.com:gestordecx/promod-vitrine.git
   57c7f33..0d7f92a  main -> main
60 ofertas escritas em index.html.
Vitrine publicada com sucesso.
[main 60f4c4b] Atualiza vitrine - 20/09/2026 04:45
 2 files changed, 7 insertions(+), 1 deletion(-)
To github.com:gestordecx/promod-vitrine.git
   0d7f92a..60f4c4b  main -> main
60 ofertas escritas em index.html.
Vitrine publicada com sucesso.
[main 9a1a2c0] Atualiza vitrine - 20/09/2026 05:00
 2 files changed, 40 insertions(+), 35 deletions(-)
To github.com:gestordecx/promod-vitrine.git
   60f4c4b..9a1a2c0  main -> main
60 ofertas escritas em index.html.
Vitrine publicada com sucesso.
[main 6e8387a] Atualiza vitrine - 20/09/2026 05:15
 2 files changed, 24 insertions(+), 17 deletions(-)
To github.com:gestordecx/promod-vitrine.git
   9a1a2c0..6e8387a  main -> main
60 ofertas escritas em index.html.
Vitrine publicada com sucesso.
[main 62d3bef] Atualiza vitrine - 20/09/2026 05:30
 2 files changed, 7 insertions(+), 1 deletion(-)
To github.com:gestordecx/promod-vitrine.git
   6e8387a..62d3bef  main -> main
60 ofertas escritas em index.html.
Vitrine publicada com sucesso.
[main b4fa8f4] Atualiza vitrine - 20/09/2026 05:45
 2 files changed, 7 insertions(+), 1 deletion(-)
To github.com:gestordecx/promod-vitrine.git
   62d3bef..b4fa8f4  main -> main
60 ofertas escritas em index.html.
Vitrine publicada com sucesso.
[main 43d3480] Atualiza vitrine - 20/09/2026 06:00
 2 files changed, 7 insertions(+), 1 deletion(-)
To github.com:gestordecx/promod-vitrine.git
   b4fa8f4..43d3480  main -> main
60 ofertas escritas em index.html.
Vitrine publicada com sucesso.
[main c74f4b5] Atualiza vitrine - 20/09/2026 06:15
 2 files changed, 7 insertions(+), 1 deletion(-)
To github.com:gestordecx/promod-vitrine.git
   43d3480..c74f4b5  main -> main
60 ofertas escritas em index.html.
Vitrine publicada com sucesso.
[main f6f590c] Atualiza vitrine - 20/09/2026 06:30
 2 files changed, 58 insertions(+), 52 deletions(-)
To github.com:gestordecx/promod-vitrine.git
   c74f4b5..f6f590c  main -> main
60 ofertas escritas em index.html.
Vitrine publicada com sucesso.
[main 8c2ab0e] Atualiza vitrine - 20/09/2026 06:45
 2 files changed, 7 insertions(+), 1 deletion(-)
To github.com:gestordecx/promod-vitrine.git
   f6f590c..8c2ab0e  main -> main
60 ofertas escritas em index.html.
Vitrine publicada com sucesso.
[main 8c059b4] Atualiza vitrine - 20/09/2026 07:00
 2 files changed, 7 insertions(+), 1 deletion(-)
To github.com:gestordecx/promod-vitrine.git
   8c2ab0e..8c059b4  main -> main
60 ofertas escritas em index.html.
Vitrine publicada com sucesso.
[main 6aeb565] Atualiza vitrine - 20/09/2026 07:15
 2 files changed, 7 insertions(+), 1 deletion(-)
To github.com:gestordecx/promod-vitrine.git
   8c059b4..6aeb565  main -> main
60 ofertas escritas em index.html.
Vitrine publicada com sucesso.
[main 28dec33] Atualiza vitrine - 20/09/2026 07:30
 2 files changed, 7 insertions(+), 1 deletion(-)
To github.com:gestordecx/promod-vitrine.git
   6aeb565..28dec33  main -> main
60 ofertas escritas em index.html.
Vitrine publicada com sucesso.
[main f06a150] Atualiza vitrine - 20/09/2026 07:45
 2 files changed, 75 insertions(+), 69 deletions(-)
To github.com:gestordecx/promod-vitrine.git
   28dec33..f06a150  main -> main
60 ofertas escritas em index.html.
Vitrine publicada com sucesso.
[main b3c95cf] Atualiza vitrine - 20/09/2026 08:00
 2 files changed, 173 insertions(+), 167 deletions(-)
To github.com:gestordecx/promod-vitrine.git
   f06a150..b3c95cf  main -> main
60 ofertas escritas em index.html.
Vitrine publicada com sucesso.
[main 5b216be] Atualiza vitrine - 20/09/2026 08:15
 2 files changed, 40 insertions(+), 34 deletions(-)
To github.com:gestordecx/promod-vitrine.git
   b3c95cf..5b216be  main -> main
60 ofertas escritas em index.html.
Vitrine publicada com sucesso.
[main dfcad74] Atualiza vitrine - 20/09/2026 08:30
 2 files changed, 7 insertions(+), 1 deletion(-)
To github.com:gestordecx/promod-vitrine.git
   5b216be..dfcad74  main -> main
60 ofertas escritas em index.html.
Vitrine publicada com sucesso.
[main af71adc] Atualiza vitrine - 20/09/2026 08:45
 2 files changed, 168 insertions(+), 162 deletions(-)
To github.com:gestordecx/promod-vitrine.git
   dfcad74..af71adc  main -> main
60 ofertas escritas em index.html.
Vitrine publicada com sucesso.
[main a94d4ba] Atualiza vitrine - 20/09/2026 09:00
 2 files changed, 58 insertions(+), 52 deletions(-)
To github.com:gestordecx/promod-vitrine.git
   af71adc..a94d4ba  main -> main
60 ofertas escritas em index.html.
Vitrine publicada com sucesso.
[main d7070ca] Atualiza vitrine - 20/09/2026 09:15
 2 files changed, 55 insertions(+), 49 deletions(-)
To github.com:gestordecx/promod-vitrine.git
   a94d4ba..d7070ca  main -> main
60 ofertas escritas em index.html.
Vitrine publicada com sucesso.
[main 9203671] Atualiza vitrine - 20/09/2026 09:30
 2 files changed, 76 insertions(+), 67 deletions(-)
To github.com:gestordecx/promod-vitrine.git
   d7070ca..9203671  main -> main
60 ofertas escritas em index.html.
Vitrine publicada com sucesso.
[main 2f7f70c] Atualiza vitrine - 20/09/2026 09:45
 2 files changed, 55 insertions(+), 49 deletions(-)
To github.com:gestordecx/promod-vitrine.git
   9203671..2f7f70c  main -> main
60 ofertas escritas em index.html.
Vitrine publicada com sucesso.
[main 317ea2e] Atualiza vitrine - 20/09/2026 10:00
 2 files changed, 225 insertions(+), 219 deletions(-)
To github.com:gestordecx/promod-vitrine.git
   2f7f70c..317ea2e  main -> main
60 ofertas escritas em index.html.
Vitrine publicada com sucesso.
[main 8007b55] Atualiza vitrine - 20/09/2026 10:15
 2 files changed, 39 insertions(+), 33 deletions(-)
To github.com:gestordecx/promod-vitrine.git
   317ea2e..8007b55  main -> main
60 ofertas escritas em index.html.
Vitrine publicada com sucesso.
[main e48eecd] Atualiza vitrine - 20/09/2026 10:30
 2 files changed, 72 insertions(+), 66 deletions(-)
To github.com:gestordecx/promod-vitrine.git
   8007b55..e48eecd  main -> main
60 ofertas escritas em index.html.
Vitrine publicada com sucesso.
[main 5bcd1df] Atualiza vitrine - 20/09/2026 10:45
 2 files changed, 223 insertions(+), 217 deletions(-)
To github.com:gestordecx/promod-vitrine.git
   e48eecd..5bcd1df  main -> main
60 ofertas escritas em index.html.
Vitrine publicada com sucesso.
[main ff99522] Atualiza vitrine - 20/09/2026 11:00
 2 files changed, 122 insertions(+), 117 deletions(-)
To github.com:gestordecx/promod-vitrine.git
   5bcd1df..ff99522  main -> main
60 ofertas escritas em index.html.
Vitrine publicada com sucesso.
[main 9535f41] Atualiza vitrine - 20/09/2026 11:15
 2 files changed, 160 insertions(+), 154 deletions(-)
To github.com:gestordecx/promod-vitrine.git
   ff99522..9535f41  main -> main
60 ofertas escritas em index.html.
Vitrine publicada com sucesso.
[main 57bcd0f] Atualiza vitrine - 20/09/2026 11:30
 2 files changed, 231 insertions(+), 223 deletions(-)
To github.com:gestordecx/promod-vitrine.git
   9535f41..57bcd0f  main -> main
60 ofertas escritas em index.html.
Vitrine publicada com sucesso.
[main 18ec00c] Atualiza vitrine - 20/09/2026 11:45
 2 files changed, 206 insertions(+), 202 deletions(-)
To github.com:gestordecx/promod-vitrine.git
   57bcd0f..18ec00c  main -> main
60 ofertas escritas em index.html.
Vitrine publicada com sucesso.
[main 6dd9d92] Atualiza vitrine - 20/09/2026 12:00
 2 files changed, 158 insertions(+), 152 deletions(-)
To github.com:gestordecx/promod-vitrine.git
   18ec00c..6dd9d92  main -> main
60 ofertas escritas em index.html.
Vitrine publicada com sucesso.
[main 722e0a6] Atualiza vitrine - 20/09/2026 12:15
 2 files changed, 174 insertions(+), 167 deletions(-)
To github.com:gestordecx/promod-vitrine.git
   6dd9d92..722e0a6  main -> main
60 ofertas escritas em index.html.
Vitrine publicada com sucesso.
[main 108bde9] Atualiza vitrine - 20/09/2026 12:30
 2 files changed, 137 insertions(+), 131 deletions(-)
To github.com:gestordecx/promod-vitrine.git
   722e0a6..108bde9  main -> main
60 ofertas escritas em index.html.
Vitrine publicada com sucesso.
[main d281da7] Atualiza vitrine - 20/09/2026 12:45
 2 files changed, 72 insertions(+), 69 deletions(-)
To github.com:gestordecx/promod-vitrine.git
   108bde9..d281da7  main -> main
60 ofertas escritas em index.html.
Vitrine publicada com sucesso.
[main 21ef2f1] Atualiza vitrine - 20/09/2026 13:00
 2 files changed, 122 insertions(+), 116 deletions(-)
To github.com:gestordecx/promod-vitrine.git
   d281da7..21ef2f1  main -> main
60 ofertas escritas em index.html.
Vitrine publicada com sucesso.
[main 0369cf5] Atualiza vitrine - 20/09/2026 13:15
 2 files changed, 7 insertions(+), 1 deletion(-)
To github.com:gestordecx/promod-vitrine.git
   21ef2f1..0369cf5  main -> main
60 ofertas escritas em index.html.
Vitrine publicada com sucesso.
[main 8b5398f] Atualiza vitrine - 20/09/2026 13:30
 2 files changed, 71 insertions(+), 66 deletions(-)
To github.com:gestordecx/promod-vitrine.git
   0369cf5..8b5398f  main -> main
60 ofertas escritas em index.html.
Vitrine publicada com sucesso.
[main 9d3e14a] Atualiza vitrine - 20/09/2026 13:45
 2 files changed, 40 insertions(+), 34 deletions(-)
To github.com:gestordecx/promod-vitrine.git
   8b5398f..9d3e14a  main -> main
60 ofertas escritas em index.html.
Vitrine publicada com sucesso.
[main c0fe0ee] Atualiza vitrine - 20/09/2026 14:00
 2 files changed, 23 insertions(+), 17 deletions(-)
To github.com:gestordecx/promod-vitrine.git
   9d3e14a..c0fe0ee  main -> main
60 ofertas escritas em index.html.
Vitrine publicada com sucesso.
[main 759c0fe] Atualiza vitrine - 20/09/2026 14:15
 2 files changed, 88 insertions(+), 82 deletions(-)
To github.com:gestordecx/promod-vitrine.git
   c0fe0ee..759c0fe  main -> main
60 ofertas escritas em index.html.
Vitrine publicada com sucesso.
[main aad6206] Atualiza vitrine - 20/09/2026 14:30
 2 files changed, 55 insertions(+), 49 deletions(-)
To github.com:gestordecx/promod-vitrine.git
   759c0fe..aad6206  main -> main
60 ofertas escritas em index.html.
Vitrine publicada com sucesso.
[main 5a3c092] Atualiza vitrine - 20/09/2026 14:45
 2 files changed, 74 insertions(+), 68 deletions(-)
To github.com:gestordecx/promod-vitrine.git
   aad6206..5a3c092  main -> main
60 ofertas escritas em index.html.
Vitrine publicada com sucesso.
[main 9f48b2e] Atualiza vitrine - 20/09/2026 15:00
 2 files changed, 219 insertions(+), 213 deletions(-)
To github.com:gestordecx/promod-vitrine.git
   5a3c092..9f48b2e  main -> main
60 ofertas escritas em index.html.
Vitrine publicada com sucesso.
[main ad7813a] Atualiza vitrine - 20/09/2026 15:15
 2 files changed, 57 insertions(+), 51 deletions(-)
To github.com:gestordecx/promod-vitrine.git
   9f48b2e..ad7813a  main -> main
60 ofertas escritas em index.html.
Vitrine publicada com sucesso.
[main 6acf088] Atualiza vitrine - 20/09/2026 15:30
 2 files changed, 40 insertions(+), 34 deletions(-)
To github.com:gestordecx/promod-vitrine.git
   ad7813a..6acf088  main -> main
60 ofertas escritas em index.html.
Vitrine publicada com sucesso.
[main e78c0fa] Atualiza vitrine - 20/09/2026 15:45
 2 files changed, 7 insertions(+), 1 deletion(-)
To github.com:gestordecx/promod-vitrine.git
   6acf088..e78c0fa  main -> main
60 ofertas escritas em index.html.
Vitrine publicada com sucesso.
[main 9604cc1] Atualiza vitrine - 20/09/2026 16:00
 2 files changed, 119 insertions(+), 113 deletions(-)
To github.com:gestordecx/promod-vitrine.git
   e78c0fa..9604cc1  main -> main
60 ofertas escritas em index.html.
Vitrine publicada com sucesso.
[main 5aed25b] Atualiza vitrine - 20/09/2026 16:15
 2 files changed, 72 insertions(+), 66 deletions(-)
To github.com:gestordecx/promod-vitrine.git
   9604cc1..5aed25b  main -> main
60 ofertas escritas em index.html.
Vitrine publicada com sucesso.
[main f72a562] Atualiza vitrine - 20/09/2026 16:30
 2 files changed, 56 insertions(+), 50 deletions(-)
To github.com:gestordecx/promod-vitrine.git
   5aed25b..f72a562  main -> main
60 ofertas escritas em index.html.
Vitrine publicada com sucesso.
[main 0eb4164] Atualiza vitrine - 20/09/2026 16:45
 2 files changed, 139 insertions(+), 133 deletions(-)
To github.com:gestordecx/promod-vitrine.git
   f72a562..0eb4164  main -> main
60 ofertas escritas em index.html.
Vitrine publicada com sucesso.
[main 4fe4575] Atualiza vitrine - 20/09/2026 17:00
 2 files changed, 55 insertions(+), 52 deletions(-)
To github.com:gestordecx/promod-vitrine.git
   0eb4164..4fe4575  main -> main
60 ofertas escritas em index.html.
Vitrine publicada com sucesso.
[main fe5abb5] Atualiza vitrine - 20/09/2026 17:15
 2 files changed, 90 insertions(+), 83 deletions(-)
To github.com:gestordecx/promod-vitrine.git
   4fe4575..fe5abb5  main -> main
60 ofertas escritas em index.html.
Vitrine publicada com sucesso.
[main a72b59a] Atualiza vitrine - 20/09/2026 17:30
 2 files changed, 55 insertions(+), 49 deletions(-)
To github.com:gestordecx/promod-vitrine.git
   fe5abb5..a72b59a  main -> main
60 ofertas escritas em index.html.
Vitrine publicada com sucesso.
[main 14b6e20] Atualiza vitrine - 20/09/2026 17:45
 2 files changed, 193 insertions(+), 187 deletions(-)
To github.com:gestordecx/promod-vitrine.git
   a72b59a..14b6e20  main -> main
60 ofertas escritas em index.html.
Vitrine publicada com sucesso.
[main 83f1f39] Atualiza vitrine - 20/09/2026 18:00
 2 files changed, 56 insertions(+), 50 deletions(-)
To github.com:gestordecx/promod-vitrine.git
   14b6e20..83f1f39  main -> main
60 ofertas escritas em index.html.
Vitrine publicada com sucesso.
[main ad6b947] Atualiza vitrine - 20/09/2026 18:15
 2 files changed, 55 insertions(+), 49 deletions(-)
To github.com:gestordecx/promod-vitrine.git
   83f1f39..ad6b947  main -> main
60 ofertas escritas em index.html.
Vitrine publicada com sucesso.
[main e7fa281] Atualiza vitrine - 20/09/2026 18:30
 2 files changed, 88 insertions(+), 82 deletions(-)
To github.com:gestordecx/promod-vitrine.git
   ad6b947..e7fa281  main -> main
60 ofertas escritas em index.html.
Vitrine publicada com sucesso.
[main 9f71601] Atualiza vitrine - 20/09/2026 18:45
 2 files changed, 23 insertions(+), 17 deletions(-)
To github.com:gestordecx/promod-vitrine.git
   e7fa281..9f71601  main -> main
60 ofertas escritas em index.html.
Vitrine publicada com sucesso.
[main 181849f] Atualiza vitrine - 20/09/2026 19:00
 2 files changed, 74 insertions(+), 68 deletions(-)
To github.com:gestordecx/promod-vitrine.git
   9f71601..181849f  main -> main
60 ofertas escritas em index.html.
Vitrine publicada com sucesso.
[main 573b809] Atualiza vitrine - 20/09/2026 19:15
 2 files changed, 7 insertions(+), 1 deletion(-)
To github.com:gestordecx/promod-vitrine.git
   181849f..573b809  main -> main
60 ofertas escritas em index.html.
Vitrine publicada com sucesso.
[main d7c0917] Atualiza vitrine - 20/09/2026 19:30
 2 files changed, 24 insertions(+), 18 deletions(-)
To github.com:gestordecx/promod-vitrine.git
   573b809..d7c0917  main -> main
60 ofertas escritas em index.html.
Vitrine publicada com sucesso.
[main 0405752] Atualiza vitrine - 20/09/2026 19:45
 2 files changed, 23 insertions(+), 18 deletions(-)
To github.com:gestordecx/promod-vitrine.git
   d7c0917..0405752  main -> main
60 ofertas escritas em index.html.
Vitrine publicada com sucesso.
[main e3c9f7f] Atualiza vitrine - 20/09/2026 20:00
 2 files changed, 56 insertions(+), 50 deletions(-)
To github.com:gestordecx/promod-vitrine.git
   0405752..e3c9f7f  main -> main
60 ofertas escritas em index.html.
Vitrine publicada com sucesso.
[main 7f07dd7] Atualiza vitrine - 20/09/2026 20:15
 2 files changed, 89 insertions(+), 83 deletions(-)
To github.com:gestordecx/promod-vitrine.git
   e3c9f7f..7f07dd7  main -> main
60 ofertas escritas em index.html.
Vitrine publicada com sucesso.
[main 45a1a86] Atualiza vitrine - 20/09/2026 20:30
 2 files changed, 306 insertions(+), 300 deletions(-)
To github.com:gestordecx/promod-vitrine.git
   7f07dd7..45a1a86  main -> main
60 ofertas escritas em index.html.
Vitrine publicada com sucesso.
[main d839ec3] Atualiza vitrine - 20/09/2026 20:45
 2 files changed, 23 insertions(+), 17 deletions(-)
To github.com:gestordecx/promod-vitrine.git
   45a1a86..d839ec3  main -> main
60 ofertas escritas em index.html.
Vitrine publicada com sucesso.
[main f7aa1d0] Atualiza vitrine - 20/09/2026 21:00
 2 files changed, 103 insertions(+), 99 deletions(-)
To github.com:gestordecx/promod-vitrine.git
   d839ec3..f7aa1d0  main -> main
60 ofertas escritas em index.html.
Vitrine publicada com sucesso.
[main ac8dc83] Atualiza vitrine - 20/09/2026 21:15
 2 files changed, 7 insertions(+), 1 deletion(-)
To github.com:gestordecx/promod-vitrine.git
   f7aa1d0..ac8dc83  main -> main
60 ofertas escritas em index.html.
Vitrine publicada com sucesso.
[main 7a6692f] Atualiza vitrine - 20/09/2026 21:30
 2 files changed, 72 insertions(+), 66 deletions(-)
To github.com:gestordecx/promod-vitrine.git
   ac8dc83..7a6692f  main -> main
60 ofertas escritas em index.html.
Vitrine publicada com sucesso.
[main d5b4e13] Atualiza vitrine - 20/09/2026 21:45
 2 files changed, 109 insertions(+), 99 deletions(-)
To github.com:gestordecx/promod-vitrine.git
   7a6692f..d5b4e13  main -> main
60 ofertas escritas em index.html.
Vitrine publicada com sucesso.
[main 5799cc7] Atualiza vitrine - 20/09/2026 22:00
 2 files changed, 40 insertions(+), 34 deletions(-)
To github.com:gestordecx/promod-vitrine.git
   d5b4e13..5799cc7  main -> main
60 ofertas escritas em index.html.
Vitrine publicada com sucesso.
[main 894714b] Atualiza vitrine - 20/09/2026 22:15
 2 files changed, 39 insertions(+), 33 deletions(-)
To github.com:gestordecx/promod-vitrine.git
   5799cc7..894714b  main -> main
60 ofertas escritas em index.html.
Vitrine publicada com sucesso.
[main 1101045] Atualiza vitrine - 20/09/2026 22:30
 2 files changed, 73 insertions(+), 66 deletions(-)
To github.com:gestordecx/promod-vitrine.git
   894714b..1101045  main -> main
60 ofertas escritas em index.html.
Vitrine publicada com sucesso.
[main 448f795] Atualiza vitrine - 20/09/2026 22:45
 2 files changed, 58 insertions(+), 52 deletions(-)
To github.com:gestordecx/promod-vitrine.git
   1101045..448f795  main -> main
60 ofertas escritas em index.html.
Vitrine publicada com sucesso.
[main 1903156] Atualiza vitrine - 20/09/2026 23:00
 2 files changed, 23 insertions(+), 17 deletions(-)
To github.com:gestordecx/promod-vitrine.git
   448f795..1903156  main -> main
60 ofertas escritas em index.html.
Vitrine publicada com sucesso.
[main e700b18] Atualiza vitrine - 20/09/2026 23:15
 2 files changed, 26 insertions(+), 17 deletions(-)
To github.com:gestordecx/promod-vitrine.git
   1903156..e700b18  main -> main
60 ofertas escritas em index.html.
Vitrine publicada com sucesso.
[main d82b1f6] Atualiza vitrine - 20/09/2026 23:30
 2 files changed, 23 insertions(+), 17 deletions(-)
To github.com:gestordecx/promod-vitrine.git
   e700b18..d82b1f6  main -> main
60 ofertas escritas em index.html.
Vitrine publicada com sucesso.
[main ce4fe47] Atualiza vitrine - 20/09/2026 23:45
 2 files changed, 71 insertions(+), 65 deletions(-)
To github.com:gestordecx/promod-vitrine.git
   d82b1f6..ce4fe47  main -> main
60 ofertas escritas em index.html.
Vitrine publicada com sucesso.
[main bc20af2] Atualiza vitrine - 21/09/2026 00:00
 2 files changed, 7 insertions(+), 1 deletion(-)
To github.com:gestordecx/promod-vitrine.git
   ce4fe47..bc20af2  main -> main
60 ofertas escritas em index.html.
Vitrine publicada com sucesso.
[main 827e45b] Atualiza vitrine - 21/09/2026 00:15
 2 files changed, 120 insertions(+), 114 deletions(-)
To github.com:gestordecx/promod-vitrine.git
   bc20af2..827e45b  main -> main
60 ofertas escritas em index.html.
Vitrine publicada com sucesso.
Auto packing the repository in background for optimum performance.
See "git help gc" for manual housekeeping.
[main 1795cdb] Atualiza vitrine - 21/09/2026 00:30
 2 files changed, 346 insertions(+), 336 deletions(-)
To github.com:gestordecx/promod-vitrine.git
   827e45b..1795cdb  main -> main
60 ofertas escritas em index.html.
Vitrine publicada com sucesso.
[main b3996ae] Atualiza vitrine - 21/09/2026 00:45
 2 files changed, 25 insertions(+), 17 deletions(-)
To github.com:gestordecx/promod-vitrine.git
   1795cdb..b3996ae  main -> main
60 ofertas escritas em index.html.
Vitrine publicada com sucesso.
[main 58938a1] Atualiza vitrine - 21/09/2026 01:00
 2 files changed, 40 insertions(+), 34 deletions(-)
To github.com:gestordecx/promod-vitrine.git
   b3996ae..58938a1  main -> main
60 ofertas escritas em index.html.
Vitrine publicada com sucesso.
[main 18ef2fa] Atualiza vitrine - 21/09/2026 01:15
 2 files changed, 126 insertions(+), 120 deletions(-)
To github.com:gestordecx/promod-vitrine.git
   58938a1..18ef2fa  main -> main
60 ofertas escritas em index.html.
Vitrine publicada com sucesso.
[main 10a5180] Atualiza vitrine - 21/09/2026 01:30
 2 files changed, 24 insertions(+), 18 deletions(-)
To github.com:gestordecx/promod-vitrine.git
   18ef2fa..10a5180  main -> main
60 ofertas escritas em index.html.
Vitrine publicada com sucesso.
[main 97833be] Atualiza vitrine - 21/09/2026 01:45
 2 files changed, 7 insertions(+), 1 deletion(-)
To github.com:gestordecx/promod-vitrine.git
   10a5180..97833be  main -> main
60 ofertas escritas em index.html.
Vitrine publicada com sucesso.
[main c5549ba] Atualiza vitrine - 21/09/2026 02:00
 2 files changed, 55 insertions(+), 49 deletions(-)
To github.com:gestordecx/promod-vitrine.git
   97833be..c5549ba  main -> main
60 ofertas escritas em index.html.
Vitrine publicada com sucesso.
[main 02f9360] Atualiza vitrine - 21/09/2026 02:15
 2 files changed, 23 insertions(+), 17 deletions(-)
To github.com:gestordecx/promod-vitrine.git
   c5549ba..02f9360  main -> main
60 ofertas escritas em index.html.
Vitrine publicada com sucesso.
[main 86e5b61] Atualiza vitrine - 21/09/2026 02:30
 2 files changed, 7 insertions(+), 1 deletion(-)
To github.com:gestordecx/promod-vitrine.git
   02f9360..86e5b61  main -> main
60 ofertas escritas em index.html.
Vitrine publicada com sucesso.
[main 720e1f0] Atualiza vitrine - 21/09/2026 02:45
 2 files changed, 23 insertions(+), 17 deletions(-)
To github.com:gestordecx/promod-vitrine.git
   86e5b61..720e1f0  main -> main
60 ofertas escritas em index.html.
Vitrine publicada com sucesso.
[main 93bad4c] Atualiza vitrine - 21/09/2026 03:00
 2 files changed, 56 insertions(+), 54 deletions(-)
To github.com:gestordecx/promod-vitrine.git
   720e1f0..93bad4c  main -> main
60 ofertas escritas em index.html.
Vitrine publicada com sucesso.
[main ca9ae46] Atualiza vitrine - 21/09/2026 03:15
 2 files changed, 7 insertions(+), 1 deletion(-)
To github.com:gestordecx/promod-vitrine.git
   93bad4c..ca9ae46  main -> main
60 ofertas escritas em index.html.
Vitrine publicada com sucesso.
[main 143c2ce] Atualiza vitrine - 21/09/2026 03:30
 2 files changed, 7 insertions(+), 1 deletion(-)
To github.com:gestordecx/promod-vitrine.git
   ca9ae46..143c2ce  main -> main
60 ofertas escritas em index.html.
Vitrine publicada com sucesso.
[main 712656c] Atualiza vitrine - 21/09/2026 03:45
 2 files changed, 7 insertions(+), 1 deletion(-)
To github.com:gestordecx/promod-vitrine.git
   143c2ce..712656c  main -> main
60 ofertas escritas em index.html.
Vitrine publicada com sucesso.
[main 7825616] Atualiza vitrine - 21/09/2026 04:00
 2 files changed, 24 insertions(+), 18 deletions(-)
To github.com:gestordecx/promod-vitrine.git
   712656c..7825616  main -> main
60 ofertas escritas em index.html.
Vitrine publicada com sucesso.
[main 1a5ca5f] Atualiza vitrine - 21/09/2026 04:15
 2 files changed, 41 insertions(+), 35 deletions(-)
To github.com:gestordecx/promod-vitrine.git
   7825616..1a5ca5f  main -> main
60 ofertas escritas em index.html.
Vitrine publicada com sucesso.
[main cb8a6ea] Atualiza vitrine - 21/09/2026 04:30
 2 files changed, 41 insertions(+), 35 deletions(-)
To github.com:gestordecx/promod-vitrine.git
   1a5ca5f..cb8a6ea  main -> main
60 ofertas escritas em index.html.
Vitrine publicada com sucesso.
[main 4df3e4d] Atualiza vitrine - 21/09/2026 04:45
 2 files changed, 7 insertions(+), 1 deletion(-)
To github.com:gestordecx/promod-vitrine.git
   cb8a6ea..4df3e4d  main -> main
60 ofertas escritas em index.html.
Vitrine publicada com sucesso.
[main 6f5ba8a] Atualiza vitrine - 21/09/2026 05:00
 2 files changed, 7 insertions(+), 1 deletion(-)
To github.com:gestordecx/promod-vitrine.git
   4df3e4d..6f5ba8a  main -> main
60 ofertas escritas em index.html.
Vitrine publicada com sucesso.
[main 9265f47] Atualiza vitrine - 21/09/2026 05:15
 2 files changed, 7 insertions(+), 1 deletion(-)
To github.com:gestordecx/promod-vitrine.git
   6f5ba8a..9265f47  main -> main
60 ofertas escritas em index.html.
Vitrine publicada com sucesso.
[main 567fd06] Atualiza vitrine - 21/09/2026 05:30
 2 files changed, 7 insertions(+), 1 deletion(-)
To github.com:gestordecx/promod-vitrine.git
   9265f47..567fd06  main -> main
60 ofertas escritas em index.html.
Vitrine publicada com sucesso.
[main 2e2092e] Atualiza vitrine - 21/09/2026 05:45
 2 files changed, 23 insertions(+), 17 deletions(-)
To github.com:gestordecx/promod-vitrine.git
   567fd06..2e2092e  main -> main
60 ofertas escritas em index.html.
Vitrine publicada com sucesso.
[main 8fc602f] Atualiza vitrine - 21/09/2026 06:00
 2 files changed, 23 insertions(+), 17 deletions(-)
To github.com:gestordecx/promod-vitrine.git
   2e2092e..8fc602f  main -> main
60 ofertas escritas em index.html.
Vitrine publicada com sucesso.
[main 7b7fbbb] Atualiza vitrine - 21/09/2026 06:15
 2 files changed, 7 insertions(+), 1 deletion(-)
To github.com:gestordecx/promod-vitrine.git
   8fc602f..7b7fbbb  main -> main
60 ofertas escritas em index.html.
Vitrine publicada com sucesso.
[main 8ae65e9] Atualiza vitrine - 21/09/2026 06:30
 2 files changed, 7 insertions(+), 1 deletion(-)
To github.com:gestordecx/promod-vitrine.git
   7b7fbbb..8ae65e9  main -> main
60 ofertas escritas em index.html.
Vitrine publicada com sucesso.
[main d3e672e] Atualiza vitrine - 21/09/2026 06:45
 2 files changed, 7 insertions(+), 1 deletion(-)
To github.com:gestordecx/promod-vitrine.git
   8ae65e9..d3e672e  main -> main
60 ofertas escritas em index.html.
Vitrine publicada com sucesso.
[main dac02fd] Atualiza vitrine - 21/09/2026 07:00
 2 files changed, 7 insertions(+), 1 deletion(-)
To github.com:gestordecx/promod-vitrine.git
   d3e672e..dac02fd  main -> main
60 ofertas escritas em index.html.
Vitrine publicada com sucesso.
[main 0b0eab8] Atualiza vitrine - 21/09/2026 07:15
 2 files changed, 23 insertions(+), 17 deletions(-)
To github.com:gestordecx/promod-vitrine.git
   dac02fd..0b0eab8  main -> main
60 ofertas escritas em index.html.
Vitrine publicada com sucesso.
[main 4b9f8dd] Atualiza vitrine - 21/09/2026 07:30
 2 files changed, 39 insertions(+), 34 deletions(-)
To github.com:gestordecx/promod-vitrine.git
   0b0eab8..4b9f8dd  main -> main
60 ofertas escritas em index.html.
Vitrine publicada com sucesso.
[main c008470] Atualiza vitrine - 21/09/2026 07:45
 2 files changed, 174 insertions(+), 171 deletions(-)
To github.com:gestordecx/promod-vitrine.git
   4b9f8dd..c008470  main -> main
60 ofertas escritas em index.html.
Vitrine publicada com sucesso.
[main 7894cbf] Atualiza vitrine - 21/09/2026 08:00
 2 files changed, 41 insertions(+), 35 deletions(-)
To github.com:gestordecx/promod-vitrine.git
   c008470..7894cbf  main -> main
60 ofertas escritas em index.html.
Vitrine publicada com sucesso.
[main 0e083b1] Atualiza vitrine - 21/09/2026 08:15
 2 files changed, 125 insertions(+), 119 deletions(-)
To github.com:gestordecx/promod-vitrine.git
   7894cbf..0e083b1  main -> main
60 ofertas escritas em index.html.
Vitrine publicada com sucesso.
[main d375c27] Atualiza vitrine - 21/09/2026 08:30
 2 files changed, 144 insertions(+), 132 deletions(-)
To github.com:gestordecx/promod-vitrine.git
   0e083b1..d375c27  main -> main
60 ofertas escritas em index.html.
Vitrine publicada com sucesso.
[main d9652c8] Atualiza vitrine - 21/09/2026 08:45
 2 files changed, 120 insertions(+), 117 deletions(-)
To github.com:gestordecx/promod-vitrine.git
   d375c27..d9652c8  main -> main
60 ofertas escritas em index.html.
Vitrine publicada com sucesso.
[main edf2dc5] Atualiza vitrine - 21/09/2026 09:00
 2 files changed, 281 insertions(+), 273 deletions(-)
To github.com:gestordecx/promod-vitrine.git
   d9652c8..edf2dc5  main -> main
60 ofertas escritas em index.html.
Vitrine publicada com sucesso.
[main 102b1fd] Atualiza vitrine - 21/09/2026 09:15
 2 files changed, 122 insertions(+), 115 deletions(-)
To github.com:gestordecx/promod-vitrine.git
   edf2dc5..102b1fd  main -> main
60 ofertas escritas em index.html.
Vitrine publicada com sucesso.
[main afad1a1] Atualiza vitrine - 21/09/2026 09:30
 2 files changed, 56 insertions(+), 50 deletions(-)
To github.com:gestordecx/promod-vitrine.git
   102b1fd..afad1a1  main -> main
60 ofertas escritas em index.html.
Vitrine publicada com sucesso.
[main e035a18] Atualiza vitrine - 21/09/2026 09:45
 2 files changed, 169 insertions(+), 165 deletions(-)
To github.com:gestordecx/promod-vitrine.git
   afad1a1..e035a18  main -> main
60 ofertas escritas em index.html.
Vitrine publicada com sucesso.
[main 1d6ab07] Atualiza vitrine - 21/09/2026 10:00
 2 files changed, 153 insertions(+), 147 deletions(-)
To github.com:gestordecx/promod-vitrine.git
   e035a18..1d6ab07  main -> main
60 ofertas escritas em index.html.
Vitrine publicada com sucesso.
[main 7e5e684] Atualiza vitrine - 21/09/2026 10:15
 2 files changed, 72 insertions(+), 67 deletions(-)
To github.com:gestordecx/promod-vitrine.git
   1d6ab07..7e5e684  main -> main
60 ofertas escritas em index.html.
Vitrine publicada com sucesso.
[main 85a2217] Atualiza vitrine - 21/09/2026 10:30
 2 files changed, 201 insertions(+), 196 deletions(-)
To github.com:gestordecx/promod-vitrine.git
   7e5e684..85a2217  main -> main
60 ofertas escritas em index.html.
Vitrine publicada com sucesso.
[main 9823d04] Atualiza vitrine - 21/09/2026 10:45
 2 files changed, 168 insertions(+), 162 deletions(-)
To github.com:gestordecx/promod-vitrine.git
   85a2217..9823d04  main -> main
60 ofertas escritas em index.html.
Vitrine publicada com sucesso.
[main 5fde478] Atualiza vitrine - 21/09/2026 11:00
 2 files changed, 71 insertions(+), 65 deletions(-)
To github.com:gestordecx/promod-vitrine.git
   9823d04..5fde478  main -> main
60 ofertas escritas em index.html.
Vitrine publicada com sucesso.
[main c9f7830] Atualiza vitrine - 21/09/2026 11:15
 2 files changed, 171 insertions(+), 168 deletions(-)
To github.com:gestordecx/promod-vitrine.git
   5fde478..c9f7830  main -> main
60 ofertas escritas em index.html.
Vitrine publicada com sucesso.
[main 9c3f2cf] Atualiza vitrine - 21/09/2026 11:30
 2 files changed, 189 insertions(+), 181 deletions(-)
To github.com:gestordecx/promod-vitrine.git
   c9f7830..9c3f2cf  main -> main
60 ofertas escritas em index.html.
Vitrine publicada com sucesso.
[main d9cd16f] Atualiza vitrine - 21/09/2026 11:45
 2 files changed, 121 insertions(+), 115 deletions(-)
To github.com:gestordecx/promod-vitrine.git
   9c3f2cf..d9cd16f  main -> main
60 ofertas escritas em index.html.
Vitrine publicada com sucesso.
[main 3e3d55d] Atualiza vitrine - 21/09/2026 12:00
 2 files changed, 222 insertions(+), 210 deletions(-)
To github.com:gestordecx/promod-vitrine.git
   d9cd16f..3e3d55d  main -> main
60 ofertas escritas em index.html.
Vitrine publicada com sucesso.
[main 08964a7] Atualiza vitrine - 21/09/2026 12:15
 2 files changed, 106 insertions(+), 99 deletions(-)
To github.com:gestordecx/promod-vitrine.git
   3e3d55d..08964a7  main -> main
60 ofertas escritas em index.html.
Vitrine publicada com sucesso.
[main b82b1dc] Atualiza vitrine - 21/09/2026 12:30
 2 files changed, 90 insertions(+), 84 deletions(-)
To github.com:gestordecx/promod-vitrine.git
   08964a7..b82b1dc  main -> main
60 ofertas escritas em index.html.
Vitrine publicada com sucesso.
[main fd67570] Atualiza vitrine - 21/09/2026 12:45
 2 files changed, 122 insertions(+), 115 deletions(-)
To github.com:gestordecx/promod-vitrine.git
   b82b1dc..fd67570  main -> main
60 ofertas escritas em index.html.
Vitrine publicada com sucesso.
[main 35a9287] Atualiza vitrine - 21/09/2026 13:00
 2 files changed, 192 insertions(+), 182 deletions(-)
To github.com:gestordecx/promod-vitrine.git
   fd67570..35a9287  main -> main
60 ofertas escritas em index.html.
Vitrine publicada com sucesso.
[main 153d6c3] Atualiza vitrine - 21/09/2026 13:15
 2 files changed, 104 insertions(+), 99 deletions(-)
To github.com:gestordecx/promod-vitrine.git
   35a9287..153d6c3  main -> main
60 ofertas escritas em index.html.
Vitrine publicada com sucesso.
[main f57c71c] Atualiza vitrine - 21/09/2026 13:30
 2 files changed, 71 insertions(+), 67 deletions(-)
To github.com:gestordecx/promod-vitrine.git
   153d6c3..f57c71c  main -> main
60 ofertas escritas em index.html.
Vitrine publicada com sucesso.
[main 4489b92] Atualiza vitrine - 21/09/2026 13:45
 2 files changed, 104 insertions(+), 102 deletions(-)
To github.com:gestordecx/promod-vitrine.git
   f57c71c..4489b92  main -> main
60 ofertas escritas em index.html.
Vitrine publicada com sucesso.
[main d8e8a67] Atualiza vitrine - 21/09/2026 14:00
 2 files changed, 104 insertions(+), 99 deletions(-)
To github.com:gestordecx/promod-vitrine.git
   4489b92..d8e8a67  main -> main
60 ofertas escritas em index.html.
Vitrine publicada com sucesso.
[main 59901d1] Atualiza vitrine - 21/09/2026 14:15
 2 files changed, 136 insertions(+), 131 deletions(-)
To github.com:gestordecx/promod-vitrine.git
   d8e8a67..59901d1  main -> main
60 ofertas escritas em index.html.
Vitrine publicada com sucesso.
[main 93caf0e] Atualiza vitrine - 21/09/2026 14:30
 2 files changed, 120 insertions(+), 115 deletions(-)
To github.com:gestordecx/promod-vitrine.git
   59901d1..93caf0e  main -> main
60 ofertas escritas em index.html.
Vitrine publicada com sucesso.
[main de068c8] Atualiza vitrine - 21/09/2026 14:45
 2 files changed, 174 insertions(+), 168 deletions(-)
To github.com:gestordecx/promod-vitrine.git
   93caf0e..de068c8  main -> main
60 ofertas escritas em index.html.
Vitrine publicada com sucesso.
[main 996633e] Atualiza vitrine - 21/09/2026 15:00
 2 files changed, 7 insertions(+), 1 deletion(-)
To github.com:gestordecx/promod-vitrine.git
   de068c8..996633e  main -> main
60 ofertas escritas em index.html.
Vitrine publicada com sucesso.
[main 917d362] Atualiza vitrine - 21/09/2026 15:15
 2 files changed, 87 insertions(+), 82 deletions(-)
To github.com:gestordecx/promod-vitrine.git
   996633e..917d362  main -> main
60 ofertas escritas em index.html.
Vitrine publicada com sucesso.
[main 46bce6f] Atualiza vitrine - 21/09/2026 15:30
 2 files changed, 104 insertions(+), 98 deletions(-)
To github.com:gestordecx/promod-vitrine.git
   917d362..46bce6f  main -> main
60 ofertas escritas em index.html.
Vitrine publicada com sucesso.
[main 6946861] Atualiza vitrine - 21/09/2026 15:45
 2 files changed, 7 insertions(+), 1 deletion(-)
To github.com:gestordecx/promod-vitrine.git
   46bce6f..6946861  main -> main
60 ofertas escritas em index.html.
Vitrine publicada com sucesso.
[main 4287266] Atualiza vitrine - 21/09/2026 16:00
 2 files changed, 105 insertions(+), 98 deletions(-)
To github.com:gestordecx/promod-vitrine.git
   6946861..4287266  main -> main
60 ofertas escritas em index.html.
Vitrine publicada com sucesso.
[main b72eb91] Atualiza vitrine - 21/09/2026 16:15
 2 files changed, 121 insertions(+), 116 deletions(-)
To github.com:gestordecx/promod-vitrine.git
   4287266..b72eb91  main -> main
60 ofertas escritas em index.html.
Vitrine publicada com sucesso.
[main d8dce50] Atualiza vitrine - 21/09/2026 16:30
 2 files changed, 40 insertions(+), 34 deletions(-)
To github.com:gestordecx/promod-vitrine.git
   b72eb91..d8dce50  main -> main
60 ofertas escritas em index.html.
Vitrine publicada com sucesso.
[main 04eb26a] Atualiza vitrine - 21/09/2026 16:45
 2 files changed, 108 insertions(+), 99 deletions(-)
To github.com:gestordecx/promod-vitrine.git
   d8dce50..04eb26a  main -> main
60 ofertas escritas em index.html.
Vitrine publicada com sucesso.
[main 72e4111] Atualiza vitrine - 21/09/2026 17:00
 2 files changed, 452 insertions(+), 442 deletions(-)
To github.com:gestordecx/promod-vitrine.git
   04eb26a..72e4111  main -> main
60 ofertas escritas em index.html.
Vitrine publicada com sucesso.
[main 7bde42f] Atualiza vitrine - 21/09/2026 17:15
 2 files changed, 140 insertions(+), 134 deletions(-)
To github.com:gestordecx/promod-vitrine.git
   72e4111..7bde42f  main -> main
60 ofertas escritas em index.html.
Vitrine publicada com sucesso.
[main 5480433] Atualiza vitrine - 21/09/2026 17:30
 2 files changed, 90 insertions(+), 81 deletions(-)
To github.com:gestordecx/promod-vitrine.git
   7bde42f..5480433  main -> main
60 ofertas escritas em index.html.
Vitrine publicada com sucesso.
[main cde59f9] Atualiza vitrine - 21/09/2026 17:45
 2 files changed, 157 insertions(+), 151 deletions(-)
To github.com:gestordecx/promod-vitrine.git
   5480433..cde59f9  main -> main
60 ofertas escritas em index.html.
Vitrine publicada com sucesso.
[main 3fe6e34] Atualiza vitrine - 21/09/2026 18:00
 2 files changed, 56 insertions(+), 50 deletions(-)
To github.com:gestordecx/promod-vitrine.git
   cde59f9..3fe6e34  main -> main
60 ofertas escritas em index.html.
Vitrine publicada com sucesso.
[main 2d573d1] Atualiza vitrine - 21/09/2026 18:15
 2 files changed, 120 insertions(+), 118 deletions(-)
To github.com:gestordecx/promod-vitrine.git
   3fe6e34..2d573d1  main -> main
60 ofertas escritas em index.html.
Vitrine publicada com sucesso.
[main 45bb9f8] Atualiza vitrine - 21/09/2026 18:30
 2 files changed, 119 insertions(+), 115 deletions(-)
To github.com:gestordecx/promod-vitrine.git
   2d573d1..45bb9f8  main -> main
60 ofertas escritas em index.html.
Vitrine publicada com sucesso.
[main 5ef8aae] Atualiza vitrine - 21/09/2026 18:45
 2 files changed, 57 insertions(+), 51 deletions(-)
To github.com:gestordecx/promod-vitrine.git
   45bb9f8..5ef8aae  main -> main
60 ofertas escritas em index.html.
Vitrine publicada com sucesso.
[main c1b4f71] Atualiza vitrine - 21/09/2026 19:00
 2 files changed, 154 insertions(+), 151 deletions(-)
To github.com:gestordecx/promod-vitrine.git
   5ef8aae..c1b4f71  main -> main
60 ofertas escritas em index.html.
Vitrine publicada com sucesso.
[main 65c062f] Atualiza vitrine - 21/09/2026 19:15
 2 files changed, 243 insertions(+), 237 deletions(-)
To github.com:gestordecx/promod-vitrine.git
   c1b4f71..65c062f  main -> main
60 ofertas escritas em index.html.
Vitrine publicada com sucesso.
[main 1f95082] Atualiza vitrine - 21/09/2026 19:30
 2 files changed, 321 insertions(+), 315 deletions(-)
To github.com:gestordecx/promod-vitrine.git
   65c062f..1f95082  main -> main
60 ofertas escritas em index.html.
Vitrine publicada com sucesso.
[main 865f259] Atualiza vitrine - 21/09/2026 19:45
 2 files changed, 7 insertions(+), 1 deletion(-)
To github.com:gestordecx/promod-vitrine.git
   1f95082..865f259  main -> main
60 ofertas escritas em index.html.
Vitrine publicada com sucesso.
[main 4ae6a9c] Atualiza vitrine - 21/09/2026 20:00
 2 files changed, 7 insertions(+), 1 deletion(-)
To github.com:gestordecx/promod-vitrine.git
   865f259..4ae6a9c  main -> main
60 ofertas escritas em index.html.
Vitrine publicada com sucesso.
[main ebc0481] Atualiza vitrine - 21/09/2026 20:15
 2 files changed, 7 insertions(+), 1 deletion(-)
To github.com:gestordecx/promod-vitrine.git
   4ae6a9c..ebc0481  main -> main
60 ofertas escritas em index.html.
Vitrine publicada com sucesso.
[main 27db453] Atualiza vitrine - 21/09/2026 20:30
 2 files changed, 7 insertions(+), 1 deletion(-)
To github.com:gestordecx/promod-vitrine.git
   ebc0481..27db453  main -> main
60 ofertas escritas em index.html.
Vitrine publicada com sucesso.
[main 294bef0] Atualiza vitrine - 21/09/2026 20:45
 2 files changed, 7 insertions(+), 1 deletion(-)
To github.com:gestordecx/promod-vitrine.git
   27db453..294bef0  main -> main
60 ofertas escritas em index.html.
Vitrine publicada com sucesso.
[main cd36e97] Atualiza vitrine - 21/09/2026 21:00
 2 files changed, 7 insertions(+), 1 deletion(-)
To github.com:gestordecx/promod-vitrine.git
   294bef0..cd36e97  main -> main
60 ofertas escritas em index.html.
Vitrine publicada com sucesso.
[main b26ae10] Atualiza vitrine - 21/09/2026 21:15
 2 files changed, 7 insertions(+), 1 deletion(-)
To github.com:gestordecx/promod-vitrine.git
   cd36e97..b26ae10  main -> main
60 ofertas escritas em index.html.
Vitrine publicada com sucesso.
[main 3aea96d] Atualiza vitrine - 21/09/2026 21:30
 2 files changed, 7 insertions(+), 1 deletion(-)
To github.com:gestordecx/promod-vitrine.git
   b26ae10..3aea96d  main -> main
60 ofertas escritas em index.html.
Vitrine publicada com sucesso.
[main 5bfd822] Atualiza vitrine - 21/09/2026 21:45
 2 files changed, 7 insertions(+), 1 deletion(-)
To github.com:gestordecx/promod-vitrine.git
   3aea96d..5bfd822  main -> main
60 ofertas escritas em index.html.
Vitrine publicada com sucesso.
[main b971659] Atualiza vitrine - 21/09/2026 22:00
 2 files changed, 7 insertions(+), 1 deletion(-)
To github.com:gestordecx/promod-vitrine.git
   5bfd822..b971659  main -> main
60 ofertas escritas em index.html.
Vitrine publicada com sucesso.
[main 73e630f] Atualiza vitrine - 21/09/2026 22:15
 2 files changed, 7 insertions(+), 1 deletion(-)
To github.com:gestordecx/promod-vitrine.git
   b971659..73e630f  main -> main
60 ofertas escritas em index.html.
Vitrine publicada com sucesso.
[main b5e6a55] Atualiza vitrine - 21/09/2026 22:30
 2 files changed, 7 insertions(+), 1 deletion(-)
To github.com:gestordecx/promod-vitrine.git
   73e630f..b5e6a55  main -> main
60 ofertas escritas em index.html.
Vitrine publicada com sucesso.
[main 1014a2a] Atualiza vitrine - 21/09/2026 22:45
 2 files changed, 7 insertions(+), 1 deletion(-)
To github.com:gestordecx/promod-vitrine.git
   b5e6a55..1014a2a  main -> main
60 ofertas escritas em index.html.
Vitrine publicada com sucesso.
[main 14c6983] Atualiza vitrine - 21/09/2026 23:00
 2 files changed, 7 insertions(+), 1 deletion(-)
To github.com:gestordecx/promod-vitrine.git
   1014a2a..14c6983  main -> main
60 ofertas escritas em index.html.
Vitrine publicada com sucesso.
[main 7f9a6af] Atualiza vitrine - 21/09/2026 23:15
 2 files changed, 7 insertions(+), 1 deletion(-)
To github.com:gestordecx/promod-vitrine.git
   14c6983..7f9a6af  main -> main
60 ofertas escritas em index.html.
Vitrine publicada com sucesso.
[main f73fefb] Atualiza vitrine - 21/09/2026 23:30
 2 files changed, 7 insertions(+), 1 deletion(-)
To github.com:gestordecx/promod-vitrine.git
   7f9a6af..f73fefb  main -> main
60 ofertas escritas em index.html.
Vitrine publicada com sucesso.
[main a31fd2c] Atualiza vitrine - 21/09/2026 23:45
 2 files changed, 7 insertions(+), 1 deletion(-)
To github.com:gestordecx/promod-vitrine.git
   f73fefb..a31fd2c  main -> main
60 ofertas escritas em index.html.
Vitrine publicada com sucesso.
[main b814a7e] Atualiza vitrine - 22/09/2026 00:00
 2 files changed, 7 insertions(+), 1 deletion(-)
To github.com:gestordecx/promod-vitrine.git
   a31fd2c..b814a7e  main -> main
60 ofertas escritas em index.html.
Vitrine publicada com sucesso.
[main 8b3c3c4] Atualiza vitrine - 22/09/2026 00:15
 2 files changed, 228 insertions(+), 222 deletions(-)
To github.com:gestordecx/promod-vitrine.git
   b814a7e..8b3c3c4  main -> main
60 ofertas escritas em index.html.
Vitrine publicada com sucesso.
[main 8467025] Atualiza vitrine - 22/09/2026 00:30
 2 files changed, 170 insertions(+), 164 deletions(-)
To github.com:gestordecx/promod-vitrine.git
   8b3c3c4..8467025  main -> main
60 ofertas escritas em index.html.
Vitrine publicada com sucesso.
[main adf81b1] Atualiza vitrine - 22/09/2026 00:45
 2 files changed, 265 insertions(+), 260 deletions(-)
To github.com:gestordecx/promod-vitrine.git
   8467025..adf81b1  main -> main
60 ofertas escritas em index.html.
Vitrine publicada com sucesso.
[main 61cb1e7] Atualiza vitrine - 22/09/2026 01:00
 2 files changed, 156 insertions(+), 145 deletions(-)
To github.com:gestordecx/promod-vitrine.git
   adf81b1..61cb1e7  main -> main
60 ofertas escritas em index.html.
Vitrine publicada com sucesso.
[main 87f76db] Atualiza vitrine - 22/09/2026 01:15
 2 files changed, 176 insertions(+), 170 deletions(-)
To github.com:gestordecx/promod-vitrine.git
   61cb1e7..87f76db  main -> main
60 ofertas escritas em index.html.
Vitrine publicada com sucesso.
[main 2e840c8] Atualiza vitrine - 22/09/2026 01:30
 2 files changed, 7 insertions(+), 1 deletion(-)
To github.com:gestordecx/promod-vitrine.git
   87f76db..2e840c8  main -> main
60 ofertas escritas em index.html.
Vitrine publicada com sucesso.
[main 7abc1af] Atualiza vitrine - 22/09/2026 01:45
 2 files changed, 7 insertions(+), 1 deletion(-)
To github.com:gestordecx/promod-vitrine.git
   2e840c8..7abc1af  main -> main
60 ofertas escritas em index.html.
Vitrine publicada com sucesso.
[main 626b6c4] Atualiza vitrine - 22/09/2026 02:00
 2 files changed, 266 insertions(+), 260 deletions(-)
To github.com:gestordecx/promod-vitrine.git
   7abc1af..626b6c4  main -> main
60 ofertas escritas em index.html.
Vitrine publicada com sucesso.
[main 6fc7570] Atualiza vitrine - 22/09/2026 02:15
 2 files changed, 7 insertions(+), 1 deletion(-)
To github.com:gestordecx/promod-vitrine.git
   626b6c4..6fc7570  main -> main
60 ofertas escritas em index.html.
Vitrine publicada com sucesso.
[main e836855] Atualiza vitrine - 22/09/2026 02:30
 2 files changed, 7 insertions(+), 1 deletion(-)
To github.com:gestordecx/promod-vitrine.git
   6fc7570..e836855  main -> main
60 ofertas escritas em index.html.
Vitrine publicada com sucesso.
[main 3180ccf] Atualiza vitrine - 22/09/2026 02:45
 2 files changed, 7 insertions(+), 1 deletion(-)
To github.com:gestordecx/promod-vitrine.git
   e836855..3180ccf  main -> main
60 ofertas escritas em index.html.
Vitrine publicada com sucesso.
[main 1a98ca5] Atualiza vitrine - 22/09/2026 03:00
 2 files changed, 23 insertions(+), 17 deletions(-)
To github.com:gestordecx/promod-vitrine.git
   3180ccf..1a98ca5  main -> main
60 ofertas escritas em index.html.
Vitrine publicada com sucesso.
[main 17269b7] Atualiza vitrine - 22/09/2026 03:15
 2 files changed, 40 insertions(+), 34 deletions(-)
To github.com:gestordecx/promod-vitrine.git
   1a98ca5..17269b7  main -> main
60 ofertas escritas em index.html.
Vitrine publicada com sucesso.
[main 0577bee] Atualiza vitrine - 22/09/2026 03:30
 2 files changed, 39 insertions(+), 33 deletions(-)
To github.com:gestordecx/promod-vitrine.git
   17269b7..0577bee  main -> main
60 ofertas escritas em index.html.
Vitrine publicada com sucesso.
[main 2aa67b0] Atualiza vitrine - 22/09/2026 03:45
 2 files changed, 24 insertions(+), 18 deletions(-)
To github.com:gestordecx/promod-vitrine.git
   0577bee..2aa67b0  main -> main
60 ofertas escritas em index.html.
Vitrine publicada com sucesso.
[main 6488372] Atualiza vitrine - 22/09/2026 04:00
 2 files changed, 7 insertions(+), 1 deletion(-)
To github.com:gestordecx/promod-vitrine.git
   2aa67b0..6488372  main -> main
60 ofertas escritas em index.html.
Vitrine publicada com sucesso.
[main 1d74ddd] Atualiza vitrine - 22/09/2026 04:15
 2 files changed, 24 insertions(+), 18 deletions(-)
To github.com:gestordecx/promod-vitrine.git
   6488372..1d74ddd  main -> main
60 ofertas escritas em index.html.
Vitrine publicada com sucesso.
[main 610f11d] Atualiza vitrine - 22/09/2026 04:30
 2 files changed, 7 insertions(+), 1 deletion(-)
To github.com:gestordecx/promod-vitrine.git
   1d74ddd..610f11d  main -> main
60 ofertas escritas em index.html.
Vitrine publicada com sucesso.
[main 037fe5c] Atualiza vitrine - 22/09/2026 04:45
 2 files changed, 7 insertions(+), 1 deletion(-)
To github.com:gestordecx/promod-vitrine.git
   610f11d..037fe5c  main -> main
60 ofertas escritas em index.html.
Vitrine publicada com sucesso.
[main 002bb3f] Atualiza vitrine - 22/09/2026 05:00
 2 files changed, 7 insertions(+), 1 deletion(-)
To github.com:gestordecx/promod-vitrine.git
   037fe5c..002bb3f  main -> main
60 ofertas escritas em index.html.
Vitrine publicada com sucesso.
[main 18e545d] Atualiza vitrine - 22/09/2026 05:15
 2 files changed, 56 insertions(+), 52 deletions(-)
To github.com:gestordecx/promod-vitrine.git
   002bb3f..18e545d  main -> main
60 ofertas escritas em index.html.
Vitrine publicada com sucesso.
[main 92d4c7a] Atualiza vitrine - 22/09/2026 05:30
 2 files changed, 55 insertions(+), 49 deletions(-)
To github.com:gestordecx/promod-vitrine.git
   18e545d..92d4c7a  main -> main
60 ofertas escritas em index.html.
Vitrine publicada com sucesso.
[main debe8b3] Atualiza vitrine - 22/09/2026 05:45
 2 files changed, 7 insertions(+), 1 deletion(-)
To github.com:gestordecx/promod-vitrine.git
   92d4c7a..debe8b3  main -> main
60 ofertas escritas em index.html.
Vitrine publicada com sucesso.
[main 4ee7704] Atualiza vitrine - 22/09/2026 06:00
 2 files changed, 7 insertions(+), 1 deletion(-)
To github.com:gestordecx/promod-vitrine.git
   debe8b3..4ee7704  main -> main
60 ofertas escritas em index.html.
Vitrine publicada com sucesso.
[main 744f39c] Atualiza vitrine - 22/09/2026 06:15
 2 files changed, 7 insertions(+), 1 deletion(-)
To github.com:gestordecx/promod-vitrine.git
   4ee7704..744f39c  main -> main
60 ofertas escritas em index.html.
Vitrine publicada com sucesso.
[main 36341bd] Atualiza vitrine - 22/09/2026 06:30
 2 files changed, 7 insertions(+), 1 deletion(-)
To github.com:gestordecx/promod-vitrine.git
   744f39c..36341bd  main -> main
60 ofertas escritas em index.html.
Vitrine publicada com sucesso.
[main 4ddc075] Atualiza vitrine - 22/09/2026 06:45
 2 files changed, 91 insertions(+), 85 deletions(-)
To github.com:gestordecx/promod-vitrine.git
   36341bd..4ddc075  main -> main
60 ofertas escritas em index.html.
Vitrine publicada com sucesso.
[main 01eef64] Atualiza vitrine - 22/09/2026 07:00
 2 files changed, 7 insertions(+), 1 deletion(-)
To github.com:gestordecx/promod-vitrine.git
   4ddc075..01eef64  main -> main
60 ofertas escritas em index.html.
Vitrine publicada com sucesso.
[main 1a5cbea] Atualiza vitrine - 22/09/2026 07:15
 2 files changed, 7 insertions(+), 1 deletion(-)
To github.com:gestordecx/promod-vitrine.git
   01eef64..1a5cbea  main -> main
60 ofertas escritas em index.html.
Vitrine publicada com sucesso.
[main 1faaf90] Atualiza vitrine - 22/09/2026 07:30
 2 files changed, 7 insertions(+), 1 deletion(-)
To github.com:gestordecx/promod-vitrine.git
   1a5cbea..1faaf90  main -> main
60 ofertas escritas em index.html.
Vitrine publicada com sucesso.
[main cafe228] Atualiza vitrine - 22/09/2026 07:45
 2 files changed, 7 insertions(+), 1 deletion(-)
To github.com:gestordecx/promod-vitrine.git
   1faaf90..cafe228  main -> main
60 ofertas escritas em index.html.
Vitrine publicada com sucesso.
[main 8355aa6] Atualiza vitrine - 22/09/2026 08:00
 2 files changed, 244 insertions(+), 238 deletions(-)
To github.com:gestordecx/promod-vitrine.git
   cafe228..8355aa6  main -> main
60 ofertas escritas em index.html.
Vitrine publicada com sucesso.
[main e166e7f] Atualiza vitrine - 22/09/2026 08:15
 2 files changed, 174 insertions(+), 170 deletions(-)
To github.com:gestordecx/promod-vitrine.git
   8355aa6..e166e7f  main -> main
60 ofertas escritas em index.html.
Vitrine publicada com sucesso.
[main 18afaf2] Atualiza vitrine - 22/09/2026 08:30
 2 files changed, 56 insertions(+), 50 deletions(-)
To github.com:gestordecx/promod-vitrine.git
   e166e7f..18afaf2  main -> main
60 ofertas escritas em index.html.
Vitrine publicada com sucesso.
[main bfcb830] Atualiza vitrine - 22/09/2026 08:45
 2 files changed, 71 insertions(+), 65 deletions(-)
To github.com:gestordecx/promod-vitrine.git
   18afaf2..bfcb830  main -> main
60 ofertas escritas em index.html.
Vitrine publicada com sucesso.
[main a1468ce] Atualiza vitrine - 22/09/2026 09:00
 2 files changed, 241 insertions(+), 235 deletions(-)
To github.com:gestordecx/promod-vitrine.git
   bfcb830..a1468ce  main -> main
60 ofertas escritas em index.html.
Vitrine publicada com sucesso.
[main c3b34e0] Atualiza vitrine - 22/09/2026 09:15
 2 files changed, 240 insertions(+), 234 deletions(-)
To github.com:gestordecx/promod-vitrine.git
   a1468ce..c3b34e0  main -> main
60 ofertas escritas em index.html.
Vitrine publicada com sucesso.
[main 89a1fc6] Atualiza vitrine - 22/09/2026 09:30
 2 files changed, 56 insertions(+), 50 deletions(-)
To github.com:gestordecx/promod-vitrine.git
   c3b34e0..89a1fc6  main -> main
60 ofertas escritas em index.html.
Vitrine publicada com sucesso.
[main 3429e89] Atualiza vitrine - 22/09/2026 09:45
 2 files changed, 72 insertions(+), 66 deletions(-)
To github.com:gestordecx/promod-vitrine.git
   89a1fc6..3429e89  main -> main
60 ofertas escritas em index.html.
Vitrine publicada com sucesso.
[main e146ed0] Atualiza vitrine - 22/09/2026 10:00
 2 files changed, 119 insertions(+), 116 deletions(-)
To github.com:gestordecx/promod-vitrine.git
   3429e89..e146ed0  main -> main
60 ofertas escritas em index.html.
Vitrine publicada com sucesso.
[main 1f95e6e] Atualiza vitrine - 22/09/2026 10:15
 2 files changed, 293 insertions(+), 287 deletions(-)
To github.com:gestordecx/promod-vitrine.git
   e146ed0..1f95e6e  main -> main
60 ofertas escritas em index.html.
Vitrine publicada com sucesso.
[main 47ef0b3] Atualiza vitrine - 22/09/2026 10:30
 2 files changed, 124 insertions(+), 118 deletions(-)
To github.com:gestordecx/promod-vitrine.git
   1f95e6e..47ef0b3  main -> main
60 ofertas escritas em index.html.
Vitrine publicada com sucesso.
[main ff6f471] Atualiza vitrine - 22/09/2026 10:45
 2 files changed, 311 insertions(+), 307 deletions(-)
To github.com:gestordecx/promod-vitrine.git
   47ef0b3..ff6f471  main -> main
60 ofertas escritas em index.html.
Vitrine publicada com sucesso.
[main 83ee715] Atualiza vitrine - 22/09/2026 11:00
 2 files changed, 160 insertions(+), 154 deletions(-)
To github.com:gestordecx/promod-vitrine.git
   ff6f471..83ee715  main -> main
60 ofertas escritas em index.html.
Vitrine publicada com sucesso.
[main f1b4c95] Atualiza vitrine - 22/09/2026 11:15
 2 files changed, 89 insertions(+), 82 deletions(-)
To github.com:gestordecx/promod-vitrine.git
   83ee715..f1b4c95  main -> main
60 ofertas escritas em index.html.
Vitrine publicada com sucesso.
[main 9710faf] Atualiza vitrine - 22/09/2026 11:30
 2 files changed, 7 insertions(+), 1 deletion(-)
To github.com:gestordecx/promod-vitrine.git
   f1b4c95..9710faf  main -> main
60 ofertas escritas em index.html.
Vitrine publicada com sucesso.
[main 1858036] Atualiza vitrine - 22/09/2026 11:45
 2 files changed, 306 insertions(+), 299 deletions(-)
To github.com:gestordecx/promod-vitrine.git
   9710faf..1858036  main -> main
60 ofertas escritas em index.html.
Vitrine publicada com sucesso.
[main cfb3e48] Atualiza vitrine - 22/09/2026 12:00
 2 files changed, 89 insertions(+), 81 deletions(-)
To github.com:gestordecx/promod-vitrine.git
   1858036..cfb3e48  main -> main
60 ofertas escritas em index.html.
Vitrine publicada com sucesso.
[main 178c789] Atualiza vitrine - 22/09/2026 12:15
 2 files changed, 57 insertions(+), 51 deletions(-)
To github.com:gestordecx/promod-vitrine.git
   cfb3e48..178c789  main -> main
60 ofertas escritas em index.html.
Vitrine publicada com sucesso.
[main eef0da6] Atualiza vitrine - 22/09/2026 12:30
 2 files changed, 41 insertions(+), 35 deletions(-)
To github.com:gestordecx/promod-vitrine.git
   178c789..eef0da6  main -> main
60 ofertas escritas em index.html.
Vitrine publicada com sucesso.
[main cb0cd6b] Atualiza vitrine - 22/09/2026 12:45
 2 files changed, 233 insertions(+), 227 deletions(-)
To github.com:gestordecx/promod-vitrine.git
   eef0da6..cb0cd6b  main -> main
60 ofertas escritas em index.html.
Vitrine publicada com sucesso.
[main a3615ba] Atualiza vitrine - 22/09/2026 13:00
 2 files changed, 40 insertions(+), 34 deletions(-)
To github.com:gestordecx/promod-vitrine.git
   cb0cd6b..a3615ba  main -> main
60 ofertas escritas em index.html.
Vitrine publicada com sucesso.
[main 93cb694] Atualiza vitrine - 22/09/2026 13:15
 2 files changed, 41 insertions(+), 33 deletions(-)
To github.com:gestordecx/promod-vitrine.git
   a3615ba..93cb694  main -> main
60 ofertas escritas em index.html.
Vitrine publicada com sucesso.
[main 074d2ce] Atualiza vitrine - 22/09/2026 13:30
 2 files changed, 40 insertions(+), 34 deletions(-)
To github.com:gestordecx/promod-vitrine.git
   93cb694..074d2ce  main -> main
60 ofertas escritas em index.html.
Vitrine publicada com sucesso.
[main 051d494] Atualiza vitrine - 22/09/2026 13:45
 2 files changed, 74 insertions(+), 68 deletions(-)
To github.com:gestordecx/promod-vitrine.git
   074d2ce..051d494  main -> main
60 ofertas escritas em index.html.
Vitrine publicada com sucesso.
[main 390644f] Atualiza vitrine - 22/09/2026 14:00
 2 files changed, 39 insertions(+), 33 deletions(-)
To github.com:gestordecx/promod-vitrine.git
   051d494..390644f  main -> main
60 ofertas escritas em index.html.
Vitrine publicada com sucesso.
[main b85f725] Atualiza vitrine - 22/09/2026 14:15
 2 files changed, 210 insertions(+), 205 deletions(-)
To github.com:gestordecx/promod-vitrine.git
   390644f..b85f725  main -> main
60 ofertas escritas em index.html.
Vitrine publicada com sucesso.
[main 4452f73] Atualiza vitrine - 22/09/2026 14:30
 2 files changed, 91 insertions(+), 85 deletions(-)
To github.com:gestordecx/promod-vitrine.git
   b85f725..4452f73  main -> main
60 ofertas escritas em index.html.
Vitrine publicada com sucesso.
[main f8cddfc] Atualiza vitrine - 22/09/2026 14:45
 2 files changed, 7 insertions(+), 1 deletion(-)
To github.com:gestordecx/promod-vitrine.git
   4452f73..f8cddfc  main -> main
60 ofertas escritas em index.html.
Vitrine publicada com sucesso.
[main 18c9378] Atualiza vitrine - 22/09/2026 15:00
 2 files changed, 232 insertions(+), 226 deletions(-)
To github.com:gestordecx/promod-vitrine.git
   f8cddfc..18c9378  main -> main
60 ofertas escritas em index.html.
Vitrine publicada com sucesso.
[main c6f46cc] Atualiza vitrine - 22/09/2026 15:15
 2 files changed, 74 insertions(+), 68 deletions(-)
To github.com:gestordecx/promod-vitrine.git
   18c9378..c6f46cc  main -> main
60 ofertas escritas em index.html.
Vitrine publicada com sucesso.
[main 5109f8b] Atualiza vitrine - 22/09/2026 15:30
 2 files changed, 24 insertions(+), 18 deletions(-)
To github.com:gestordecx/promod-vitrine.git
   c6f46cc..5109f8b  main -> main
60 ofertas escritas em index.html.
Vitrine publicada com sucesso.
[main 5657a4a] Atualiza vitrine - 22/09/2026 15:45
 2 files changed, 24 insertions(+), 18 deletions(-)
To github.com:gestordecx/promod-vitrine.git
   5109f8b..5657a4a  main -> main
60 ofertas escritas em index.html.
Vitrine publicada com sucesso.
[main 5a3bd74] Atualiza vitrine - 22/09/2026 16:00
 2 files changed, 59 insertions(+), 51 deletions(-)
To github.com:gestordecx/promod-vitrine.git
   5657a4a..5a3bd74  main -> main
60 ofertas escritas em index.html.
Vitrine publicada com sucesso.
[main 7fa00db] Atualiza vitrine - 22/09/2026 16:15
 2 files changed, 74 insertions(+), 67 deletions(-)
To github.com:gestordecx/promod-vitrine.git
   5a3bd74..7fa00db  main -> main
60 ofertas escritas em index.html.
Vitrine publicada com sucesso.
[main d367446] Atualiza vitrine - 22/09/2026 16:30
 2 files changed, 76 insertions(+), 68 deletions(-)
To github.com:gestordecx/promod-vitrine.git
   7fa00db..d367446  main -> main
60 ofertas escritas em index.html.
Vitrine publicada com sucesso.
[main c8d161a] Atualiza vitrine - 22/09/2026 16:45
 2 files changed, 90 insertions(+), 84 deletions(-)
To github.com:gestordecx/promod-vitrine.git
   d367446..c8d161a  main -> main
60 ofertas escritas em index.html.
Vitrine publicada com sucesso.
[main 3304db0] Atualiza vitrine - 22/09/2026 17:00
 2 files changed, 61 insertions(+), 51 deletions(-)
To github.com:gestordecx/promod-vitrine.git
   c8d161a..3304db0  main -> main
60 ofertas escritas em index.html.
Vitrine publicada com sucesso.
[main 1fdd842] Atualiza vitrine - 22/09/2026 17:15
 2 files changed, 23 insertions(+), 19 deletions(-)
To github.com:gestordecx/promod-vitrine.git
   3304db0..1fdd842  main -> main
60 ofertas escritas em index.html.
Vitrine publicada com sucesso.
[main 22e7b35] Atualiza vitrine - 22/09/2026 17:30
 2 files changed, 41 insertions(+), 35 deletions(-)
To github.com:gestordecx/promod-vitrine.git
   1fdd842..22e7b35  main -> main
60 ofertas escritas em index.html.
Vitrine publicada com sucesso.
[main 37fb1e7] Atualiza vitrine - 22/09/2026 17:45
 2 files changed, 7 insertions(+), 1 deletion(-)
To github.com:gestordecx/promod-vitrine.git
   22e7b35..37fb1e7  main -> main
60 ofertas escritas em index.html.
Vitrine publicada com sucesso.
[main 3ab9a34] Atualiza vitrine - 22/09/2026 18:00
 2 files changed, 73 insertions(+), 67 deletions(-)
To github.com:gestordecx/promod-vitrine.git
   37fb1e7..3ab9a34  main -> main
60 ofertas escritas em index.html.
Vitrine publicada com sucesso.
[main 57ec76f] Atualiza vitrine - 22/09/2026 18:15
 2 files changed, 41 insertions(+), 35 deletions(-)
To github.com:gestordecx/promod-vitrine.git
   3ab9a34..57ec76f  main -> main
60 ofertas escritas em index.html.
Vitrine publicada com sucesso.
[main ef59e0d] Atualiza vitrine - 22/09/2026 18:30
 2 files changed, 7 insertions(+), 1 deletion(-)
To github.com:gestordecx/promod-vitrine.git
   57ec76f..ef59e0d  main -> main
60 ofertas escritas em index.html.
Vitrine publicada com sucesso.
[main c21d06d] Atualiza vitrine - 22/09/2026 18:45
 2 files changed, 41 insertions(+), 35 deletions(-)
To github.com:gestordecx/promod-vitrine.git
   ef59e0d..c21d06d  main -> main
60 ofertas escritas em index.html.
Vitrine publicada com sucesso.
[main e939514] Atualiza vitrine - 22/09/2026 19:00
 2 files changed, 7 insertions(+), 1 deletion(-)
To github.com:gestordecx/promod-vitrine.git
   c21d06d..e939514  main -> main
60 ofertas escritas em index.html.
Vitrine publicada com sucesso.
[main c4fc74c] Atualiza vitrine - 22/09/2026 19:15
 2 files changed, 7 insertions(+), 1 deletion(-)
To github.com:gestordecx/promod-vitrine.git
   e939514..c4fc74c  main -> main
60 ofertas escritas em index.html.
Vitrine publicada com sucesso.
[main 15659cf] Atualiza vitrine - 22/09/2026 19:30
 2 files changed, 7 insertions(+), 1 deletion(-)
To github.com:gestordecx/promod-vitrine.git
   c4fc74c..15659cf  main -> main
60 ofertas escritas em index.html.
Vitrine publicada com sucesso.
[main 2ae01c1] Atualiza vitrine - 22/09/2026 19:45
 2 files changed, 7 insertions(+), 1 deletion(-)
To github.com:gestordecx/promod-vitrine.git
   15659cf..2ae01c1  main -> main
60 ofertas escritas em index.html.
Vitrine publicada com sucesso.
[main 2b0e60d] Atualiza vitrine - 22/09/2026 20:00
 2 files changed, 7 insertions(+), 1 deletion(-)
To github.com:gestordecx/promod-vitrine.git
   2ae01c1..2b0e60d  main -> main
60 ofertas escritas em index.html.
Vitrine publicada com sucesso.
[main 922bc4e] Atualiza vitrine - 22/09/2026 20:15
 2 files changed, 7 insertions(+), 1 deletion(-)
To github.com:gestordecx/promod-vitrine.git
   2b0e60d..922bc4e  main -> main
60 ofertas escritas em index.html.
Vitrine publicada com sucesso.
[main 0db97f9] Atualiza vitrine - 22/09/2026 20:30
 2 files changed, 7 insertions(+), 1 deletion(-)
To github.com:gestordecx/promod-vitrine.git
   922bc4e..0db97f9  main -> main
60 ofertas escritas em index.html.
Vitrine publicada com sucesso.
[main a20069b] Atualiza vitrine - 22/09/2026 20:45
 2 files changed, 7 insertions(+), 1 deletion(-)
To github.com:gestordecx/promod-vitrine.git
   0db97f9..a20069b  main -> main
60 ofertas escritas em index.html.
Vitrine publicada com sucesso.
[main 3dca94c] Atualiza vitrine - 22/09/2026 21:00
 2 files changed, 7 insertions(+), 1 deletion(-)
To github.com:gestordecx/promod-vitrine.git
   a20069b..3dca94c  main -> main
60 ofertas escritas em index.html.
Vitrine publicada com sucesso.
[main 98ca928] Atualiza vitrine - 22/09/2026 21:15
 2 files changed, 7 insertions(+), 1 deletion(-)
To github.com:gestordecx/promod-vitrine.git
   3dca94c..98ca928  main -> main
60 ofertas escritas em index.html.
Vitrine publicada com sucesso.
[main d85bc4c] Atualiza vitrine - 22/09/2026 21:30
 2 files changed, 7 insertions(+), 1 deletion(-)
To github.com:gestordecx/promod-vitrine.git
   98ca928..d85bc4c  main -> main
60 ofertas escritas em index.html.
Vitrine publicada com sucesso.
[main 461d9cc] Atualiza vitrine - 22/09/2026 21:45
 2 files changed, 7 insertions(+), 1 deletion(-)
To github.com:gestordecx/promod-vitrine.git
   d85bc4c..461d9cc  main -> main
60 ofertas escritas em index.html.
Vitrine publicada com sucesso.
[main e62d29a] Atualiza vitrine - 22/09/2026 22:00
 2 files changed, 7 insertions(+), 1 deletion(-)
To github.com:gestordecx/promod-vitrine.git
   461d9cc..e62d29a  main -> main
60 ofertas escritas em index.html.
Vitrine publicada com sucesso.
[main b74bdb1] Atualiza vitrine - 22/09/2026 22:15
 2 files changed, 87 insertions(+), 81 deletions(-)
To github.com:gestordecx/promod-vitrine.git
   e62d29a..b74bdb1  main -> main
60 ofertas escritas em index.html.
Vitrine publicada com sucesso.
[main 9ede058] Atualiza vitrine - 22/09/2026 22:30
 2 files changed, 23 insertions(+), 17 deletions(-)
To github.com:gestordecx/promod-vitrine.git
   b74bdb1..9ede058  main -> main
60 ofertas escritas em index.html.
Vitrine publicada com sucesso.
[main 55708d3] Atualiza vitrine - 22/09/2026 22:45
 2 files changed, 7 insertions(+), 1 deletion(-)
To github.com:gestordecx/promod-vitrine.git
   9ede058..55708d3  main -> main
60 ofertas escritas em index.html.
Vitrine publicada com sucesso.
[main eee8e9d] Atualiza vitrine - 22/09/2026 23:00
 2 files changed, 71 insertions(+), 71 deletions(-)
To github.com:gestordecx/promod-vitrine.git
   55708d3..eee8e9d  main -> main
60 ofertas escritas em index.html.
Vitrine publicada com sucesso.
[main 38a2da7] Atualiza vitrine - 22/09/2026 23:15
 2 files changed, 7 insertions(+), 1 deletion(-)
To github.com:gestordecx/promod-vitrine.git
   eee8e9d..38a2da7  main -> main
60 ofertas escritas em index.html.
Vitrine publicada com sucesso.
[main fa9dd6c] Atualiza vitrine - 22/09/2026 23:30
 2 files changed, 7 insertions(+), 1 deletion(-)
To github.com:gestordecx/promod-vitrine.git
   38a2da7..fa9dd6c  main -> main
60 ofertas escritas em index.html.
Vitrine publicada com sucesso.
[main 0ea2f82] Atualiza vitrine - 22/09/2026 23:45
 2 files changed, 7 insertions(+), 1 deletion(-)
To github.com:gestordecx/promod-vitrine.git
   fa9dd6c..0ea2f82  main -> main
60 ofertas escritas em index.html.
Vitrine publicada com sucesso.
[main b9df27a] Atualiza vitrine - 23/09/2026 00:00
 2 files changed, 7 insertions(+), 1 deletion(-)
To github.com:gestordecx/promod-vitrine.git
   0ea2f82..b9df27a  main -> main
60 ofertas escritas em index.html.
Vitrine publicada com sucesso.
[main 264e855] Atualiza vitrine - 23/09/2026 00:15
 2 files changed, 303 insertions(+), 297 deletions(-)
To github.com:gestordecx/promod-vitrine.git
   b9df27a..264e855  main -> main
60 ofertas escritas em index.html.
Vitrine publicada com sucesso.
[main 6e89fcc] Atualiza vitrine - 23/09/2026 00:30
 2 files changed, 232 insertions(+), 225 deletions(-)
To github.com:gestordecx/promod-vitrine.git
   264e855..6e89fcc  main -> main
60 ofertas escritas em index.html.
Vitrine publicada com sucesso.
[main 25e0124] Atualiza vitrine - 23/09/2026 00:45
 2 files changed, 347 insertions(+), 337 deletions(-)
To github.com:gestordecx/promod-vitrine.git
   6e89fcc..25e0124  main -> main
60 ofertas escritas em index.html.
Vitrine publicada com sucesso.
[main ee029bf] Atualiza vitrine - 23/09/2026 01:00
 2 files changed, 60 insertions(+), 52 deletions(-)
To github.com:gestordecx/promod-vitrine.git
   25e0124..ee029bf  main -> main
60 ofertas escritas em index.html.
Vitrine publicada com sucesso.
[main e6192d1] Atualiza vitrine - 23/09/2026 01:15
 2 files changed, 110 insertions(+), 102 deletions(-)
To github.com:gestordecx/promod-vitrine.git
   ee029bf..e6192d1  main -> main
60 ofertas escritas em index.html.
Vitrine publicada com sucesso.
[main 74b752a] Atualiza vitrine - 23/09/2026 01:30
 2 files changed, 126 insertions(+), 120 deletions(-)
To github.com:gestordecx/promod-vitrine.git
   e6192d1..74b752a  main -> main
60 ofertas escritas em index.html.
Vitrine publicada com sucesso.
[main 3f90e9c] Atualiza vitrine - 23/09/2026 01:45
 2 files changed, 94 insertions(+), 86 deletions(-)
To github.com:gestordecx/promod-vitrine.git
   74b752a..3f90e9c  main -> main
60 ofertas escritas em index.html.
Vitrine publicada com sucesso.
[main 53df907] Atualiza vitrine - 23/09/2026 02:00
 2 files changed, 41 insertions(+), 37 deletions(-)
To github.com:gestordecx/promod-vitrine.git
   3f90e9c..53df907  main -> main
60 ofertas escritas em index.html.
Vitrine publicada com sucesso.
[main 181f011] Atualiza vitrine - 23/09/2026 02:15
 2 files changed, 7 insertions(+), 1 deletion(-)
To github.com:gestordecx/promod-vitrine.git
   53df907..181f011  main -> main
60 ofertas escritas em index.html.
Vitrine publicada com sucesso.
[main 374295d] Atualiza vitrine - 23/09/2026 02:30
 2 files changed, 7 insertions(+), 1 deletion(-)
To github.com:gestordecx/promod-vitrine.git
   181f011..374295d  main -> main
60 ofertas escritas em index.html.
Vitrine publicada com sucesso.
[main 39b4f27] Atualiza vitrine - 23/09/2026 02:45
 2 files changed, 122 insertions(+), 119 deletions(-)
To github.com:gestordecx/promod-vitrine.git
   374295d..39b4f27  main -> main
60 ofertas escritas em index.html.
Vitrine publicada com sucesso.
[main 03ba637] Atualiza vitrine - 23/09/2026 03:00
 2 files changed, 41 insertions(+), 35 deletions(-)
To github.com:gestordecx/promod-vitrine.git
   39b4f27..03ba637  main -> main
60 ofertas escritas em index.html.
Vitrine publicada com sucesso.
[main c652ded] Atualiza vitrine - 23/09/2026 03:15
 2 files changed, 23 insertions(+), 17 deletions(-)
To github.com:gestordecx/promod-vitrine.git
   03ba637..c652ded  main -> main
60 ofertas escritas em index.html.
Vitrine publicada com sucesso.
[main e895156] Atualiza vitrine - 23/09/2026 03:30
 2 files changed, 23 insertions(+), 20 deletions(-)
To github.com:gestordecx/promod-vitrine.git
   c652ded..e895156  main -> main
60 ofertas escritas em index.html.
Vitrine publicada com sucesso.
[main f44c438] Atualiza vitrine - 23/09/2026 03:45
 2 files changed, 7 insertions(+), 1 deletion(-)
To github.com:gestordecx/promod-vitrine.git
   e895156..f44c438  main -> main
60 ofertas escritas em index.html.
Vitrine publicada com sucesso.
[main d952c3a] Atualiza vitrine - 23/09/2026 04:00
 2 files changed, 25 insertions(+), 19 deletions(-)
To github.com:gestordecx/promod-vitrine.git
   f44c438..d952c3a  main -> main
60 ofertas escritas em index.html.
Vitrine publicada com sucesso.
[main 7a67a04] Atualiza vitrine - 23/09/2026 04:15
 2 files changed, 7 insertions(+), 1 deletion(-)
To github.com:gestordecx/promod-vitrine.git
   d952c3a..7a67a04  main -> main
60 ofertas escritas em index.html.
Vitrine publicada com sucesso.
[main 09cbd4e] Atualiza vitrine - 23/09/2026 04:30
 2 files changed, 7 insertions(+), 1 deletion(-)
To github.com:gestordecx/promod-vitrine.git
   7a67a04..09cbd4e  main -> main
60 ofertas escritas em index.html.
Vitrine publicada com sucesso.
[main 592b00d] Atualiza vitrine - 23/09/2026 04:45
 2 files changed, 24 insertions(+), 18 deletions(-)
To github.com:gestordecx/promod-vitrine.git
   09cbd4e..592b00d  main -> main
60 ofertas escritas em index.html.
Vitrine publicada com sucesso.
[main dc6c04d] Atualiza vitrine - 23/09/2026 05:00
 2 files changed, 7 insertions(+), 1 deletion(-)
To github.com:gestordecx/promod-vitrine.git
   592b00d..dc6c04d  main -> main
60 ofertas escritas em index.html.
Vitrine publicada com sucesso.
[main ca94f74] Atualiza vitrine - 23/09/2026 05:15
 2 files changed, 105 insertions(+), 99 deletions(-)
To github.com:gestordecx/promod-vitrine.git
   dc6c04d..ca94f74  main -> main
60 ofertas escritas em index.html.
Vitrine publicada com sucesso.
[main 0ba9b72] Atualiza vitrine - 23/09/2026 05:30
 2 files changed, 24 insertions(+), 18 deletions(-)
To github.com:gestordecx/promod-vitrine.git
   ca94f74..0ba9b72  main -> main
60 ofertas escritas em index.html.
Vitrine publicada com sucesso.
[main 72cdd8d] Atualiza vitrine - 23/09/2026 05:45
 2 files changed, 87 insertions(+), 81 deletions(-)
To github.com:gestordecx/promod-vitrine.git
   0ba9b72..72cdd8d  main -> main
60 ofertas escritas em index.html.
Vitrine publicada com sucesso.
[main 8db4b00] Atualiza vitrine - 23/09/2026 06:00
 2 files changed, 7 insertions(+), 1 deletion(-)
To github.com:gestordecx/promod-vitrine.git
   72cdd8d..8db4b00  main -> main
60 ofertas escritas em index.html.
Vitrine publicada com sucesso.
[main b50c2ad] Atualiza vitrine - 23/09/2026 06:15
 2 files changed, 60 insertions(+), 54 deletions(-)
To github.com:gestordecx/promod-vitrine.git
   8db4b00..b50c2ad  main -> main
60 ofertas escritas em index.html.
Vitrine publicada com sucesso.
[main b85810f] Atualiza vitrine - 23/09/2026 06:30
 2 files changed, 7 insertions(+), 1 deletion(-)
To github.com:gestordecx/promod-vitrine.git
   b50c2ad..b85810f  main -> main
60 ofertas escritas em index.html.
Vitrine publicada com sucesso.
[main 4c7b0ac] Atualiza vitrine - 23/09/2026 06:45
 2 files changed, 73 insertions(+), 67 deletions(-)
To github.com:gestordecx/promod-vitrine.git
   b85810f..4c7b0ac  main -> main
60 ofertas escritas em index.html.
Vitrine publicada com sucesso.
[main 6e46a39] Atualiza vitrine - 23/09/2026 07:00
 2 files changed, 42 insertions(+), 33 deletions(-)
To github.com:gestordecx/promod-vitrine.git
   4c7b0ac..6e46a39  main -> main
60 ofertas escritas em index.html.
Vitrine publicada com sucesso.
[main eac16e8] Atualiza vitrine - 23/09/2026 07:15
 2 files changed, 90 insertions(+), 82 deletions(-)
To github.com:gestordecx/promod-vitrine.git
   6e46a39..eac16e8  main -> main
60 ofertas escritas em index.html.
Vitrine publicada com sucesso.
[main 0826457] Atualiza vitrine - 23/09/2026 07:30
 2 files changed, 55 insertions(+), 50 deletions(-)
To github.com:gestordecx/promod-vitrine.git
   eac16e8..0826457  main -> main
60 ofertas escritas em index.html.
Vitrine publicada com sucesso.
[main 2ef64e4] Atualiza vitrine - 23/09/2026 07:45
 2 files changed, 417 insertions(+), 413 deletions(-)
To github.com:gestordecx/promod-vitrine.git
   0826457..2ef64e4  main -> main
60 ofertas escritas em index.html.
Vitrine publicada com sucesso.
[main 95aa2fe] Atualiza vitrine - 23/09/2026 08:00
 2 files changed, 207 insertions(+), 197 deletions(-)
To github.com:gestordecx/promod-vitrine.git
   2ef64e4..95aa2fe  main -> main
60 ofertas escritas em index.html.
Vitrine publicada com sucesso.
[main f403f4e] Atualiza vitrine - 23/09/2026 08:15
 2 files changed, 109 insertions(+), 103 deletions(-)
To github.com:gestordecx/promod-vitrine.git
   95aa2fe..f403f4e  main -> main
60 ofertas escritas em index.html.
Vitrine publicada com sucesso.
[main 484c6fd] Atualiza vitrine - 23/09/2026 08:30
 2 files changed, 126 insertions(+), 124 deletions(-)
To github.com:gestordecx/promod-vitrine.git
   f403f4e..484c6fd  main -> main
60 ofertas escritas em index.html.
Vitrine publicada com sucesso.
[main 595527a] Atualiza vitrine - 23/09/2026 08:45
 2 files changed, 157 insertions(+), 150 deletions(-)
To github.com:gestordecx/promod-vitrine.git
   484c6fd..595527a  main -> main
60 ofertas escritas em index.html.
Vitrine publicada com sucesso.
[main cfbd059] Atualiza vitrine - 23/09/2026 09:00
 2 files changed, 132 insertions(+), 123 deletions(-)
To github.com:gestordecx/promod-vitrine.git
   595527a..cfbd059  main -> main
60 ofertas escritas em index.html.
Vitrine publicada com sucesso.
[main 999a3a2] Atualiza vitrine - 23/09/2026 09:15
 2 files changed, 272 insertions(+), 263 deletions(-)
To github.com:gestordecx/promod-vitrine.git
   cfbd059..999a3a2  main -> main
60 ofertas escritas em index.html.
Vitrine publicada com sucesso.
[main c24dea5] Atualiza vitrine - 23/09/2026 09:30
 2 files changed, 39 insertions(+), 33 deletions(-)
To github.com:gestordecx/promod-vitrine.git
   999a3a2..c24dea5  main -> main
60 ofertas escritas em index.html.
Vitrine publicada com sucesso.
[main a9ac7f8] Atualiza vitrine - 23/09/2026 09:45
 2 files changed, 73 insertions(+), 67 deletions(-)
To github.com:gestordecx/promod-vitrine.git
   c24dea5..a9ac7f8  main -> main
60 ofertas escritas em index.html.
Vitrine publicada com sucesso.
[main f417f03] Atualiza vitrine - 23/09/2026 10:00
 2 files changed, 58 insertions(+), 52 deletions(-)
To github.com:gestordecx/promod-vitrine.git
   a9ac7f8..f417f03  main -> main
60 ofertas escritas em index.html.
Vitrine publicada com sucesso.
[main 554ff4c] Atualiza vitrine - 23/09/2026 10:15
 2 files changed, 123 insertions(+), 117 deletions(-)
To github.com:gestordecx/promod-vitrine.git
   f417f03..554ff4c  main -> main
60 ofertas escritas em index.html.
Vitrine publicada com sucesso.
[main 7842f9a] Atualiza vitrine - 23/09/2026 10:30
 2 files changed, 271 insertions(+), 267 deletions(-)
To github.com:gestordecx/promod-vitrine.git
   554ff4c..7842f9a  main -> main
60 ofertas escritas em index.html.
Vitrine publicada com sucesso.
[main 2278022] Atualiza vitrine - 23/09/2026 10:45
 2 files changed, 121 insertions(+), 116 deletions(-)
To github.com:gestordecx/promod-vitrine.git
   7842f9a..2278022  main -> main
60 ofertas escritas em index.html.
Vitrine publicada com sucesso.
[main 950c389] Atualiza vitrine - 23/09/2026 11:00
 2 files changed, 41 insertions(+), 34 deletions(-)
git@github.com: Permission denied (publickey).
fatal: Could not read from remote repository.

Please make sure you have the correct access rights
and the repository exists.
60 ofertas escritas em index.html.
Traceback (most recent call last):
  File "/home/darlan/projetos/promod-vitrine/gerar_vitrine.py", line 580, in <module>
    main()
  File "/home/darlan/projetos/promod-vitrine/gerar_vitrine.py", line 576, in main
    publicar_no_git()
  File "/home/darlan/projetos/promod-vitrine/gerar_vitrine.py", line 564, in publicar_no_git
    subprocess.run(["git", "push"], cwd=REPO_DIR, check=True)
  File "/usr/lib/python3.12/subprocess.py", line 571, in run
    raise CalledProcessError(retcode, process.args,
subprocess.CalledProcessError: Command '['git', 'push']' returned non-zero exit status 128.
[main cb88293] Atualiza vitrine - 23/09/2026 11:15
 2 files changed, 68 insertions(+), 50 deletions(-)
To github.com:gestordecx/promod-vitrine.git
   2278022..cb88293  main -> main
60 ofertas escritas em index.html.
Vitrine publicada com sucesso.
[main 4c6fcda] Atualiza vitrine - 23/09/2026 11:30
 2 files changed, 229 insertions(+), 220 deletions(-)
To github.com:gestordecx/promod-vitrine.git
   cb88293..4c6fcda  main -> main
60 ofertas escritas em index.html.
Vitrine publicada com sucesso.
[main 3d5176f] Atualiza vitrine - 23/09/2026 11:45
 2 files changed, 137 insertions(+), 131 deletions(-)
To github.com:gestordecx/promod-vitrine.git
   4c6fcda..3d5176f  main -> main
60 ofertas escritas em index.html.
Vitrine publicada com sucesso.
[main 091b9e2] Atualiza vitrine - 23/09/2026 12:00
 2 files changed, 121 insertions(+), 113 deletions(-)
To github.com:gestordecx/promod-vitrine.git
   3d5176f..091b9e2  main -> main
60 ofertas escritas em index.html.
Vitrine publicada com sucesso.
[main e7e5d59] Atualiza vitrine - 23/09/2026 16:00
 2 files changed, 127 insertions(+), 118 deletions(-)
To github.com:gestordecx/promod-vitrine.git
   091b9e2..e7e5d59  main -> main
60 ofertas escritas em index.html.
Vitrine publicada com sucesso.
[main b929dc9] Atualiza vitrine - 23/09/2026 16:15
 2 files changed, 121 insertions(+), 119 deletions(-)
To github.com:gestordecx/promod-vitrine.git
   e7e5d59..b929dc9  main -> main
60 ofertas escritas em index.html.
Vitrine publicada com sucesso.
[main 6d11bfa] Atualiza vitrine - 23/09/2026 16:30
 2 files changed, 358 insertions(+), 357 deletions(-)
To github.com:gestordecx/promod-vitrine.git
   b929dc9..6d11bfa  main -> main
60 ofertas escritas em index.html.
Vitrine publicada com sucesso.
[main 5394245] Atualiza vitrine - 23/09/2026 16:45
 2 files changed, 161 insertions(+), 154 deletions(-)
To github.com:gestordecx/promod-vitrine.git
   6d11bfa..5394245  main -> main
60 ofertas escritas em index.html.
Vitrine publicada com sucesso.
[main 687e003] Atualiza vitrine - 23/09/2026 17:00
 2 files changed, 195 insertions(+), 186 deletions(-)
To github.com:gestordecx/promod-vitrine.git
   5394245..687e003  main -> main
60 ofertas escritas em index.html.
Vitrine publicada com sucesso.
[main d46b9f9] Atualiza vitrine - 23/09/2026 17:15
 2 files changed, 232 insertions(+), 226 deletions(-)
To github.com:gestordecx/promod-vitrine.git
   687e003..d46b9f9  main -> main
60 ofertas escritas em index.html.
Vitrine publicada com sucesso.
[main ff8f073] Atualiza vitrine - 23/09/2026 17:30
 2 files changed, 106 insertions(+), 105 deletions(-)
To github.com:gestordecx/promod-vitrine.git
   d46b9f9..ff8f073  main -> main
60 ofertas escritas em index.html.
Vitrine publicada com sucesso.
[main a7c26a6] Atualiza vitrine - 23/09/2026 17:45
 2 files changed, 125 insertions(+), 119 deletions(-)
To github.com:gestordecx/promod-vitrine.git
   ff8f073..a7c26a6  main -> main
60 ofertas escritas em index.html.
Vitrine publicada com sucesso.
[main a80bfda] Atualiza vitrine - 23/09/2026 18:00
 2 files changed, 106 insertions(+), 102 deletions(-)
To github.com:gestordecx/promod-vitrine.git
   a7c26a6..a80bfda  main -> main
60 ofertas escritas em index.html.
Vitrine publicada com sucesso.
[main 4237384] Atualiza vitrine - 23/09/2026 18:15
 2 files changed, 90 insertions(+), 84 deletions(-)
To github.com:gestordecx/promod-vitrine.git
   a80bfda..4237384  main -> main
60 ofertas escritas em index.html.
Vitrine publicada com sucesso.
[main a753e89] Atualiza vitrine - 23/09/2026 18:30
 2 files changed, 58 insertions(+), 49 deletions(-)
To github.com:gestordecx/promod-vitrine.git
   4237384..a753e89  main -> main
60 ofertas escritas em index.html.
Vitrine publicada com sucesso.
[main e9800ea] Atualiza vitrine - 23/09/2026 18:45
 2 files changed, 40 insertions(+), 34 deletions(-)
To github.com:gestordecx/promod-vitrine.git
   a753e89..e9800ea  main -> main
60 ofertas escritas em index.html.
Vitrine publicada com sucesso.
[main 3458718] Atualiza vitrine - 23/09/2026 19:00
 2 files changed, 60 insertions(+), 53 deletions(-)
To github.com:gestordecx/promod-vitrine.git
   e9800ea..3458718  main -> main
60 ofertas escritas em index.html.
Vitrine publicada com sucesso.
[main d6eb88d] Atualiza vitrine - 23/09/2026 19:15
 2 files changed, 92 insertions(+), 86 deletions(-)
To github.com:gestordecx/promod-vitrine.git
   3458718..d6eb88d  main -> main
60 ofertas escritas em index.html.
Vitrine publicada com sucesso.
[main 94b99a5] Atualiza vitrine - 23/09/2026 19:30
 2 files changed, 228 insertions(+), 220 deletions(-)
To github.com:gestordecx/promod-vitrine.git
   d6eb88d..94b99a5  main -> main
60 ofertas escritas em index.html.
Vitrine publicada com sucesso.
[main 5f90ca9] Atualiza vitrine - 23/09/2026 19:45
 2 files changed, 185 insertions(+), 181 deletions(-)
To github.com:gestordecx/promod-vitrine.git
   94b99a5..5f90ca9  main -> main
60 ofertas escritas em index.html.
Vitrine publicada com sucesso.
[main ce0415f] Atualiza vitrine - 23/09/2026 20:00
 2 files changed, 106 insertions(+), 100 deletions(-)
To github.com:gestordecx/promod-vitrine.git
   5f90ca9..ce0415f  main -> main
60 ofertas escritas em index.html.
Vitrine publicada com sucesso.
[main 3570c25] Atualiza vitrine - 23/09/2026 20:15
 2 files changed, 186 insertions(+), 180 deletions(-)
To github.com:gestordecx/promod-vitrine.git
   ce0415f..3570c25  main -> main
60 ofertas escritas em index.html.
Vitrine publicada com sucesso.
[main 02f77e6] Atualiza vitrine - 23/09/2026 20:30
 2 files changed, 23 insertions(+), 17 deletions(-)
To github.com:gestordecx/promod-vitrine.git
   3570c25..02f77e6  main -> main
60 ofertas escritas em index.html.
Vitrine publicada com sucesso.
[main e8f19c1] Atualiza vitrine - 23/09/2026 20:45
 2 files changed, 7 insertions(+), 1 deletion(-)
To github.com:gestordecx/promod-vitrine.git
   02f77e6..e8f19c1  main -> main
60 ofertas escritas em index.html.
Vitrine publicada com sucesso.
[main 5a52b08] Atualiza vitrine - 23/09/2026 21:00
 2 files changed, 7 insertions(+), 1 deletion(-)
To github.com:gestordecx/promod-vitrine.git
   e8f19c1..5a52b08  main -> main
60 ofertas escritas em index.html.
Vitrine publicada com sucesso.
[main 3dfe558] Atualiza vitrine - 23/09/2026 21:15
 2 files changed, 7 insertions(+), 1 deletion(-)
To github.com:gestordecx/promod-vitrine.git
   5a52b08..3dfe558  main -> main
60 ofertas escritas em index.html.
Vitrine publicada com sucesso.
[main cc7958e] Atualiza vitrine - 23/09/2026 21:30
 2 files changed, 7 insertions(+), 1 deletion(-)
To github.com:gestordecx/promod-vitrine.git
   3dfe558..cc7958e  main -> main
60 ofertas escritas em index.html.
Vitrine publicada com sucesso.
[main c428e33] Atualiza vitrine - 23/09/2026 21:45
 2 files changed, 7 insertions(+), 1 deletion(-)
To github.com:gestordecx/promod-vitrine.git
   cc7958e..c428e33  main -> main
60 ofertas escritas em index.html.
Vitrine publicada com sucesso.
[main 71068aa] Atualiza vitrine - 23/09/2026 22:00
 2 files changed, 7 insertions(+), 1 deletion(-)
To github.com:gestordecx/promod-vitrine.git
   c428e33..71068aa  main -> main
60 ofertas escritas em index.html.
Vitrine publicada com sucesso.
[main 26d8a6f] Atualiza vitrine - 23/09/2026 22:15
 2 files changed, 7 insertions(+), 1 deletion(-)
To github.com:gestordecx/promod-vitrine.git
   71068aa..26d8a6f  main -> main
60 ofertas escritas em index.html.
Vitrine publicada com sucesso.
[main 43392c2] Atualiza vitrine - 23/09/2026 22:30
 2 files changed, 7 insertions(+), 1 deletion(-)
To github.com:gestordecx/promod-vitrine.git
   26d8a6f..43392c2  main -> main
60 ofertas escritas em index.html.
Vitrine publicada com sucesso.
[main 13832c9] Atualiza vitrine - 23/09/2026 22:45
 2 files changed, 7 insertions(+), 1 deletion(-)
To github.com:gestordecx/promod-vitrine.git
   43392c2..13832c9  main -> main
60 ofertas escritas em index.html.
Vitrine publicada com sucesso.
[main 7a073f6] Atualiza vitrine - 23/09/2026 23:00
 2 files changed, 7 insertions(+), 1 deletion(-)
To github.com:gestordecx/promod-vitrine.git
   13832c9..7a073f6  main -> main
60 ofertas escritas em index.html.
Vitrine publicada com sucesso.
[main d336099] Atualiza vitrine - 23/09/2026 23:15
 2 files changed, 7 insertions(+), 1 deletion(-)
To github.com:gestordecx/promod-vitrine.git
   7a073f6..d336099  main -> main
60 ofertas escritas em index.html.
Vitrine publicada com sucesso.
[main 880749e] Atualiza vitrine - 23/09/2026 23:30
 2 files changed, 7 insertions(+), 1 deletion(-)
To github.com:gestordecx/promod-vitrine.git
   d336099..880749e  main -> main
60 ofertas escritas em index.html.
Vitrine publicada com sucesso.
[main 931f15c] Atualiza vitrine - 23/09/2026 23:45
 2 files changed, 7 insertions(+), 1 deletion(-)
To github.com:gestordecx/promod-vitrine.git
   880749e..931f15c  main -> main
60 ofertas escritas em index.html.
Vitrine publicada com sucesso.
[main ed21c28] Atualiza vitrine - 24/09/2026 00:00
 2 files changed, 7 insertions(+), 1 deletion(-)
To github.com:gestordecx/promod-vitrine.git
   931f15c..ed21c28  main -> main
60 ofertas escritas em index.html.
Vitrine publicada com sucesso.
[main 11d5981] Atualiza vitrine - 24/09/2026 00:15
 2 files changed, 240 insertions(+), 237 deletions(-)
To github.com:gestordecx/promod-vitrine.git
   ed21c28..11d5981  main -> main
60 ofertas escritas em index.html.
Vitrine publicada com sucesso.
[main 5087889] Atualiza vitrine - 24/09/2026 00:30
 2 files changed, 282 insertions(+), 279 deletions(-)
To github.com:gestordecx/promod-vitrine.git
   11d5981..5087889  main -> main
60 ofertas escritas em index.html.
Vitrine publicada com sucesso.
[main f48f394] Atualiza vitrine - 24/09/2026 00:45
 2 files changed, 192 insertions(+), 184 deletions(-)
To github.com:gestordecx/promod-vitrine.git
   5087889..f48f394  main -> main
60 ofertas escritas em index.html.
Vitrine publicada com sucesso.
[main e703fa7] Atualiza vitrine - 24/09/2026 01:00
 2 files changed, 7 insertions(+), 1 deletion(-)
To github.com:gestordecx/promod-vitrine.git
   f48f394..e703fa7  main -> main
60 ofertas escritas em index.html.
Vitrine publicada com sucesso.
[main 7a88eef] Atualiza vitrine - 24/09/2026 01:15
 2 files changed, 109 insertions(+), 103 deletions(-)
To github.com:gestordecx/promod-vitrine.git
   e703fa7..7a88eef  main -> main
60 ofertas escritas em index.html.
Vitrine publicada com sucesso.
[main 46f15f4] Atualiza vitrine - 24/09/2026 01:30
 2 files changed, 7 insertions(+), 1 deletion(-)
To github.com:gestordecx/promod-vitrine.git
   7a88eef..46f15f4  main -> main
60 ofertas escritas em index.html.
Vitrine publicada com sucesso.
[main 420de3e] Atualiza vitrine - 24/09/2026 01:45
 2 files changed, 24 insertions(+), 18 deletions(-)
To github.com:gestordecx/promod-vitrine.git
   46f15f4..420de3e  main -> main
60 ofertas escritas em index.html.
Vitrine publicada com sucesso.
[main 473a011] Atualiza vitrine - 24/09/2026 02:00
 2 files changed, 209 insertions(+), 205 deletions(-)
To github.com:gestordecx/promod-vitrine.git
   420de3e..473a011  main -> main
60 ofertas escritas em index.html.
Vitrine publicada com sucesso.
[main 4adf1e1] Atualiza vitrine - 24/09/2026 02:15
 2 files changed, 167 insertions(+), 160 deletions(-)
To github.com:gestordecx/promod-vitrine.git
   473a011..4adf1e1  main -> main
60 ofertas escritas em index.html.
Vitrine publicada com sucesso.
[main 3d57e40] Atualiza vitrine - 24/09/2026 02:30
 2 files changed, 7 insertions(+), 1 deletion(-)
To github.com:gestordecx/promod-vitrine.git
   4adf1e1..3d57e40  main -> main
60 ofertas escritas em index.html.
Vitrine publicada com sucesso.
[main c6b504b] Atualiza vitrine - 24/09/2026 02:45
 2 files changed, 7 insertions(+), 1 deletion(-)
To github.com:gestordecx/promod-vitrine.git
   3d57e40..c6b504b  main -> main
60 ofertas escritas em index.html.
Vitrine publicada com sucesso.
[main 05a4d09] Atualiza vitrine - 24/09/2026 03:00
 2 files changed, 7 insertions(+), 1 deletion(-)
To github.com:gestordecx/promod-vitrine.git
   c6b504b..05a4d09  main -> main
60 ofertas escritas em index.html.
Vitrine publicada com sucesso.
[main de04fbe] Atualiza vitrine - 24/09/2026 03:15
 2 files changed, 7 insertions(+), 1 deletion(-)
To github.com:gestordecx/promod-vitrine.git
   05a4d09..de04fbe  main -> main
60 ofertas escritas em index.html.
Vitrine publicada com sucesso.
[main 0fac582] Atualiza vitrine - 24/09/2026 03:30
 2 files changed, 23 insertions(+), 17 deletions(-)
To github.com:gestordecx/promod-vitrine.git
   de04fbe..0fac582  main -> main
60 ofertas escritas em index.html.
Vitrine publicada com sucesso.
[main 1c27325] Atualiza vitrine - 24/09/2026 03:45
 2 files changed, 7 insertions(+), 1 deletion(-)
To github.com:gestordecx/promod-vitrine.git
   0fac582..1c27325  main -> main
60 ofertas escritas em index.html.
Vitrine publicada com sucesso.
[main 7612c1d] Atualiza vitrine - 24/09/2026 04:00
 2 files changed, 75 insertions(+), 69 deletions(-)
To github.com:gestordecx/promod-vitrine.git
   1c27325..7612c1d  main -> main
60 ofertas escritas em index.html.
Vitrine publicada com sucesso.
[main 121f336] Atualiza vitrine - 24/09/2026 04:15
 2 files changed, 40 insertions(+), 34 deletions(-)
To github.com:gestordecx/promod-vitrine.git
   7612c1d..121f336  main -> main
60 ofertas escritas em index.html.
Vitrine publicada com sucesso.
[main c653a2b] Atualiza vitrine - 24/09/2026 04:30
 2 files changed, 23 insertions(+), 17 deletions(-)
To github.com:gestordecx/promod-vitrine.git
   121f336..c653a2b  main -> main
60 ofertas escritas em index.html.
Vitrine publicada com sucesso.
[main e98b8f5] Atualiza vitrine - 24/09/2026 04:45
 2 files changed, 41 insertions(+), 35 deletions(-)
To github.com:gestordecx/promod-vitrine.git
   c653a2b..e98b8f5  main -> main
60 ofertas escritas em index.html.
Vitrine publicada com sucesso.
[main aaab3ec] Atualiza vitrine - 24/09/2026 05:00
 2 files changed, 42 insertions(+), 36 deletions(-)
To github.com:gestordecx/promod-vitrine.git
   e98b8f5..aaab3ec  main -> main
60 ofertas escritas em index.html.
Vitrine publicada com sucesso.
[main 0ae0033] Atualiza vitrine - 24/09/2026 05:15
 2 files changed, 76 insertions(+), 68 deletions(-)
To github.com:gestordecx/promod-vitrine.git
   aaab3ec..0ae0033  main -> main
60 ofertas escritas em index.html.
Vitrine publicada com sucesso.
[main 277f672] Atualiza vitrine - 24/09/2026 05:30
 2 files changed, 7 insertions(+), 1 deletion(-)
To github.com:gestordecx/promod-vitrine.git
   0ae0033..277f672  main -> main
60 ofertas escritas em index.html.
Vitrine publicada com sucesso.
[main b34dcba] Atualiza vitrine - 24/09/2026 05:45
 2 files changed, 7 insertions(+), 1 deletion(-)
To github.com:gestordecx/promod-vitrine.git
   277f672..b34dcba  main -> main
60 ofertas escritas em index.html.
Vitrine publicada com sucesso.
[main d8660be] Atualiza vitrine - 24/09/2026 06:00
 2 files changed, 7 insertions(+), 1 deletion(-)
To github.com:gestordecx/promod-vitrine.git
   b34dcba..d8660be  main -> main
60 ofertas escritas em index.html.
Vitrine publicada com sucesso.
[main 5bbb149] Atualiza vitrine - 24/09/2026 06:15
 2 files changed, 24 insertions(+), 18 deletions(-)
To github.com:gestordecx/promod-vitrine.git
   d8660be..5bbb149  main -> main
60 ofertas escritas em index.html.
Vitrine publicada com sucesso.
[main fff2e84] Atualiza vitrine - 24/09/2026 06:30
 2 files changed, 39 insertions(+), 33 deletions(-)
To github.com:gestordecx/promod-vitrine.git
   5bbb149..fff2e84  main -> main
60 ofertas escritas em index.html.
Vitrine publicada com sucesso.
[main 93fd5f5] Atualiza vitrine - 24/09/2026 06:45
 2 files changed, 74 insertions(+), 71 deletions(-)
To github.com:gestordecx/promod-vitrine.git
   fff2e84..93fd5f5  main -> main
60 ofertas escritas em index.html.
Vitrine publicada com sucesso.
[main e286b22] Atualiza vitrine - 24/09/2026 07:00
 2 files changed, 43 insertions(+), 35 deletions(-)
To github.com:gestordecx/promod-vitrine.git
   93fd5f5..e286b22  main -> main
60 ofertas escritas em index.html.
Vitrine publicada com sucesso.
[main 5200bb0] Atualiza vitrine - 24/09/2026 07:15
 2 files changed, 41 insertions(+), 35 deletions(-)
To github.com:gestordecx/promod-vitrine.git
   e286b22..5200bb0  main -> main
60 ofertas escritas em index.html.
Vitrine publicada com sucesso.
[main e63fbce] Atualiza vitrine - 24/09/2026 07:30
 2 files changed, 56 insertions(+), 50 deletions(-)
To github.com:gestordecx/promod-vitrine.git
   5200bb0..e63fbce  main -> main
60 ofertas escritas em index.html.
Vitrine publicada com sucesso.
[main 006ad0e] Atualiza vitrine - 24/09/2026 07:45
 2 files changed, 110 insertions(+), 101 deletions(-)
To github.com:gestordecx/promod-vitrine.git
   e63fbce..006ad0e  main -> main
60 ofertas escritas em index.html.
Vitrine publicada com sucesso.
[main 9b0d2e0] Atualiza vitrine - 24/09/2026 08:00
 2 files changed, 124 insertions(+), 118 deletions(-)
To github.com:gestordecx/promod-vitrine.git
   006ad0e..9b0d2e0  main -> main
60 ofertas escritas em index.html.
Vitrine publicada com sucesso.
[main 27c3c05] Atualiza vitrine - 24/09/2026 08:15
 2 files changed, 226 insertions(+), 221 deletions(-)
To github.com:gestordecx/promod-vitrine.git
   9b0d2e0..27c3c05  main -> main
60 ofertas escritas em index.html.
Vitrine publicada com sucesso.
[main 57bb3a2] Atualiza vitrine - 24/09/2026 08:30
 2 files changed, 56 insertions(+), 53 deletions(-)
To github.com:gestordecx/promod-vitrine.git
   27c3c05..57bb3a2  main -> main
60 ofertas escritas em index.html.
Vitrine publicada com sucesso.
[main f350994] Atualiza vitrine - 24/09/2026 08:45
 2 files changed, 55 insertions(+), 49 deletions(-)
To github.com:gestordecx/promod-vitrine.git
   57bb3a2..f350994  main -> main
60 ofertas escritas em index.html.
Vitrine publicada com sucesso.
[main 19dd974] Atualiza vitrine - 24/09/2026 09:00
 2 files changed, 209 insertions(+), 200 deletions(-)
To github.com:gestordecx/promod-vitrine.git
   f350994..19dd974  main -> main
60 ofertas escritas em index.html.
Vitrine publicada com sucesso.
[main 43565c6] Atualiza vitrine - 24/09/2026 09:15
 2 files changed, 261 insertions(+), 255 deletions(-)
To github.com:gestordecx/promod-vitrine.git
   19dd974..43565c6  main -> main
60 ofertas escritas em index.html.
Vitrine publicada com sucesso.
[main 60ab899] Atualiza vitrine - 24/09/2026 09:30
 2 files changed, 39 insertions(+), 33 deletions(-)
To github.com:gestordecx/promod-vitrine.git
   43565c6..60ab899  main -> main
60 ofertas escritas em index.html.
Vitrine publicada com sucesso.
[main c25f420] Atualiza vitrine - 24/09/2026 09:45
 2 files changed, 56 insertions(+), 50 deletions(-)
To github.com:gestordecx/promod-vitrine.git
   60ab899..c25f420  main -> main
60 ofertas escritas em index.html.
Vitrine publicada com sucesso.
[main 2e4fbb0] Atualiza vitrine - 24/09/2026 10:00
 2 files changed, 151 insertions(+), 146 deletions(-)
To github.com:gestordecx/promod-vitrine.git
   c25f420..2e4fbb0  main -> main
60 ofertas escritas em index.html.
Vitrine publicada com sucesso.
[main 1ebf84d] Atualiza vitrine - 24/09/2026 10:15
 2 files changed, 71 insertions(+), 65 deletions(-)
To github.com:gestordecx/promod-vitrine.git
   2e4fbb0..1ebf84d  main -> main
60 ofertas escritas em index.html.
Vitrine publicada com sucesso.
[main 90d827f] Atualiza vitrine - 24/09/2026 10:30
 2 files changed, 173 insertions(+), 168 deletions(-)
To github.com:gestordecx/promod-vitrine.git
   1ebf84d..90d827f  main -> main
60 ofertas escritas em index.html.
Vitrine publicada com sucesso.
[main 4ba8767] Atualiza vitrine - 24/09/2026 10:45
 2 files changed, 120 insertions(+), 114 deletions(-)
To github.com:gestordecx/promod-vitrine.git
   90d827f..4ba8767  main -> main
60 ofertas escritas em index.html.
Vitrine publicada com sucesso.
[main c9b767a] Atualiza vitrine - 24/09/2026 11:00
 2 files changed, 210 insertions(+), 201 deletions(-)
To github.com:gestordecx/promod-vitrine.git
   4ba8767..c9b767a  main -> main
60 ofertas escritas em index.html.
Vitrine publicada com sucesso.
[main dd3d0af] Atualiza vitrine - 24/09/2026 11:15
 2 files changed, 350 insertions(+), 347 deletions(-)
To github.com:gestordecx/promod-vitrine.git
   c9b767a..dd3d0af  main -> main
60 ofertas escritas em index.html.
Vitrine publicada com sucesso.
[main 14353df] Atualiza vitrine - 24/09/2026 11:30
 2 files changed, 90 insertions(+), 84 deletions(-)
To github.com:gestordecx/promod-vitrine.git
   dd3d0af..14353df  main -> main
60 ofertas escritas em index.html.
Vitrine publicada com sucesso.
[main c50a606] Atualiza vitrine - 24/09/2026 11:45
 2 files changed, 260 insertions(+), 254 deletions(-)
To github.com:gestordecx/promod-vitrine.git
   14353df..c50a606  main -> main
60 ofertas escritas em index.html.
Vitrine publicada com sucesso.
[main 7e30114] Atualiza vitrine - 24/09/2026 12:00
 2 files changed, 243 insertions(+), 240 deletions(-)
To github.com:gestordecx/promod-vitrine.git
   c50a606..7e30114  main -> main
60 ofertas escritas em index.html.
Vitrine publicada com sucesso.
[main ced7e4b] Atualiza vitrine - 24/09/2026 12:15
 2 files changed, 175 insertions(+), 169 deletions(-)
To github.com:gestordecx/promod-vitrine.git
   7e30114..ced7e4b  main -> main
60 ofertas escritas em index.html.
Vitrine publicada com sucesso.
[main 346004c] Atualiza vitrine - 24/09/2026 12:30
 2 files changed, 105 insertions(+), 99 deletions(-)
To github.com:gestordecx/promod-vitrine.git
   ced7e4b..346004c  main -> main
60 ofertas escritas em index.html.
Vitrine publicada com sucesso.
[main dd8d995] Atualiza vitrine - 24/09/2026 12:45
 2 files changed, 140 insertions(+), 132 deletions(-)
To github.com:gestordecx/promod-vitrine.git
   346004c..dd8d995  main -> main
60 ofertas escritas em index.html.
Vitrine publicada com sucesso.
[main f84de9a] Atualiza vitrine - 24/09/2026 13:00
 2 files changed, 191 insertions(+), 184 deletions(-)
To github.com:gestordecx/promod-vitrine.git
   dd8d995..f84de9a  main -> main
60 ofertas escritas em index.html.
Vitrine publicada com sucesso.
[main a966fca] Atualiza vitrine - 24/09/2026 13:15
 2 files changed, 174 insertions(+), 171 deletions(-)
To github.com:gestordecx/promod-vitrine.git
   f84de9a..a966fca  main -> main
60 ofertas escritas em index.html.
Vitrine publicada com sucesso.
[main 0754bd9] Atualiza vitrine - 24/09/2026 13:30
 2 files changed, 142 insertions(+), 131 deletions(-)
To github.com:gestordecx/promod-vitrine.git
   a966fca..0754bd9  main -> main
60 ofertas escritas em index.html.
Vitrine publicada com sucesso.
[main 5e1a6a3] Atualiza vitrine - 24/09/2026 13:45
 2 files changed, 196 insertions(+), 190 deletions(-)
To github.com:gestordecx/promod-vitrine.git
   0754bd9..5e1a6a3  main -> main
60 ofertas escritas em index.html.
Vitrine publicada com sucesso.
[main e2553a3] Atualiza vitrine - 24/09/2026 14:00
 2 files changed, 23 insertions(+), 17 deletions(-)
To github.com:gestordecx/promod-vitrine.git
   5e1a6a3..e2553a3  main -> main
60 ofertas escritas em index.html.
Vitrine publicada com sucesso.
[main fc2dae9] Atualiza vitrine - 24/09/2026 14:15
 2 files changed, 40 insertions(+), 34 deletions(-)
To github.com:gestordecx/promod-vitrine.git
   e2553a3..fc2dae9  main -> main
60 ofertas escritas em index.html.
Vitrine publicada com sucesso.
[main 0ea2b77] Atualiza vitrine - 24/09/2026 14:30
 2 files changed, 89 insertions(+), 86 deletions(-)
To github.com:gestordecx/promod-vitrine.git
   fc2dae9..0ea2b77  main -> main
60 ofertas escritas em index.html.
Vitrine publicada com sucesso.
[main 408a1db] Atualiza vitrine - 24/09/2026 14:45
 2 files changed, 56 insertions(+), 50 deletions(-)
To github.com:gestordecx/promod-vitrine.git
   0ea2b77..408a1db  main -> main
60 ofertas escritas em index.html.
Vitrine publicada com sucesso.
[main 6b26f88] Atualiza vitrine - 24/09/2026 15:00
 2 files changed, 41 insertions(+), 35 deletions(-)
To github.com:gestordecx/promod-vitrine.git
   408a1db..6b26f88  main -> main
60 ofertas escritas em index.html.
Vitrine publicada com sucesso.
[main 41419ca] Atualiza vitrine - 24/09/2026 15:15
 2 files changed, 105 insertions(+), 99 deletions(-)
To github.com:gestordecx/promod-vitrine.git
   6b26f88..41419ca  main -> main
60 ofertas escritas em index.html.
Vitrine publicada com sucesso.
[main 0dabe82] Atualiza vitrine - 24/09/2026 15:30
 2 files changed, 72 insertions(+), 66 deletions(-)
To github.com:gestordecx/promod-vitrine.git
   41419ca..0dabe82  main -> main
60 ofertas escritas em index.html.
Vitrine publicada com sucesso.
[main b16eaac] Atualiza vitrine - 24/09/2026 15:45
 2 files changed, 73 insertions(+), 69 deletions(-)
To github.com:gestordecx/promod-vitrine.git
   0dabe82..b16eaac  main -> main
60 ofertas escritas em index.html.
Vitrine publicada com sucesso.
[main 37a4484] Atualiza vitrine - 24/09/2026 16:00
 2 files changed, 71 insertions(+), 65 deletions(-)
To github.com:gestordecx/promod-vitrine.git
   b16eaac..37a4484  main -> main
60 ofertas escritas em index.html.
Vitrine publicada com sucesso.
[main 4cfa36b] Atualiza vitrine - 24/09/2026 16:15
 2 files changed, 23 insertions(+), 17 deletions(-)
To github.com:gestordecx/promod-vitrine.git
   37a4484..4cfa36b  main -> main
60 ofertas escritas em index.html.
Vitrine publicada com sucesso.
[main 6447123] Atualiza vitrine - 24/09/2026 16:30
 2 files changed, 73 insertions(+), 67 deletions(-)
To github.com:gestordecx/promod-vitrine.git
   4cfa36b..6447123  main -> main
60 ofertas escritas em index.html.
Vitrine publicada com sucesso.
[main 31efc62] Atualiza vitrine - 24/09/2026 16:45
 2 files changed, 123 insertions(+), 116 deletions(-)
To github.com:gestordecx/promod-vitrine.git
   6447123..31efc62  main -> main
60 ofertas escritas em index.html.
Vitrine publicada com sucesso.
[main 045d2af] Atualiza vitrine - 24/09/2026 17:00
 2 files changed, 125 insertions(+), 123 deletions(-)
To github.com:gestordecx/promod-vitrine.git
   31efc62..045d2af  main -> main
60 ofertas escritas em index.html.
Vitrine publicada com sucesso.
[main 228f13a] Atualiza vitrine - 24/09/2026 17:15
 2 files changed, 137 insertions(+), 133 deletions(-)
To github.com:gestordecx/promod-vitrine.git
   045d2af..228f13a  main -> main
60 ofertas escritas em index.html.
Vitrine publicada com sucesso.
[main 00d0784] Atualiza vitrine - 24/09/2026 17:30
 2 files changed, 7 insertions(+), 1 deletion(-)
To github.com:gestordecx/promod-vitrine.git
   228f13a..00d0784  main -> main
60 ofertas escritas em index.html.
Vitrine publicada com sucesso.
[main 2fe902f] Atualiza vitrine - 24/09/2026 17:45
 2 files changed, 7 insertions(+), 1 deletion(-)
To github.com:gestordecx/promod-vitrine.git
   00d0784..2fe902f  main -> main
60 ofertas escritas em index.html.
Vitrine publicada com sucesso.
[main ac695ab] Atualiza vitrine - 24/09/2026 18:00
 2 files changed, 7 insertions(+), 1 deletion(-)
To github.com:gestordecx/promod-vitrine.git
   2fe902f..ac695ab  main -> main
60 ofertas escritas em index.html.
Vitrine publicada com sucesso.
[main c6e5407] Atualiza vitrine - 24/09/2026 18:15
 2 files changed, 7 insertions(+), 1 deletion(-)
To github.com:gestordecx/promod-vitrine.git
   ac695ab..c6e5407  main -> main
60 ofertas escritas em index.html.
Vitrine publicada com sucesso.
[main 324e5b0] Atualiza vitrine - 24/09/2026 18:30
 2 files changed, 7 insertions(+), 1 deletion(-)
To github.com:gestordecx/promod-vitrine.git
   c6e5407..324e5b0  main -> main
60 ofertas escritas em index.html.
Vitrine publicada com sucesso.
[main 021e8a1] Atualiza vitrine - 24/09/2026 18:45
 2 files changed, 7 insertions(+), 1 deletion(-)
To github.com:gestordecx/promod-vitrine.git
   324e5b0..021e8a1  main -> main
60 ofertas escritas em index.html.
Vitrine publicada com sucesso.
[main e5e97e5] Atualiza vitrine - 24/09/2026 19:00
 2 files changed, 7 insertions(+), 1 deletion(-)
To github.com:gestordecx/promod-vitrine.git
   021e8a1..e5e97e5  main -> main
60 ofertas escritas em index.html.
Vitrine publicada com sucesso.
[main d1e7e61] Atualiza vitrine - 24/09/2026 19:15
 2 files changed, 7 insertions(+), 1 deletion(-)
To github.com:gestordecx/promod-vitrine.git
   e5e97e5..d1e7e61  main -> main
60 ofertas escritas em index.html.
Vitrine publicada com sucesso.
[main 2fbed53] Atualiza vitrine - 24/09/2026 19:30
 2 files changed, 7 insertions(+), 1 deletion(-)
To github.com:gestordecx/promod-vitrine.git
   d1e7e61..2fbed53  main -> main
60 ofertas escritas em index.html.
Vitrine publicada com sucesso.
[main e4f6aa3] Atualiza vitrine - 24/09/2026 19:45
 2 files changed, 7 insertions(+), 1 deletion(-)
To github.com:gestordecx/promod-vitrine.git
   2fbed53..e4f6aa3  main -> main
60 ofertas escritas em index.html.
Vitrine publicada com sucesso.
[main c5ed439] Atualiza vitrine - 24/09/2026 20:00
 2 files changed, 7 insertions(+), 1 deletion(-)
To github.com:gestordecx/promod-vitrine.git
   e4f6aa3..c5ed439  main -> main
60 ofertas escritas em index.html.
Vitrine publicada com sucesso.
[main ed69468] Atualiza vitrine - 24/09/2026 20:15
 2 files changed, 7 insertions(+), 1 deletion(-)
To github.com:gestordecx/promod-vitrine.git
   c5ed439..ed69468  main -> main
60 ofertas escritas em index.html.
Vitrine publicada com sucesso.
[main 7395ccb] Atualiza vitrine - 24/09/2026 20:30
 2 files changed, 7 insertions(+), 1 deletion(-)
To github.com:gestordecx/promod-vitrine.git
   ed69468..7395ccb  main -> main
60 ofertas escritas em index.html.
Vitrine publicada com sucesso.
[main 23abefa] Atualiza vitrine - 24/09/2026 20:45
 2 files changed, 7 insertions(+), 1 deletion(-)
To github.com:gestordecx/promod-vitrine.git
   7395ccb..23abefa  main -> main
60 ofertas escritas em index.html.
Vitrine publicada com sucesso.
[main dea1c5c] Atualiza vitrine - 24/09/2026 21:00
 2 files changed, 7 insertions(+), 1 deletion(-)
To github.com:gestordecx/promod-vitrine.git
   23abefa..dea1c5c  main -> main
60 ofertas escritas em index.html.
Vitrine publicada com sucesso.
[main 5e2155f] Atualiza vitrine - 24/09/2026 21:15
 2 files changed, 7 insertions(+), 1 deletion(-)
To github.com:gestordecx/promod-vitrine.git
   dea1c5c..5e2155f  main -> main
60 ofertas escritas em index.html.
Vitrine publicada com sucesso.
[main 369fbd9] Atualiza vitrine - 24/09/2026 21:30
 2 files changed, 7 insertions(+), 1 deletion(-)
To github.com:gestordecx/promod-vitrine.git
   5e2155f..369fbd9  main -> main
60 ofertas escritas em index.html.
Vitrine publicada com sucesso.
[main 2a8221f] Atualiza vitrine - 24/09/2026 21:45
 2 files changed, 7 insertions(+), 1 deletion(-)
To github.com:gestordecx/promod-vitrine.git
   369fbd9..2a8221f  main -> main
60 ofertas escritas em index.html.
Vitrine publicada com sucesso.
[main 89aae00] Atualiza vitrine - 24/09/2026 22:00
 2 files changed, 7 insertions(+), 1 deletion(-)
To github.com:gestordecx/promod-vitrine.git
   2a8221f..89aae00  main -> main
60 ofertas escritas em index.html.
Vitrine publicada com sucesso.
[main 9a0a548] Atualiza vitrine - 24/09/2026 22:15
 2 files changed, 7 insertions(+), 1 deletion(-)
To github.com:gestordecx/promod-vitrine.git
   89aae00..9a0a548  main -> main
60 ofertas escritas em index.html.
Vitrine publicada com sucesso.
[main 3a21ed2] Atualiza vitrine - 24/09/2026 22:30
 2 files changed, 7 insertions(+), 1 deletion(-)
To github.com:gestordecx/promod-vitrine.git
   9a0a548..3a21ed2  main -> main
60 ofertas escritas em index.html.
Vitrine publicada com sucesso.
[main 67c974a] Atualiza vitrine - 24/09/2026 22:45
 2 files changed, 39 insertions(+), 34 deletions(-)
To github.com:gestordecx/promod-vitrine.git
   3a21ed2..67c974a  main -> main
60 ofertas escritas em index.html.
Vitrine publicada com sucesso.
[main 4e60be8] Atualiza vitrine - 24/09/2026 23:00
 2 files changed, 39 insertions(+), 35 deletions(-)
To github.com:gestordecx/promod-vitrine.git
   67c974a..4e60be8  main -> main
60 ofertas escritas em index.html.
Vitrine publicada com sucesso.
[main 0b0a9d5] Atualiza vitrine - 24/09/2026 23:15
 2 files changed, 7 insertions(+), 1 deletion(-)
To github.com:gestordecx/promod-vitrine.git
   4e60be8..0b0a9d5  main -> main
60 ofertas escritas em index.html.
Vitrine publicada com sucesso.
[main a46391d] Atualiza vitrine - 24/09/2026 23:30
 2 files changed, 7 insertions(+), 1 deletion(-)
To github.com:gestordecx/promod-vitrine.git
   0b0a9d5..a46391d  main -> main
60 ofertas escritas em index.html.
Vitrine publicada com sucesso.
[main d2a3907] Atualiza vitrine - 24/09/2026 23:45
 2 files changed, 7 insertions(+), 1 deletion(-)
To github.com:gestordecx/promod-vitrine.git
   a46391d..d2a3907  main -> main
60 ofertas escritas em index.html.
Vitrine publicada com sucesso.
[main 8f42114] Atualiza vitrine - 25/09/2026 00:00
 2 files changed, 7 insertions(+), 1 deletion(-)
To github.com:gestordecx/promod-vitrine.git
   d2a3907..8f42114  main -> main
60 ofertas escritas em index.html.
Vitrine publicada com sucesso.
[main e1d54f6] Atualiza vitrine - 25/09/2026 00:15
 2 files changed, 158 insertions(+), 152 deletions(-)
To github.com:gestordecx/promod-vitrine.git
   8f42114..e1d54f6  main -> main
60 ofertas escritas em index.html.
Vitrine publicada com sucesso.
[main 479299a] Atualiza vitrine - 25/09/2026 00:30
 2 files changed, 106 insertions(+), 100 deletions(-)
To github.com:gestordecx/promod-vitrine.git
   e1d54f6..479299a  main -> main
60 ofertas escritas em index.html.
Vitrine publicada com sucesso.
[main dd8d0bd] Atualiza vitrine - 25/09/2026 00:45
 2 files changed, 162 insertions(+), 152 deletions(-)
To github.com:gestordecx/promod-vitrine.git
   479299a..dd8d0bd  main -> main
60 ofertas escritas em index.html.
Vitrine publicada com sucesso.
[main 4a01475] Atualiza vitrine - 25/09/2026 01:00
 2 files changed, 57 insertions(+), 50 deletions(-)
To github.com:gestordecx/promod-vitrine.git
   dd8d0bd..4a01475  main -> main
60 ofertas escritas em index.html.
Vitrine publicada com sucesso.
[main b73d8783] Atualiza vitrine - 25/09/2026 01:15
 2 files changed, 7 insertions(+), 1 deletion(-)
To github.com:gestordecx/promod-vitrine.git
   4a01475..b73d8783   main -> main
60 ofertas escritas em index.html.
Vitrine publicada com sucesso.
[main 125313e] Atualiza vitrine - 25/09/2026 01:30
 2 files changed, 108 insertions(+), 102 deletions(-)
To github.com:gestordecx/promod-vitrine.git
   b73d8783..125313e   main -> main
60 ofertas escritas em index.html.
Vitrine publicada com sucesso.
[main 9d300d1] Atualiza vitrine - 25/09/2026 01:45
 2 files changed, 24 insertions(+), 18 deletions(-)
To github.com:gestordecx/promod-vitrine.git
   125313e..9d300d1  main -> main
60 ofertas escritas em index.html.
Vitrine publicada com sucesso.
[main b241f8e] Atualiza vitrine - 25/09/2026 02:00
 2 files changed, 7 insertions(+), 1 deletion(-)
To github.com:gestordecx/promod-vitrine.git
   9d300d1..b241f8e  main -> main
60 ofertas escritas em index.html.
Vitrine publicada com sucesso.
[main 7c1b2cf] Atualiza vitrine - 25/09/2026 02:15
 2 files changed, 42 insertions(+), 34 deletions(-)
To github.com:gestordecx/promod-vitrine.git
   b241f8e..7c1b2cf  main -> main
60 ofertas escritas em index.html.
Vitrine publicada com sucesso.
[main 98fbd0b] Atualiza vitrine - 25/09/2026 02:30
 2 files changed, 7 insertions(+), 1 deletion(-)
To github.com:gestordecx/promod-vitrine.git
   7c1b2cf..98fbd0b  main -> main
60 ofertas escritas em index.html.
Vitrine publicada com sucesso.
[main c0d9f8a] Atualiza vitrine - 25/09/2026 02:45
 2 files changed, 7 insertions(+), 1 deletion(-)
To github.com:gestordecx/promod-vitrine.git
   98fbd0b..c0d9f8a  main -> main
60 ofertas escritas em index.html.
Vitrine publicada com sucesso.
[main 94cbb2a] Atualiza vitrine - 25/09/2026 03:00
 2 files changed, 39 insertions(+), 33 deletions(-)
To github.com:gestordecx/promod-vitrine.git
   c0d9f8a..94cbb2a  main -> main
60 ofertas escritas em index.html.
Vitrine publicada com sucesso.
[main 4428d19] Atualiza vitrine - 25/09/2026 03:15
 2 files changed, 39 insertions(+), 33 deletions(-)
To github.com:gestordecx/promod-vitrine.git
   94cbb2a..4428d19  main -> main
60 ofertas escritas em index.html.
Vitrine publicada com sucesso.
[main f2e0e74] Atualiza vitrine - 25/09/2026 03:30
 2 files changed, 7 insertions(+), 1 deletion(-)
To github.com:gestordecx/promod-vitrine.git
   4428d19..f2e0e74  main -> main
60 ofertas escritas em index.html.
Vitrine publicada com sucesso.
[main ba1e8ff] Atualiza vitrine - 25/09/2026 03:45
 2 files changed, 7 insertions(+), 1 deletion(-)
To github.com:gestordecx/promod-vitrine.git
   f2e0e74..ba1e8ff  main -> main
60 ofertas escritas em index.html.
Vitrine publicada com sucesso.
[main 7f74be0] Atualiza vitrine - 25/09/2026 04:00
 2 files changed, 7 insertions(+), 1 deletion(-)
To github.com:gestordecx/promod-vitrine.git
   ba1e8ff..7f74be0  main -> main
60 ofertas escritas em index.html.
Vitrine publicada com sucesso.
[main 2f324bb] Atualiza vitrine - 25/09/2026 04:15
 2 files changed, 23 insertions(+), 17 deletions(-)
To github.com:gestordecx/promod-vitrine.git
   7f74be0..2f324bb  main -> main
60 ofertas escritas em index.html.
Vitrine publicada com sucesso.
[main 9c0986f] Atualiza vitrine - 25/09/2026 04:30
 2 files changed, 7 insertions(+), 1 deletion(-)
To github.com:gestordecx/promod-vitrine.git
   2f324bb..9c0986f  main -> main
60 ofertas escritas em index.html.
Vitrine publicada com sucesso.
[main 95fe330] Atualiza vitrine - 25/09/2026 04:45
 2 files changed, 24 insertions(+), 18 deletions(-)
To github.com:gestordecx/promod-vitrine.git
   9c0986f..95fe330  main -> main
60 ofertas escritas em index.html.
Vitrine publicada com sucesso.
[main 68a3d44] Atualiza vitrine - 25/09/2026 05:00
 2 files changed, 7 insertions(+), 1 deletion(-)
To github.com:gestordecx/promod-vitrine.git
   95fe330..68a3d44  main -> main
60 ofertas escritas em index.html.
Vitrine publicada com sucesso.
[main 3023f3c] Atualiza vitrine - 25/09/2026 05:15
 2 files changed, 108 insertions(+), 104 deletions(-)
To github.com:gestordecx/promod-vitrine.git
   68a3d44..3023f3c  main -> main
60 ofertas escritas em index.html.
Vitrine publicada com sucesso.
[main 8458323] Atualiza vitrine - 25/09/2026 05:30
 2 files changed, 7 insertions(+), 1 deletion(-)
To github.com:gestordecx/promod-vitrine.git
   3023f3c..8458323  main -> main
60 ofertas escritas em index.html.
Vitrine publicada com sucesso.
[main 270ed35] Atualiza vitrine - 25/09/2026 05:45
 2 files changed, 23 insertions(+), 17 deletions(-)
To github.com:gestordecx/promod-vitrine.git
   8458323..270ed35  main -> main
60 ofertas escritas em index.html.
Vitrine publicada com sucesso.
[main 59c3e17] Atualiza vitrine - 25/09/2026 06:00
 2 files changed, 7 insertions(+), 1 deletion(-)
To github.com:gestordecx/promod-vitrine.git
   270ed35..59c3e17  main -> main
60 ofertas escritas em index.html.
Vitrine publicada com sucesso.
[main 1aef70d] Atualiza vitrine - 25/09/2026 06:15
 2 files changed, 23 insertions(+), 20 deletions(-)
To github.com:gestordecx/promod-vitrine.git
   59c3e17..1aef70d  main -> main
60 ofertas escritas em index.html.
Vitrine publicada com sucesso.
[main 3081b27] Atualiza vitrine - 25/09/2026 06:30
 2 files changed, 7 insertions(+), 1 deletion(-)
To github.com:gestordecx/promod-vitrine.git
   1aef70d..3081b27  main -> main
60 ofertas escritas em index.html.
Vitrine publicada com sucesso.
[main 65904f2] Atualiza vitrine - 25/09/2026 06:45
 2 files changed, 39 insertions(+), 33 deletions(-)
To github.com:gestordecx/promod-vitrine.git
   3081b27..65904f2  main -> main
60 ofertas escritas em index.html.
Vitrine publicada com sucesso.
[main e8fed59] Atualiza vitrine - 25/09/2026 07:00
 2 files changed, 7 insertions(+), 1 deletion(-)
To github.com:gestordecx/promod-vitrine.git
   65904f2..e8fed59  main -> main
60 ofertas escritas em index.html.
Vitrine publicada com sucesso.
[main 6834ccb] Atualiza vitrine - 25/09/2026 07:15
 2 files changed, 23 insertions(+), 17 deletions(-)
To github.com:gestordecx/promod-vitrine.git
   e8fed59..6834ccb  main -> main
60 ofertas escritas em index.html.
Vitrine publicada com sucesso.
[main 8cf947e] Atualiza vitrine - 25/09/2026 07:30
 2 files changed, 106 insertions(+), 103 deletions(-)
To github.com:gestordecx/promod-vitrine.git
   6834ccb..8cf947e  main -> main
60 ofertas escritas em index.html.
Vitrine publicada com sucesso.
[main 22af7a2] Atualiza vitrine - 25/09/2026 07:45
 2 files changed, 227 insertions(+), 223 deletions(-)
To github.com:gestordecx/promod-vitrine.git
   8cf947e..22af7a2  main -> main
60 ofertas escritas em index.html.
Vitrine publicada com sucesso.
[main 6accb81] Atualiza vitrine - 25/09/2026 08:00
 2 files changed, 73 insertions(+), 67 deletions(-)
To github.com:gestordecx/promod-vitrine.git
   22af7a2..6accb81  main -> main
60 ofertas escritas em index.html.
Vitrine publicada com sucesso.
[main e552358] Atualiza vitrine - 25/09/2026 08:15
 2 files changed, 39 insertions(+), 33 deletions(-)
To github.com:gestordecx/promod-vitrine.git
   6accb81..e552358  main -> main
60 ofertas escritas em index.html.
Vitrine publicada com sucesso.
[main 7621531] Atualiza vitrine - 25/09/2026 08:30
 2 files changed, 78 insertions(+), 65 deletions(-)
To github.com:gestordecx/promod-vitrine.git
   e552358..7621531  main -> main
60 ofertas escritas em index.html.
Vitrine publicada com sucesso.
[main 5ab9c82] Atualiza vitrine - 25/09/2026 08:45
 2 files changed, 125 insertions(+), 118 deletions(-)
To github.com:gestordecx/promod-vitrine.git
   7621531..5ab9c82  main -> main
60 ofertas escritas em index.html.
Vitrine publicada com sucesso.
[main 81d9a42] Atualiza vitrine - 25/09/2026 09:00
 2 files changed, 91 insertions(+), 83 deletions(-)
To github.com:gestordecx/promod-vitrine.git
   5ab9c82..81d9a42  main -> main
60 ofertas escritas em index.html.
Vitrine publicada com sucesso.
[main 50ebf3a] Atualiza vitrine - 25/09/2026 09:15
 2 files changed, 318 insertions(+), 312 deletions(-)
To github.com:gestordecx/promod-vitrine.git
   81d9a42..50ebf3a  main -> main
60 ofertas escritas em index.html.
Vitrine publicada com sucesso.
[main 7886241] Atualiza vitrine - 25/09/2026 09:30
 2 files changed, 313 insertions(+), 307 deletions(-)
To github.com:gestordecx/promod-vitrine.git
   50ebf3a..7886241  main -> main
60 ofertas escritas em index.html.
Vitrine publicada com sucesso.
[main 8b3311e] Atualiza vitrine - 25/09/2026 09:45
 2 files changed, 55 insertions(+), 49 deletions(-)
To github.com:gestordecx/promod-vitrine.git
   7886241..8b3311e  main -> main
60 ofertas escritas em index.html.
Vitrine publicada com sucesso.
[main 2328b52] Atualiza vitrine - 25/09/2026 10:00
 2 files changed, 173 insertions(+), 167 deletions(-)
To github.com:gestordecx/promod-vitrine.git
   8b3311e..2328b52  main -> main
60 ofertas escritas em index.html.
Vitrine publicada com sucesso.
[main 95d0585] Atualiza vitrine - 25/09/2026 10:15
 2 files changed, 293 insertions(+), 287 deletions(-)
To github.com:gestordecx/promod-vitrine.git
   2328b52..95d0585  main -> main
60 ofertas escritas em index.html.
Vitrine publicada com sucesso.
[main 7b9c032] Atualiza vitrine - 25/09/2026 10:30
 2 files changed, 152 insertions(+), 146 deletions(-)
To github.com:gestordecx/promod-vitrine.git
   95d0585..7b9c032  main -> main
60 ofertas escritas em index.html.
Vitrine publicada com sucesso.
[main 5d22e58] Atualiza vitrine - 25/09/2026 10:45
 2 files changed, 214 insertions(+), 204 deletions(-)
To github.com:gestordecx/promod-vitrine.git
   7b9c032..5d22e58  main -> main
60 ofertas escritas em index.html.
Vitrine publicada com sucesso.
[main 71d5add] Atualiza vitrine - 25/09/2026 11:00
 2 files changed, 122 insertions(+), 116 deletions(-)
To github.com:gestordecx/promod-vitrine.git
   5d22e58..71d5add  main -> main
60 ofertas escritas em index.html.
Vitrine publicada com sucesso.
[main 55169a2] Atualiza vitrine - 25/09/2026 11:15
 2 files changed, 337 insertions(+), 324 deletions(-)
To github.com:gestordecx/promod-vitrine.git
   71d5add..55169a2  main -> main
60 ofertas escritas em index.html.
Vitrine publicada com sucesso.
[main 56235ff] Atualiza vitrine - 25/09/2026 11:30
 2 files changed, 108 insertions(+), 103 deletions(-)
To github.com:gestordecx/promod-vitrine.git
   55169a2..56235ff  main -> main
60 ofertas escritas em index.html.
Vitrine publicada com sucesso.
[main fe21cdb] Atualiza vitrine - 25/09/2026 11:45
 2 files changed, 142 insertions(+), 137 deletions(-)
To github.com:gestordecx/promod-vitrine.git
   56235ff..fe21cdb  main -> main
60 ofertas escritas em index.html.
Vitrine publicada com sucesso.
[main e30d61a] Atualiza vitrine - 25/09/2026 12:00
 2 files changed, 72 insertions(+), 66 deletions(-)
To github.com:gestordecx/promod-vitrine.git
   fe21cdb..e30d61a  main -> main
60 ofertas escritas em index.html.
Vitrine publicada com sucesso.
[main 9199066] Atualiza vitrine - 25/09/2026 12:15
 2 files changed, 23 insertions(+), 20 deletions(-)
To github.com:gestordecx/promod-vitrine.git
   e30d61a..9199066  main -> main
60 ofertas escritas em index.html.
Vitrine publicada com sucesso.
[main 6944a59] Atualiza vitrine - 25/09/2026 12:30
 2 files changed, 87 insertions(+), 81 deletions(-)
To github.com:gestordecx/promod-vitrine.git
   9199066..6944a59  main -> main
60 ofertas escritas em index.html.
Vitrine publicada com sucesso.
[main 38e52cb] Atualiza vitrine - 25/09/2026 12:45
 2 files changed, 23 insertions(+), 17 deletions(-)
To github.com:gestordecx/promod-vitrine.git
   6944a59..38e52cb  main -> main
60 ofertas escritas em index.html.
Vitrine publicada com sucesso.
[main 20ff6af] Atualiza vitrine - 25/09/2026 13:00
 2 files changed, 151 insertions(+), 145 deletions(-)
To github.com:gestordecx/promod-vitrine.git
   38e52cb..20ff6af  main -> main
60 ofertas escritas em index.html.
Vitrine publicada com sucesso.
[main 50b2a03] Atualiza vitrine - 25/09/2026 13:15
 2 files changed, 140 insertions(+), 137 deletions(-)
To github.com:gestordecx/promod-vitrine.git
   20ff6af..50b2a03  main -> main
60 ofertas escritas em index.html.
Vitrine publicada com sucesso.
[main b972f32] Atualiza vitrine - 25/09/2026 13:30
 2 files changed, 106 insertions(+), 100 deletions(-)
To github.com:gestordecx/promod-vitrine.git
   50b2a03..b972f32  main -> main
60 ofertas escritas em index.html.
Vitrine publicada com sucesso.
[main 08d3b04] Atualiza vitrine - 25/09/2026 13:45
 2 files changed, 23 insertions(+), 17 deletions(-)
To github.com:gestordecx/promod-vitrine.git
   b972f32..08d3b04  main -> main
60 ofertas escritas em index.html.
Vitrine publicada com sucesso.
[main b790605] Atualiza vitrine - 25/09/2026 14:00
 2 files changed, 73 insertions(+), 67 deletions(-)
To github.com:gestordecx/promod-vitrine.git
   08d3b04..b790605  main -> main
60 ofertas escritas em index.html.
Vitrine publicada com sucesso.
[main a070c01] Atualiza vitrine - 25/09/2026 14:15
 2 files changed, 274 insertions(+), 268 deletions(-)
To github.com:gestordecx/promod-vitrine.git
   b790605..a070c01  main -> main
60 ofertas escritas em index.html.
Vitrine publicada com sucesso.
[main 73ea8c4] Atualiza vitrine - 25/09/2026 14:30
 2 files changed, 87 insertions(+), 81 deletions(-)
To github.com:gestordecx/promod-vitrine.git
   a070c01..73ea8c4  main -> main
60 ofertas escritas em index.html.
Vitrine publicada com sucesso.
[main 3cc2e39] Atualiza vitrine - 25/09/2026 14:45
 2 files changed, 71 insertions(+), 65 deletions(-)
To github.com:gestordecx/promod-vitrine.git
   73ea8c4..3cc2e39  main -> main
60 ofertas escritas em index.html.
Vitrine publicada com sucesso.
[main 1de5ffb] Atualiza vitrine - 25/09/2026 15:00
 2 files changed, 71 insertions(+), 65 deletions(-)
To github.com:gestordecx/promod-vitrine.git
   3cc2e39..1de5ffb  main -> main
60 ofertas escritas em index.html.
Vitrine publicada com sucesso.
[main 1fb289c] Atualiza vitrine - 25/09/2026 15:15
 2 files changed, 157 insertions(+), 149 deletions(-)
To github.com:gestordecx/promod-vitrine.git
   1de5ffb..1fb289c  main -> main
60 ofertas escritas em index.html.
Vitrine publicada com sucesso.
[main 636ac17] Atualiza vitrine - 25/09/2026 15:30
 2 files changed, 71 insertions(+), 65 deletions(-)
To github.com:gestordecx/promod-vitrine.git
   1fb289c..636ac17  main -> main
60 ofertas escritas em index.html.
Vitrine publicada com sucesso.
[main c83ebf8] Atualiza vitrine - 25/09/2026 15:45
 2 files changed, 87 insertions(+), 81 deletions(-)
To github.com:gestordecx/promod-vitrine.git
   636ac17..c83ebf8  main -> main
60 ofertas escritas em index.html.
Vitrine publicada com sucesso.
[main a109f70] Atualiza vitrine - 25/09/2026 16:00
 2 files changed, 151 insertions(+), 148 deletions(-)
To github.com:gestordecx/promod-vitrine.git
   c83ebf8..a109f70  main -> main
60 ofertas escritas em index.html.
Vitrine publicada com sucesso.
[main 75707b0] Atualiza vitrine - 25/09/2026 16:15
 2 files changed, 135 insertions(+), 130 deletions(-)
To github.com:gestordecx/promod-vitrine.git
   a109f70..75707b0  main -> main
60 ofertas escritas em index.html.
Vitrine publicada com sucesso.
[main 7a641b9] Atualiza vitrine - 25/09/2026 16:30
 2 files changed, 241 insertions(+), 235 deletions(-)
To github.com:gestordecx/promod-vitrine.git
   75707b0..7a641b9  main -> main
60 ofertas escritas em index.html.
Vitrine publicada com sucesso.
[main 304e57c] Atualiza vitrine - 25/09/2026 16:45
 2 files changed, 323 insertions(+), 320 deletions(-)
To github.com:gestordecx/promod-vitrine.git
   7a641b9..304e57c  main -> main
60 ofertas escritas em index.html.
Vitrine publicada com sucesso.
[main 3d9f7d0] Atualiza vitrine - 25/09/2026 17:00
 2 files changed, 141 insertions(+), 139 deletions(-)
To github.com:gestordecx/promod-vitrine.git
   304e57c..3d9f7d0  main -> main
60 ofertas escritas em index.html.
Vitrine publicada com sucesso.
[main ddeeab7] Atualiza vitrine - 25/09/2026 17:15
 2 files changed, 224 insertions(+), 218 deletions(-)
To github.com:gestordecx/promod-vitrine.git
   3d9f7d0..ddeeab7  main -> main
60 ofertas escritas em index.html.
Vitrine publicada com sucesso.
[main 0084700] Atualiza vitrine - 25/09/2026 17:30
 2 files changed, 208 insertions(+), 202 deletions(-)
To github.com:gestordecx/promod-vitrine.git
   ddeeab7..0084700  main -> main
60 ofertas escritas em index.html.
Vitrine publicada com sucesso.
[main 41bfafc] Atualiza vitrine - 25/09/2026 17:45
 2 files changed, 211 insertions(+), 205 deletions(-)
To github.com:gestordecx/promod-vitrine.git
   0084700..41bfafc  main -> main
60 ofertas escritas em index.html.
Vitrine publicada com sucesso.
[main 38c2d02] Atualiza vitrine - 25/09/2026 18:00
 2 files changed, 74 insertions(+), 68 deletions(-)
To github.com:gestordecx/promod-vitrine.git
   41bfafc..38c2d02  main -> main
60 ofertas escritas em index.html.
Vitrine publicada com sucesso.
[main bafe92c] Atualiza vitrine - 25/09/2026 18:15
 2 files changed, 266 insertions(+), 268 deletions(-)
To github.com:gestordecx/promod-vitrine.git
   38c2d02..bafe92c  main -> main
60 ofertas escritas em index.html.
Vitrine publicada com sucesso.
[main c78a60f] Atualiza vitrine - 25/09/2026 18:30
 2 files changed, 172 insertions(+), 166 deletions(-)
To github.com:gestordecx/promod-vitrine.git
   bafe92c..c78a60f  main -> main
60 ofertas escritas em index.html.
Vitrine publicada com sucesso.
[main 6c235cc] Atualiza vitrine - 25/09/2026 18:45
 2 files changed, 55 insertions(+), 50 deletions(-)
To github.com:gestordecx/promod-vitrine.git
   c78a60f..6c235cc  main -> main
60 ofertas escritas em index.html.
Vitrine publicada com sucesso.
[main 5c29e9f] Atualiza vitrine - 25/09/2026 19:00
 2 files changed, 56 insertions(+), 50 deletions(-)
To github.com:gestordecx/promod-vitrine.git
   6c235cc..5c29e9f  main -> main
60 ofertas escritas em index.html.
Vitrine publicada com sucesso.
[main 731887f] Atualiza vitrine - 25/09/2026 19:15
 2 files changed, 156 insertions(+), 151 deletions(-)
To github.com:gestordecx/promod-vitrine.git
   5c29e9f..731887f  main -> main
60 ofertas escritas em index.html.
Vitrine publicada com sucesso.
[main c0b44dd] Atualiza vitrine - 25/09/2026 19:30
 2 files changed, 88 insertions(+), 82 deletions(-)
To github.com:gestordecx/promod-vitrine.git
   731887f..c0b44dd  main -> main
60 ofertas escritas em index.html.
Vitrine publicada com sucesso.
[main 5f799a1] Atualiza vitrine - 25/09/2026 19:45
 2 files changed, 176 insertions(+), 162 deletions(-)
To github.com:gestordecx/promod-vitrine.git
   c0b44dd..5f799a1  main -> main
60 ofertas escritas em index.html.
Vitrine publicada com sucesso.
[main a24795d] Atualiza vitrine - 25/09/2026 20:00
 2 files changed, 7 insertions(+), 1 deletion(-)
To github.com:gestordecx/promod-vitrine.git
   5f799a1..a24795d  main -> main
60 ofertas escritas em index.html.
Vitrine publicada com sucesso.
[main c00f26e] Atualiza vitrine - 25/09/2026 20:15
 2 files changed, 7 insertions(+), 1 deletion(-)
To github.com:gestordecx/promod-vitrine.git
   a24795d..c00f26e  main -> main
60 ofertas escritas em index.html.
Vitrine publicada com sucesso.
[main 867379f] Atualiza vitrine - 25/09/2026 20:30
 2 files changed, 7 insertions(+), 1 deletion(-)
To github.com:gestordecx/promod-vitrine.git
   c00f26e..867379f  main -> main
60 ofertas escritas em index.html.
Vitrine publicada com sucesso.
[main 06f08cb] Atualiza vitrine - 25/09/2026 20:45
 2 files changed, 7 insertions(+), 1 deletion(-)
To github.com:gestordecx/promod-vitrine.git
   867379f..06f08cb  main -> main
60 ofertas escritas em index.html.
Vitrine publicada com sucesso.
[main e1e41fd] Atualiza vitrine - 25/09/2026 21:00
 2 files changed, 7 insertions(+), 1 deletion(-)
To github.com:gestordecx/promod-vitrine.git
   06f08cb..e1e41fd  main -> main
60 ofertas escritas em index.html.
Vitrine publicada com sucesso.
[main 522ae48] Atualiza vitrine - 25/09/2026 21:15
 2 files changed, 7 insertions(+), 1 deletion(-)
To github.com:gestordecx/promod-vitrine.git
   e1e41fd..522ae48  main -> main
60 ofertas escritas em index.html.
Vitrine publicada com sucesso.
[main bc59b19] Atualiza vitrine - 25/09/2026 21:30
 2 files changed, 7 insertions(+), 1 deletion(-)
To github.com:gestordecx/promod-vitrine.git
   522ae48..bc59b19  main -> main
60 ofertas escritas em index.html.
Vitrine publicada com sucesso.
[main 5a7c2dd] Atualiza vitrine - 25/09/2026 21:45
 2 files changed, 7 insertions(+), 1 deletion(-)
To github.com:gestordecx/promod-vitrine.git
   bc59b19..5a7c2dd  main -> main
60 ofertas escritas em index.html.
Vitrine publicada com sucesso.
[main 1253e34] Atualiza vitrine - 25/09/2026 22:00
 2 files changed, 7 insertions(+), 1 deletion(-)
To github.com:gestordecx/promod-vitrine.git
   5a7c2dd..1253e34  main -> main
60 ofertas escritas em index.html.
Vitrine publicada com sucesso.
[main c4576d3] Atualiza vitrine - 25/09/2026 22:15
 2 files changed, 23 insertions(+), 18 deletions(-)
To github.com:gestordecx/promod-vitrine.git
   1253e34..c4576d3  main -> main
60 ofertas escritas em index.html.
Vitrine publicada com sucesso.
[main ea34bd5] Atualiza vitrine - 25/09/2026 22:30
 2 files changed, 7 insertions(+), 1 deletion(-)
To github.com:gestordecx/promod-vitrine.git
   c4576d3..ea34bd5  main -> main
60 ofertas escritas em index.html.
Vitrine publicada com sucesso.
[main 0601329] Atualiza vitrine - 25/09/2026 22:45
 2 files changed, 7 insertions(+), 1 deletion(-)
To github.com:gestordecx/promod-vitrine.git
   ea34bd5..0601329  main -> main
60 ofertas escritas em index.html.
Vitrine publicada com sucesso.
[main 3c3d24f] Atualiza vitrine - 25/09/2026 23:00
 2 files changed, 7 insertions(+), 1 deletion(-)
To github.com:gestordecx/promod-vitrine.git
   0601329..3c3d24f  main -> main
60 ofertas escritas em index.html.
Vitrine publicada com sucesso.
[main 5aaae2c] Atualiza vitrine - 25/09/2026 23:15
 2 files changed, 7 insertions(+), 1 deletion(-)
To github.com:gestordecx/promod-vitrine.git
   3c3d24f..5aaae2c  main -> main
60 ofertas escritas em index.html.
Vitrine publicada com sucesso.
[main 5b8a3be] Atualiza vitrine - 25/09/2026 23:30
 2 files changed, 7 insertions(+), 1 deletion(-)
To github.com:gestordecx/promod-vitrine.git
   5aaae2c..5b8a3be  main -> main
60 ofertas escritas em index.html.
Vitrine publicada com sucesso.
[main 7adcddf] Atualiza vitrine - 25/09/2026 23:45
 2 files changed, 7 insertions(+), 1 deletion(-)
To github.com:gestordecx/promod-vitrine.git
   5b8a3be..7adcddf  main -> main
60 ofertas escritas em index.html.
Vitrine publicada com sucesso.
[main 9826add] Atualiza vitrine - 26/09/2026 00:00
 2 files changed, 8 insertions(+), 2 deletions(-)
To github.com:gestordecx/promod-vitrine.git
   7adcddf..9826add  main -> main
60 ofertas escritas em index.html.
Vitrine publicada com sucesso.
[main d92ff21] Atualiza vitrine - 26/09/2026 00:15
 2 files changed, 157 insertions(+), 151 deletions(-)
To github.com:gestordecx/promod-vitrine.git
   9826add..d92ff21  main -> main
60 ofertas escritas em index.html.
Vitrine publicada com sucesso.
[main 7a9518a] Atualiza vitrine - 26/09/2026 00:30
 2 files changed, 284 insertions(+), 277 deletions(-)
To github.com:gestordecx/promod-vitrine.git
   d92ff21..7a9518a  main -> main
60 ofertas escritas em index.html.
Vitrine publicada com sucesso.
[main 2b32232] Atualiza vitrine - 26/09/2026 00:45
 2 files changed, 75 insertions(+), 69 deletions(-)
To github.com:gestordecx/promod-vitrine.git
   7a9518a..2b32232  main -> main
60 ofertas escritas em index.html.
Vitrine publicada com sucesso.
[main b4a643d] Atualiza vitrine - 26/09/2026 01:00
 2 files changed, 95 insertions(+), 85 deletions(-)
To github.com:gestordecx/promod-vitrine.git
   2b32232..b4a643d  main -> main
60 ofertas escritas em index.html.
Vitrine publicada com sucesso.
[main 47f707c] Atualiza vitrine - 26/09/2026 01:15
 2 files changed, 7 insertions(+), 1 deletion(-)
To github.com:gestordecx/promod-vitrine.git
   b4a643d..47f707c  main -> main
60 ofertas escritas em index.html.
Vitrine publicada com sucesso.
[main 1019881] Atualiza vitrine - 26/09/2026 01:30
 2 files changed, 92 insertions(+), 86 deletions(-)
To github.com:gestordecx/promod-vitrine.git
   47f707c..1019881  main -> main
60 ofertas escritas em index.html.
Vitrine publicada com sucesso.
[main 71b48d7] Atualiza vitrine - 26/09/2026 01:45
 2 files changed, 7 insertions(+), 1 deletion(-)
To github.com:gestordecx/promod-vitrine.git
   1019881..71b48d7  main -> main
60 ofertas escritas em index.html.
Vitrine publicada com sucesso.
[main 0da1670] Atualiza vitrine - 26/09/2026 02:00
 2 files changed, 24 insertions(+), 18 deletions(-)
To github.com:gestordecx/promod-vitrine.git
   71b48d7..0da1670  main -> main
60 ofertas escritas em index.html.
Vitrine publicada com sucesso.
[main 62c52af] Atualiza vitrine - 26/09/2026 02:15
 2 files changed, 205 insertions(+), 203 deletions(-)
To github.com:gestordecx/promod-vitrine.git
   0da1670..62c52af  main -> main
60 ofertas escritas em index.html.
Vitrine publicada com sucesso.
[main e6eb0c0] Atualiza vitrine - 26/09/2026 02:30
 2 files changed, 143 insertions(+), 137 deletions(-)
To github.com:gestordecx/promod-vitrine.git
   62c52af..e6eb0c0  main -> main
60 ofertas escritas em index.html.
Vitrine publicada com sucesso.
[main 0380384] Atualiza vitrine - 26/09/2026 02:45
 2 files changed, 7 insertions(+), 1 deletion(-)
To github.com:gestordecx/promod-vitrine.git
   e6eb0c0..0380384  main -> main
60 ofertas escritas em index.html.
Vitrine publicada com sucesso.
[main f419dc3] Atualiza vitrine - 26/09/2026 03:00
 2 files changed, 7 insertions(+), 1 deletion(-)
To github.com:gestordecx/promod-vitrine.git
   0380384..f419dc3  main -> main
60 ofertas escritas em index.html.
Vitrine publicada com sucesso.
[main 47b6a96] Atualiza vitrine - 26/09/2026 03:15
 2 files changed, 23 insertions(+), 17 deletions(-)
To github.com:gestordecx/promod-vitrine.git
   f419dc3..47b6a96  main -> main
60 ofertas escritas em index.html.
Vitrine publicada com sucesso.
[main d2fd81f] Atualiza vitrine - 26/09/2026 03:30
 2 files changed, 7 insertions(+), 1 deletion(-)
To github.com:gestordecx/promod-vitrine.git
   47b6a96..d2fd81f  main -> main
60 ofertas escritas em index.html.
Vitrine publicada com sucesso.
[main aa5ebeb] Atualiza vitrine - 26/09/2026 03:45
 2 files changed, 7 insertions(+), 1 deletion(-)
To github.com:gestordecx/promod-vitrine.git
   d2fd81f..aa5ebeb  main -> main
60 ofertas escritas em index.html.
Vitrine publicada com sucesso.
[main e591915] Atualiza vitrine - 26/09/2026 04:00
 2 files changed, 7 insertions(+), 1 deletion(-)
To github.com:gestordecx/promod-vitrine.git
   aa5ebeb..e591915  main -> main
60 ofertas escritas em index.html.
Vitrine publicada com sucesso.
[main 81cc3d7] Atualiza vitrine - 26/09/2026 04:15
 2 files changed, 24 insertions(+), 18 deletions(-)
To github.com:gestordecx/promod-vitrine.git
   e591915..81cc3d7  main -> main
60 ofertas escritas em index.html.
Vitrine publicada com sucesso.
[main ead61c2] Atualiza vitrine - 26/09/2026 04:30
 2 files changed, 24 insertions(+), 18 deletions(-)
To github.com:gestordecx/promod-vitrine.git
   81cc3d7..ead61c2  main -> main
60 ofertas escritas em index.html.
Vitrine publicada com sucesso.
[main 1e81f36] Atualiza vitrine - 26/09/2026 04:45
 2 files changed, 7 insertions(+), 1 deletion(-)
To github.com:gestordecx/promod-vitrine.git
   ead61c2..1e81f36  main -> main
60 ofertas escritas em index.html.
Vitrine publicada com sucesso.
[main 24387b7] Atualiza vitrine - 26/09/2026 05:00
 2 files changed, 7 insertions(+), 1 deletion(-)
To github.com:gestordecx/promod-vitrine.git
   1e81f36..24387b7  main -> main
60 ofertas escritas em index.html.
Vitrine publicada com sucesso.
[main 48dc73c] Atualiza vitrine - 26/09/2026 05:15
 2 files changed, 39 insertions(+), 33 deletions(-)
To github.com:gestordecx/promod-vitrine.git
   24387b7..48dc73c  main -> main
60 ofertas escritas em index.html.
Vitrine publicada com sucesso.
[main 943af16] Atualiza vitrine - 26/09/2026 05:30
 2 files changed, 24 insertions(+), 18 deletions(-)
To github.com:gestordecx/promod-vitrine.git
   48dc73c..943af16  main -> main
60 ofertas escritas em index.html.
Vitrine publicada com sucesso.
[main fb3ccb5] Atualiza vitrine - 26/09/2026 05:45
 2 files changed, 7 insertions(+), 1 deletion(-)
To github.com:gestordecx/promod-vitrine.git
   943af16..fb3ccb5  main -> main
60 ofertas escritas em index.html.
Vitrine publicada com sucesso.
[main c349236] Atualiza vitrine - 26/09/2026 06:00
 2 files changed, 39 insertions(+), 33 deletions(-)
To github.com:gestordecx/promod-vitrine.git
   fb3ccb5..c349236  main -> main
60 ofertas escritas em index.html.
Vitrine publicada com sucesso.
[main 44da68a] Atualiza vitrine - 26/09/2026 06:15
 2 files changed, 7 insertions(+), 1 deletion(-)
To github.com:gestordecx/promod-vitrine.git
   c349236..44da68a  main -> main
60 ofertas escritas em index.html.
Vitrine publicada com sucesso.
[main a980378] Atualiza vitrine - 26/09/2026 06:30
 2 files changed, 23 insertions(+), 17 deletions(-)
To github.com:gestordecx/promod-vitrine.git
   44da68a..a980378  main -> main
60 ofertas escritas em index.html.
Vitrine publicada com sucesso.
[main d4b629a] Atualiza vitrine - 26/09/2026 06:45
 2 files changed, 91 insertions(+), 85 deletions(-)
To github.com:gestordecx/promod-vitrine.git
   a980378..d4b629a  main -> main
60 ofertas escritas em index.html.
Vitrine publicada com sucesso.
[main 40d121e] Atualiza vitrine - 26/09/2026 07:00
 2 files changed, 7 insertions(+), 1 deletion(-)
To github.com:gestordecx/promod-vitrine.git
   d4b629a..40d121e  main -> main
60 ofertas escritas em index.html.
Vitrine publicada com sucesso.
[main 343a192] Atualiza vitrine - 26/09/2026 07:15
 2 files changed, 56 insertions(+), 50 deletions(-)
To github.com:gestordecx/promod-vitrine.git
   40d121e..343a192  main -> main
60 ofertas escritas em index.html.
Vitrine publicada com sucesso.
[main f4fe59a] Atualiza vitrine - 26/09/2026 07:30
 2 files changed, 23 insertions(+), 17 deletions(-)
To github.com:gestordecx/promod-vitrine.git
   343a192..f4fe59a  main -> main
60 ofertas escritas em index.html.
Vitrine publicada com sucesso.
[main bbc8c53] Atualiza vitrine - 26/09/2026 07:45
 2 files changed, 194 insertions(+), 187 deletions(-)
To github.com:gestordecx/promod-vitrine.git
   f4fe59a..bbc8c53  main -> main
60 ofertas escritas em index.html.
Vitrine publicada com sucesso.
[main 2366270] Atualiza vitrine - 26/09/2026 08:00
 2 files changed, 159 insertions(+), 153 deletions(-)
To github.com:gestordecx/promod-vitrine.git
   bbc8c53..2366270  main -> main
60 ofertas escritas em index.html.
Vitrine publicada com sucesso.
[main 2e511a1] Atualiza vitrine - 26/09/2026 08:15
 2 files changed, 200 insertions(+), 191 deletions(-)
To github.com:gestordecx/promod-vitrine.git
   2366270..2e511a1  main -> main
60 ofertas escritas em index.html.
Vitrine publicada com sucesso.
[main b374b6b] Atualiza vitrine - 26/09/2026 08:30
 2 files changed, 106 insertions(+), 100 deletions(-)
To github.com:gestordecx/promod-vitrine.git
   2e511a1..b374b6b  main -> main
60 ofertas escritas em index.html.
Vitrine publicada com sucesso.
[main 2308371] Atualiza vitrine - 26/09/2026 08:45
 2 files changed, 201 insertions(+), 195 deletions(-)
To github.com:gestordecx/promod-vitrine.git
   b374b6b..2308371  main -> main
60 ofertas escritas em index.html.
Vitrine publicada com sucesso.
[main 9aeb6e1] Atualiza vitrine - 26/09/2026 09:00
 2 files changed, 159 insertions(+), 153 deletions(-)
To github.com:gestordecx/promod-vitrine.git
   2308371..9aeb6e1  main -> main
60 ofertas escritas em index.html.
Vitrine publicada com sucesso.
[main 5448acc] Atualiza vitrine - 26/09/2026 09:15
 2 files changed, 126 insertions(+), 120 deletions(-)
To github.com:gestordecx/promod-vitrine.git
   9aeb6e1..5448acc  main -> main
60 ofertas escritas em index.html.
Vitrine publicada com sucesso.
[main 6a771b5] Atualiza vitrine - 26/09/2026 09:30
 2 files changed, 197 insertions(+), 191 deletions(-)
To github.com:gestordecx/promod-vitrine.git
   5448acc..6a771b5  main -> main
60 ofertas escritas em index.html.
Vitrine publicada com sucesso.
[main c036ce3] Atualiza vitrine - 26/09/2026 09:45
 2 files changed, 123 insertions(+), 117 deletions(-)
To github.com:gestordecx/promod-vitrine.git
   6a771b5..c036ce3  main -> main
60 ofertas escritas em index.html.
Vitrine publicada com sucesso.
[main a3ec479] Atualiza vitrine - 26/09/2026 10:00
 2 files changed, 40 insertions(+), 34 deletions(-)
To github.com:gestordecx/promod-vitrine.git
   c036ce3..a3ec479  main -> main
60 ofertas escritas em index.html.
Vitrine publicada com sucesso.
[main 2840f6d] Atualiza vitrine - 26/09/2026 10:15
 2 files changed, 73 insertions(+), 67 deletions(-)
To github.com:gestordecx/promod-vitrine.git
   a3ec479..2840f6d  main -> main
60 ofertas escritas em index.html.
Vitrine publicada com sucesso.
[main 5b308d4] Atualiza vitrine - 26/09/2026 10:30
 2 files changed, 189 insertions(+), 183 deletions(-)
To github.com:gestordecx/promod-vitrine.git
   2840f6d..5b308d4  main -> main
60 ofertas escritas em index.html.
Vitrine publicada com sucesso.
[main a6ce9de] Atualiza vitrine - 26/09/2026 10:45
 2 files changed, 24 insertions(+), 18 deletions(-)
To github.com:gestordecx/promod-vitrine.git
   5b308d4..a6ce9de  main -> main
60 ofertas escritas em index.html.
Vitrine publicada com sucesso.
[main fb7b6b8] Atualiza vitrine - 26/09/2026 11:00
 2 files changed, 257 insertions(+), 251 deletions(-)
To github.com:gestordecx/promod-vitrine.git
   a6ce9de..fb7b6b8  main -> main
60 ofertas escritas em index.html.
Vitrine publicada com sucesso.
[main 47d7a1c] Atualiza vitrine - 26/09/2026 11:15
 2 files changed, 106 insertions(+), 100 deletions(-)
To github.com:gestordecx/promod-vitrine.git
   fb7b6b8..47d7a1c  main -> main
60 ofertas escritas em index.html.
Vitrine publicada com sucesso.
[main 9a424a3] Atualiza vitrine - 26/09/2026 11:30
 2 files changed, 137 insertions(+), 131 deletions(-)
To github.com:gestordecx/promod-vitrine.git
   47d7a1c..9a424a3  main -> main
60 ofertas escritas em index.html.
Vitrine publicada com sucesso.
[main 8400cc4] Atualiza vitrine - 26/09/2026 11:45
 2 files changed, 275 insertions(+), 269 deletions(-)
To github.com:gestordecx/promod-vitrine.git
   9a424a3..8400cc4  main -> main
60 ofertas escritas em index.html.
Vitrine publicada com sucesso.
[main 4cb4cab] Atualiza vitrine - 26/09/2026 12:00
 2 files changed, 256 insertions(+), 250 deletions(-)
To github.com:gestordecx/promod-vitrine.git
   8400cc4..4cb4cab  main -> main
60 ofertas escritas em index.html.
Vitrine publicada com sucesso.
[main 457348d] Atualiza vitrine - 26/09/2026 12:15
 2 files changed, 175 insertions(+), 169 deletions(-)
To github.com:gestordecx/promod-vitrine.git
   4cb4cab..457348d  main -> main
60 ofertas escritas em index.html.
Vitrine publicada com sucesso.
[main 783098a] Atualiza vitrine - 26/09/2026 12:30
 2 files changed, 42 insertions(+), 34 deletions(-)
To github.com:gestordecx/promod-vitrine.git
   457348d..783098a  main -> main
60 ofertas escritas em index.html.
Vitrine publicada com sucesso.
[main 05dd7a7] Atualiza vitrine - 26/09/2026 12:45
 2 files changed, 247 insertions(+), 239 deletions(-)
To github.com:gestordecx/promod-vitrine.git
   783098a..05dd7a7  main -> main
60 ofertas escritas em index.html.
Vitrine publicada com sucesso.
[main cdc71bb] Atualiza vitrine - 26/09/2026 13:00
 2 files changed, 105 insertions(+), 99 deletions(-)
To github.com:gestordecx/promod-vitrine.git
   05dd7a7..cdc71bb  main -> main
60 ofertas escritas em index.html.
Vitrine publicada com sucesso.
[main 9a48623] Atualiza vitrine - 26/09/2026 13:15
 2 files changed, 155 insertions(+), 153 deletions(-)
To github.com:gestordecx/promod-vitrine.git
   cdc71bb..9a48623  main -> main
60 ofertas escritas em index.html.
Vitrine publicada com sucesso.
[main 338da81] Atualiza vitrine - 26/09/2026 13:30
 2 files changed, 106 insertions(+), 100 deletions(-)
To github.com:gestordecx/promod-vitrine.git
   9a48623..338da81  main -> main
60 ofertas escritas em index.html.
Vitrine publicada com sucesso.
[main bbb8a89] Atualiza vitrine - 26/09/2026 13:45
 2 files changed, 142 insertions(+), 136 deletions(-)
To github.com:gestordecx/promod-vitrine.git
   338da81..bbb8a89  main -> main
60 ofertas escritas em index.html.
Vitrine publicada com sucesso.
[main fa7ad80] Atualiza vitrine - 26/09/2026 14:00
 2 files changed, 7 insertions(+), 1 deletion(-)
To github.com:gestordecx/promod-vitrine.git
   bbb8a89..fa7ad80  main -> main
60 ofertas escritas em index.html.
Vitrine publicada com sucesso.
[main 8c6d162] Atualiza vitrine - 26/09/2026 14:15
 2 files changed, 24 insertions(+), 18 deletions(-)
To github.com:gestordecx/promod-vitrine.git
   fa7ad80..8c6d162  main -> main
60 ofertas escritas em index.html.
Vitrine publicada com sucesso.
[main 033cd61] Atualiza vitrine - 26/09/2026 14:30
 2 files changed, 105 insertions(+), 100 deletions(-)
To github.com:gestordecx/promod-vitrine.git
   8c6d162..033cd61  main -> main
60 ofertas escritas em index.html.
Vitrine publicada com sucesso.
[main df7b57a] Atualiza vitrine - 26/09/2026 14:45
 2 files changed, 138 insertions(+), 134 deletions(-)
To github.com:gestordecx/promod-vitrine.git
   033cd61..df7b57a  main -> main
60 ofertas escritas em index.html.
Vitrine publicada com sucesso.
[main 1233486] Atualiza vitrine - 26/09/2026 15:00
 2 files changed, 7 insertions(+), 1 deletion(-)
To github.com:gestordecx/promod-vitrine.git
   df7b57a..1233486  main -> main
60 ofertas escritas em index.html.
Vitrine publicada com sucesso.
[main 37a4a7e] Atualiza vitrine - 26/09/2026 15:15
 2 files changed, 7 insertions(+), 1 deletion(-)
To github.com:gestordecx/promod-vitrine.git
   1233486..37a4a7e  main -> main
60 ofertas escritas em index.html.
Vitrine publicada com sucesso.
[main 126feae] Atualiza vitrine - 26/09/2026 15:30
 2 files changed, 7 insertions(+), 1 deletion(-)
To github.com:gestordecx/promod-vitrine.git
   37a4a7e..126feae  main -> main
60 ofertas escritas em index.html.
Vitrine publicada com sucesso.
[main a28c300] Atualiza vitrine - 26/09/2026 15:45
 2 files changed, 7 insertions(+), 1 deletion(-)
To github.com:gestordecx/promod-vitrine.git
   126feae..a28c300  main -> main
60 ofertas escritas em index.html.
Vitrine publicada com sucesso.
[main 5f6e69c] Atualiza vitrine - 26/09/2026 16:00
 2 files changed, 7 insertions(+), 1 deletion(-)
To github.com:gestordecx/promod-vitrine.git
   a28c300..5f6e69c  main -> main
60 ofertas escritas em index.html.
Vitrine publicada com sucesso.
[main c537aaa] Atualiza vitrine - 26/09/2026 16:15
 2 files changed, 7 insertions(+), 1 deletion(-)
To github.com:gestordecx/promod-vitrine.git
   5f6e69c..c537aaa  main -> main
60 ofertas escritas em index.html.
Vitrine publicada com sucesso.
[main d6b1e8e] Atualiza vitrine - 26/09/2026 16:30
 2 files changed, 7 insertions(+), 1 deletion(-)
To github.com:gestordecx/promod-vitrine.git
   c537aaa..d6b1e8e  main -> main
60 ofertas escritas em index.html.
Vitrine publicada com sucesso.
[main 267ac5d] Atualiza vitrine - 26/09/2026 16:45
 2 files changed, 7 insertions(+), 1 deletion(-)
To github.com:gestordecx/promod-vitrine.git
   d6b1e8e..267ac5d  main -> main
60 ofertas escritas em index.html.
Vitrine publicada com sucesso.
[main 76cc14d] Atualiza vitrine - 26/09/2026 17:00
 2 files changed, 7 insertions(+), 1 deletion(-)
To github.com:gestordecx/promod-vitrine.git
   267ac5d..76cc14d  main -> main
60 ofertas escritas em index.html.
Vitrine publicada com sucesso.
[main e7c2fe7] Atualiza vitrine - 26/09/2026 17:15
 2 files changed, 7 insertions(+), 1 deletion(-)
To github.com:gestordecx/promod-vitrine.git
   76cc14d..e7c2fe7  main -> main
60 ofertas escritas em index.html.
Vitrine publicada com sucesso.
[main 669c556] Atualiza vitrine - 26/09/2026 17:30
 2 files changed, 7 insertions(+), 1 deletion(-)
To github.com:gestordecx/promod-vitrine.git
   e7c2fe7..669c556  main -> main
60 ofertas escritas em index.html.
Vitrine publicada com sucesso.
[main 02b5a31] Atualiza vitrine - 26/09/2026 17:45
 2 files changed, 7 insertions(+), 1 deletion(-)
To github.com:gestordecx/promod-vitrine.git
   669c556..02b5a31  main -> main
60 ofertas escritas em index.html.
Vitrine publicada com sucesso.
[main e539651] Atualiza vitrine - 26/09/2026 18:00
 2 files changed, 7 insertions(+), 1 deletion(-)
To github.com:gestordecx/promod-vitrine.git
   02b5a31..e539651  main -> main
60 ofertas escritas em index.html.
Vitrine publicada com sucesso.
[main c1c5445] Atualiza vitrine - 26/09/2026 18:15
 2 files changed, 7 insertions(+), 1 deletion(-)
To github.com:gestordecx/promod-vitrine.git
   e539651..c1c5445  main -> main
60 ofertas escritas em index.html.
Vitrine publicada com sucesso.
[main 112c84e] Atualiza vitrine - 26/09/2026 18:30
 2 files changed, 7 insertions(+), 1 deletion(-)
To github.com:gestordecx/promod-vitrine.git
   c1c5445..112c84e  main -> main
60 ofertas escritas em index.html.
Vitrine publicada com sucesso.
[main 462f13b] Atualiza vitrine - 26/09/2026 18:45
 2 files changed, 7 insertions(+), 1 deletion(-)
To github.com:gestordecx/promod-vitrine.git
   112c84e..462f13b  main -> main
60 ofertas escritas em index.html.
Vitrine publicada com sucesso.
[main 41d26ef] Atualiza vitrine - 26/09/2026 19:00
 2 files changed, 7 insertions(+), 1 deletion(-)
To github.com:gestordecx/promod-vitrine.git
   462f13b..41d26ef  main -> main
60 ofertas escritas em index.html.
Vitrine publicada com sucesso.
[main fe3c32c] Atualiza vitrine - 26/09/2026 19:15
 2 files changed, 7 insertions(+), 1 deletion(-)
To github.com:gestordecx/promod-vitrine.git
   41d26ef..fe3c32c  main -> main
60 ofertas escritas em index.html.
Vitrine publicada com sucesso.
[main 0e9e3cd] Atualiza vitrine - 26/09/2026 19:30
 2 files changed, 7 insertions(+), 1 deletion(-)
To github.com:gestordecx/promod-vitrine.git
   fe3c32c..0e9e3cd  main -> main
60 ofertas escritas em index.html.
Vitrine publicada com sucesso.
[main 609c3eb] Atualiza vitrine - 26/09/2026 19:45
 2 files changed, 7 insertions(+), 1 deletion(-)
To github.com:gestordecx/promod-vitrine.git
   0e9e3cd..609c3eb  main -> main
60 ofertas escritas em index.html.
Vitrine publicada com sucesso.
[main 20bba4f] Atualiza vitrine - 26/09/2026 20:00
 2 files changed, 7 insertions(+), 1 deletion(-)
To github.com:gestordecx/promod-vitrine.git
   609c3eb..20bba4f  main -> main
60 ofertas escritas em index.html.
Vitrine publicada com sucesso.
[main 6526936] Atualiza vitrine - 26/09/2026 20:15
 2 files changed, 7 insertions(+), 1 deletion(-)
To github.com:gestordecx/promod-vitrine.git
   20bba4f..6526936  main -> main
60 ofertas escritas em index.html.
Vitrine publicada com sucesso.
[main d0aa095] Atualiza vitrine - 26/09/2026 20:30
 2 files changed, 7 insertions(+), 1 deletion(-)
To github.com:gestordecx/promod-vitrine.git
   6526936..d0aa095  main -> main
60 ofertas escritas em index.html.
Vitrine publicada com sucesso.
[main 55c3089] Atualiza vitrine - 26/09/2026 20:45
 2 files changed, 7 insertions(+), 1 deletion(-)
To github.com:gestordecx/promod-vitrine.git
   d0aa095..55c3089  main -> main
60 ofertas escritas em index.html.
Vitrine publicada com sucesso.
[main f30e5e2] Atualiza vitrine - 26/09/2026 21:00
 2 files changed, 7 insertions(+), 1 deletion(-)
To github.com:gestordecx/promod-vitrine.git
   55c3089..f30e5e2  main -> main
60 ofertas escritas em index.html.
Vitrine publicada com sucesso.
[main dc5fe09] Atualiza vitrine - 26/09/2026 21:15
 2 files changed, 7 insertions(+), 1 deletion(-)
To github.com:gestordecx/promod-vitrine.git
   f30e5e2..dc5fe09  main -> main
60 ofertas escritas em index.html.
Vitrine publicada com sucesso.
[main c1a0c99] Atualiza vitrine - 26/09/2026 21:30
 2 files changed, 7 insertions(+), 1 deletion(-)
To github.com:gestordecx/promod-vitrine.git
   dc5fe09..c1a0c99  main -> main
60 ofertas escritas em index.html.
Vitrine publicada com sucesso.
[main a498f50] Atualiza vitrine - 26/09/2026 21:45
 2 files changed, 7 insertions(+), 1 deletion(-)
To github.com:gestordecx/promod-vitrine.git
   c1a0c99..a498f50  main -> main
60 ofertas escritas em index.html.
Vitrine publicada com sucesso.
[main 4258d12] Atualiza vitrine - 26/09/2026 22:00
 2 files changed, 7 insertions(+), 1 deletion(-)
To github.com:gestordecx/promod-vitrine.git
   a498f50..4258d12  main -> main
60 ofertas escritas em index.html.
Vitrine publicada com sucesso.
[main e416c32] Atualiza vitrine - 26/09/2026 22:15
 2 files changed, 7 insertions(+), 1 deletion(-)
To github.com:gestordecx/promod-vitrine.git
   4258d12..e416c32  main -> main
60 ofertas escritas em index.html.
Vitrine publicada com sucesso.
[main 3795f81] Atualiza vitrine - 26/09/2026 22:30
 2 files changed, 7 insertions(+), 1 deletion(-)
To github.com:gestordecx/promod-vitrine.git
   e416c32..3795f81  main -> main
60 ofertas escritas em index.html.
Vitrine publicada com sucesso.
[main 183760c] Atualiza vitrine - 26/09/2026 22:45
 2 files changed, 7 insertions(+), 1 deletion(-)
To github.com:gestordecx/promod-vitrine.git
   3795f81..183760c  main -> main
60 ofertas escritas em index.html.
Vitrine publicada com sucesso.
[main d38b47e] Atualiza vitrine - 26/09/2026 23:00
 2 files changed, 7 insertions(+), 1 deletion(-)
To github.com:gestordecx/promod-vitrine.git
   183760c..d38b47e  main -> main
60 ofertas escritas em index.html.
Vitrine publicada com sucesso.
[main 618bf41] Atualiza vitrine - 26/09/2026 23:15
 2 files changed, 7 insertions(+), 1 deletion(-)
To github.com:gestordecx/promod-vitrine.git
   d38b47e..618bf41  main -> main
60 ofertas escritas em index.html.
Vitrine publicada com sucesso.
[main a583422] Atualiza vitrine - 26/09/2026 23:30
 2 files changed, 7 insertions(+), 1 deletion(-)
To github.com:gestordecx/promod-vitrine.git
   618bf41..a583422  main -> main
60 ofertas escritas em index.html.
Vitrine publicada com sucesso.
[main c7cc8ac] Atualiza vitrine - 26/09/2026 23:45
 2 files changed, 7 insertions(+), 1 deletion(-)
To github.com:gestordecx/promod-vitrine.git
   a583422..c7cc8ac  main -> main
60 ofertas escritas em index.html.
Vitrine publicada com sucesso.
[main 2bf1c33] Atualiza vitrine - 27/09/2026 00:00
 2 files changed, 7 insertions(+), 1 deletion(-)
To github.com:gestordecx/promod-vitrine.git
   c7cc8ac..2bf1c33  main -> main
60 ofertas escritas em index.html.
Vitrine publicada com sucesso.
[main 9ed8dec] Atualiza vitrine - 27/09/2026 00:15
 2 files changed, 175 insertions(+), 169 deletions(-)
To github.com:gestordecx/promod-vitrine.git
   2bf1c33..9ed8dec  main -> main
60 ofertas escritas em index.html.
Vitrine publicada com sucesso.
[main f839078] Atualiza vitrine - 27/09/2026 00:30
 2 files changed, 292 insertions(+), 286 deletions(-)
To github.com:gestordecx/promod-vitrine.git
   9ed8dec..f839078  main -> main
60 ofertas escritas em index.html.
Vitrine publicada com sucesso.
[main 1c8b43e] Atualiza vitrine - 27/09/2026 00:45
 2 files changed, 106 insertions(+), 100 deletions(-)
To github.com:gestordecx/promod-vitrine.git
   f839078..1c8b43e  main -> main
60 ofertas escritas em index.html.
Vitrine publicada com sucesso.
[main 1a10536] Atualiza vitrine - 27/09/2026 01:00
 2 files changed, 356 insertions(+), 346 deletions(-)
To github.com:gestordecx/promod-vitrine.git
   1c8b43e..1a10536  main -> main
60 ofertas escritas em index.html.
Vitrine publicada com sucesso.
[main 2c5481f] Atualiza vitrine - 27/09/2026 01:15
 2 files changed, 7 insertions(+), 1 deletion(-)
To github.com:gestordecx/promod-vitrine.git
   1a10536..2c5481f  main -> main
60 ofertas escritas em index.html.
Vitrine publicada com sucesso.
[main 64bfbcc] Atualiza vitrine - 27/09/2026 01:30
 2 files changed, 40 insertions(+), 34 deletions(-)
To github.com:gestordecx/promod-vitrine.git
   2c5481f..64bfbcc  main -> main
60 ofertas escritas em index.html.
Vitrine publicada com sucesso.
[main ecfcaf1] Atualiza vitrine - 27/09/2026 01:45
 2 files changed, 91 insertions(+), 85 deletions(-)
To github.com:gestordecx/promod-vitrine.git
   64bfbcc..ecfcaf1  main -> main
60 ofertas escritas em index.html.
Vitrine publicada com sucesso.
[main c5bf977] Atualiza vitrine - 27/09/2026 02:00
 2 files changed, 24 insertions(+), 18 deletions(-)
To github.com:gestordecx/promod-vitrine.git
   ecfcaf1..c5bf977  main -> main
60 ofertas escritas em index.html.
Vitrine publicada com sucesso.
[main f6c84a0] Atualiza vitrine - 27/09/2026 02:15
 2 files changed, 7 insertions(+), 1 deletion(-)
To github.com:gestordecx/promod-vitrine.git
   c5bf977..f6c84a0  main -> main
60 ofertas escritas em index.html.
Vitrine publicada com sucesso.
[main dab7a6a] Atualiza vitrine - 27/09/2026 02:30
 2 files changed, 7 insertions(+), 1 deletion(-)
To github.com:gestordecx/promod-vitrine.git
   f6c84a0..dab7a6a  main -> main
60 ofertas escritas em index.html.
Vitrine publicada com sucesso.
[main dee9253] Atualiza vitrine - 27/09/2026 02:45
 2 files changed, 7 insertions(+), 1 deletion(-)
To github.com:gestordecx/promod-vitrine.git
   dab7a6a..dee9253  main -> main
60 ofertas escritas em index.html.
Vitrine publicada com sucesso.
[main 57c29dd] Atualiza vitrine - 27/09/2026 03:00
 2 files changed, 71 insertions(+), 65 deletions(-)
To github.com:gestordecx/promod-vitrine.git
   dee9253..57c29dd  main -> main
60 ofertas escritas em index.html.
Vitrine publicada com sucesso.
[main 0bcb969] Atualiza vitrine - 27/09/2026 03:15
 2 files changed, 7 insertions(+), 1 deletion(-)
To github.com:gestordecx/promod-vitrine.git
   57c29dd..0bcb969  main -> main
60 ofertas escritas em index.html.
Vitrine publicada com sucesso.
[main 803beb7] Atualiza vitrine - 27/09/2026 03:30
 2 files changed, 56 insertions(+), 50 deletions(-)
To github.com:gestordecx/promod-vitrine.git
   0bcb969..803beb7  main -> main
60 ofertas escritas em index.html.
Vitrine publicada com sucesso.
[main db55ad1] Atualiza vitrine - 27/09/2026 03:45
 2 files changed, 7 insertions(+), 1 deletion(-)
To github.com:gestordecx/promod-vitrine.git
   803beb7..db55ad1  main -> main
60 ofertas escritas em index.html.
Vitrine publicada com sucesso.
[main 0f2eee0] Atualiza vitrine - 27/09/2026 04:00
 2 files changed, 7 insertions(+), 1 deletion(-)
To github.com:gestordecx/promod-vitrine.git
   db55ad1..0f2eee0  main -> main
60 ofertas escritas em index.html.
Vitrine publicada com sucesso.
[main 6b277d6] Atualiza vitrine - 27/09/2026 04:15
 2 files changed, 24 insertions(+), 18 deletions(-)
To github.com:gestordecx/promod-vitrine.git
   0f2eee0..6b277d6  main -> main
60 ofertas escritas em index.html.
Vitrine publicada com sucesso.
[main 44a35b5] Atualiza vitrine - 27/09/2026 04:30
 2 files changed, 7 insertions(+), 1 deletion(-)
To github.com:gestordecx/promod-vitrine.git
   6b277d6..44a35b5  main -> main
60 ofertas escritas em index.html.
Vitrine publicada com sucesso.
[main 1590599] Atualiza vitrine - 27/09/2026 04:45
 2 files changed, 7 insertions(+), 1 deletion(-)
To github.com:gestordecx/promod-vitrine.git
   44a35b5..1590599  main -> main
60 ofertas escritas em index.html.
Vitrine publicada com sucesso.
[main 2d12e53] Atualiza vitrine - 27/09/2026 05:00
 2 files changed, 40 insertions(+), 35 deletions(-)
To github.com:gestordecx/promod-vitrine.git
   1590599..2d12e53  main -> main
60 ofertas escritas em index.html.
Vitrine publicada com sucesso.
[main 33215d0] Atualiza vitrine - 27/09/2026 05:15
 2 files changed, 39 insertions(+), 33 deletions(-)
To github.com:gestordecx/promod-vitrine.git
   2d12e53..33215d0  main -> main
60 ofertas escritas em index.html.
Vitrine publicada com sucesso.
[main 4b0c87f] Atualiza vitrine - 27/09/2026 05:30
 2 files changed, 24 insertions(+), 18 deletions(-)
To github.com:gestordecx/promod-vitrine.git
   33215d0..4b0c87f  main -> main
60 ofertas escritas em index.html.
Vitrine publicada com sucesso.
[main a33ccbb] Atualiza vitrine - 27/09/2026 05:45
 2 files changed, 7 insertions(+), 1 deletion(-)
To github.com:gestordecx/promod-vitrine.git
   4b0c87f..a33ccbb  main -> main
60 ofertas escritas em index.html.
Vitrine publicada com sucesso.
[main 98c71b4] Atualiza vitrine - 27/09/2026 06:00
 2 files changed, 7 insertions(+), 1 deletion(-)
To github.com:gestordecx/promod-vitrine.git
   a33ccbb..98c71b4  main -> main
60 ofertas escritas em index.html.
Vitrine publicada com sucesso.
[main 2617252] Atualiza vitrine - 27/09/2026 06:15
 2 files changed, 7 insertions(+), 1 deletion(-)
To github.com:gestordecx/promod-vitrine.git
   98c71b4..2617252  main -> main
60 ofertas escritas em index.html.
Vitrine publicada com sucesso.
[main 899e916] Atualiza vitrine - 27/09/2026 06:30
 2 files changed, 7 insertions(+), 1 deletion(-)
To github.com:gestordecx/promod-vitrine.git
   2617252..899e916  main -> main
60 ofertas escritas em index.html.
Vitrine publicada com sucesso.
[main 825f30c] Atualiza vitrine - 27/09/2026 06:45
 2 files changed, 7 insertions(+), 1 deletion(-)
To github.com:gestordecx/promod-vitrine.git
   899e916..825f30c  main -> main
60 ofertas escritas em index.html.
Vitrine publicada com sucesso.
[main c2f6e87] Atualiza vitrine - 27/09/2026 07:00
 2 files changed, 109 insertions(+), 103 deletions(-)
To github.com:gestordecx/promod-vitrine.git
   825f30c..c2f6e87  main -> main
60 ofertas escritas em index.html.
Vitrine publicada com sucesso.
[main ba79e67] Atualiza vitrine - 27/09/2026 07:15
 2 files changed, 109 insertions(+), 103 deletions(-)
To github.com:gestordecx/promod-vitrine.git
   c2f6e87..ba79e67  main -> main
60 ofertas escritas em index.html.
Vitrine publicada com sucesso.
[main 645affd] Atualiza vitrine - 27/09/2026 07:30
 2 files changed, 7 insertions(+), 1 deletion(-)
To github.com:gestordecx/promod-vitrine.git
   ba79e67..645affd  main -> main
60 ofertas escritas em index.html.
Vitrine publicada com sucesso.
[main afa4656] Atualiza vitrine - 27/09/2026 07:45
 2 files changed, 143 insertions(+), 137 deletions(-)
To github.com:gestordecx/promod-vitrine.git
   645affd..afa4656  main -> main
60 ofertas escritas em index.html.
Vitrine publicada com sucesso.
[main 0f7a9f9] Atualiza vitrine - 27/09/2026 08:00
 2 files changed, 173 insertions(+), 167 deletions(-)
To github.com:gestordecx/promod-vitrine.git
   afa4656..0f7a9f9  main -> main
60 ofertas escritas em index.html.
Vitrine publicada com sucesso.
[main 6d8e88a] Atualiza vitrine - 27/09/2026 08:15
 2 files changed, 7 insertions(+), 1 deletion(-)
To github.com:gestordecx/promod-vitrine.git
   0f7a9f9..6d8e88a  main -> main
60 ofertas escritas em index.html.
Vitrine publicada com sucesso.
[main 6cf1da7] Atualiza vitrine - 27/09/2026 08:30
 2 files changed, 39 insertions(+), 33 deletions(-)
To github.com:gestordecx/promod-vitrine.git
   6d8e88a..6cf1da7  main -> main
60 ofertas escritas em index.html.
Vitrine publicada com sucesso.
[main 9ab76c2] Atualiza vitrine - 27/09/2026 08:45
 2 files changed, 57 insertions(+), 51 deletions(-)
To github.com:gestordecx/promod-vitrine.git
   6cf1da7..9ab76c2  main -> main
60 ofertas escritas em index.html.
Vitrine publicada com sucesso.
[main 6ec63c1] Atualiza vitrine - 27/09/2026 09:00
 2 files changed, 73 insertions(+), 67 deletions(-)
To github.com:gestordecx/promod-vitrine.git
   9ab76c2..6ec63c1  main -> main
60 ofertas escritas em index.html.
Vitrine publicada com sucesso.
[main 66fa34c] Atualiza vitrine - 27/09/2026 09:15
 2 files changed, 39 insertions(+), 33 deletions(-)
To github.com:gestordecx/promod-vitrine.git
   6ec63c1..66fa34c  main -> main
60 ofertas escritas em index.html.
Vitrine publicada com sucesso.
[main ef8e9c0] Atualiza vitrine - 27/09/2026 09:30
 2 files changed, 158 insertions(+), 152 deletions(-)
To github.com:gestordecx/promod-vitrine.git
   66fa34c..ef8e9c0  main -> main
60 ofertas escritas em index.html.
Vitrine publicada com sucesso.
[main 459b4d7] Atualiza vitrine - 27/09/2026 09:45
 2 files changed, 280 insertions(+), 274 deletions(-)
To github.com:gestordecx/promod-vitrine.git
   ef8e9c0..459b4d7  main -> main
60 ofertas escritas em index.html.
Vitrine publicada com sucesso.
[main 496f4cf] Atualiza vitrine - 27/09/2026 10:00
 2 files changed, 122 insertions(+), 117 deletions(-)
To github.com:gestordecx/promod-vitrine.git
   459b4d7..496f4cf  main -> main
60 ofertas escritas em index.html.
Vitrine publicada com sucesso.
[main 7ff9a0d] Atualiza vitrine - 27/09/2026 10:15
 2 files changed, 156 insertions(+), 150 deletions(-)
To github.com:gestordecx/promod-vitrine.git
   496f4cf..7ff9a0d  main -> main
60 ofertas escritas em index.html.
Vitrine publicada com sucesso.
[main 2870a67] Atualiza vitrine - 27/09/2026 10:30
 2 files changed, 57 insertions(+), 51 deletions(-)
To github.com:gestordecx/promod-vitrine.git
   7ff9a0d..2870a67  main -> main
60 ofertas escritas em index.html.
Vitrine publicada com sucesso.
[main c03085d] Atualiza vitrine - 27/09/2026 10:45
 2 files changed, 55 insertions(+), 49 deletions(-)
To github.com:gestordecx/promod-vitrine.git
   2870a67..c03085d  main -> main
60 ofertas escritas em index.html.
Vitrine publicada com sucesso.
[main 77333b1] Atualiza vitrine - 27/09/2026 11:00
 2 files changed, 142 insertions(+), 136 deletions(-)
To github.com:gestordecx/promod-vitrine.git
   c03085d..77333b1  main -> main
60 ofertas escritas em index.html.
Vitrine publicada com sucesso.
[main 12333d3] Atualiza vitrine - 27/09/2026 11:15
 2 files changed, 72 insertions(+), 69 deletions(-)
To github.com:gestordecx/promod-vitrine.git
   77333b1..12333d3  main -> main
60 ofertas escritas em index.html.
Vitrine publicada com sucesso.
[main 4c50c48] Atualiza vitrine - 27/09/2026 11:30
 2 files changed, 89 insertions(+), 82 deletions(-)
To github.com:gestordecx/promod-vitrine.git
   12333d3..4c50c48  main -> main
60 ofertas escritas em index.html.
Vitrine publicada com sucesso.
[main ee9dd4c] Atualiza vitrine - 27/09/2026 11:45
 2 files changed, 191 insertions(+), 185 deletions(-)
To github.com:gestordecx/promod-vitrine.git
   4c50c48..ee9dd4c  main -> main
60 ofertas escritas em index.html.
Vitrine publicada com sucesso.
[main 6fc5611] Atualiza vitrine - 27/09/2026 12:00
 2 files changed, 156 insertions(+), 149 deletions(-)
To github.com:gestordecx/promod-vitrine.git
   ee9dd4c..6fc5611  main -> main
60 ofertas escritas em index.html.
Vitrine publicada com sucesso.
[main f742655] Atualiza vitrine - 27/09/2026 12:15
 2 files changed, 105 insertions(+), 99 deletions(-)
To github.com:gestordecx/promod-vitrine.git
   6fc5611..f742655  main -> main
60 ofertas escritas em index.html.
Vitrine publicada com sucesso.
[main 42f1aae] Atualiza vitrine - 27/09/2026 12:30
 2 files changed, 23 insertions(+), 17 deletions(-)
To github.com:gestordecx/promod-vitrine.git
   f742655..42f1aae  main -> main
60 ofertas escritas em index.html.
Vitrine publicada com sucesso.
[main 05d565c] Atualiza vitrine - 27/09/2026 12:45
 2 files changed, 76 insertions(+), 67 deletions(-)
To github.com:gestordecx/promod-vitrine.git
   42f1aae..05d565c  main -> main
60 ofertas escritas em index.html.
Vitrine publicada com sucesso.
[main b1959b5] Atualiza vitrine - 27/09/2026 13:00
 2 files changed, 90 insertions(+), 81 deletions(-)
To github.com:gestordecx/promod-vitrine.git
   05d565c..b1959b5  main -> main
60 ofertas escritas em index.html.
Vitrine publicada com sucesso.
[main 4a057df] Atualiza vitrine - 27/09/2026 13:15
 2 files changed, 145 insertions(+), 134 deletions(-)
To github.com:gestordecx/promod-vitrine.git
   b1959b5..4a057df  main -> main
60 ofertas escritas em index.html.
Vitrine publicada com sucesso.
[main 1854a71] Atualiza vitrine - 27/09/2026 13:30
 2 files changed, 57 insertions(+), 51 deletions(-)
To github.com:gestordecx/promod-vitrine.git
   4a057df..1854a71  main -> main
60 ofertas escritas em index.html.
Vitrine publicada com sucesso.
[main 22b024d] Atualiza vitrine - 27/09/2026 13:45
 2 files changed, 72 insertions(+), 66 deletions(-)
To github.com:gestordecx/promod-vitrine.git
   1854a71..22b024d  main -> main
60 ofertas escritas em index.html.
Vitrine publicada com sucesso.
[main 4e70ccc] Atualiza vitrine - 27/09/2026 14:00
 2 files changed, 89 insertions(+), 83 deletions(-)
To github.com:gestordecx/promod-vitrine.git
   22b024d..4e70ccc  main -> main
60 ofertas escritas em index.html.
Vitrine publicada com sucesso.
[main edd8a26] Atualiza vitrine - 27/09/2026 14:15
 2 files changed, 7 insertions(+), 1 deletion(-)
To github.com:gestordecx/promod-vitrine.git
   4e70ccc..edd8a26  main -> main
60 ofertas escritas em index.html.
Vitrine publicada com sucesso.
[main 0d54de5] Atualiza vitrine - 27/09/2026 14:30
 2 files changed, 23 insertions(+), 17 deletions(-)
To github.com:gestordecx/promod-vitrine.git
   edd8a26..0d54de5  main -> main
60 ofertas escritas em index.html.
Vitrine publicada com sucesso.
[main 319ed0d] Atualiza vitrine - 27/09/2026 14:45
 2 files changed, 40 insertions(+), 34 deletions(-)
To github.com:gestordecx/promod-vitrine.git
   0d54de5..319ed0d  main -> main
60 ofertas escritas em index.html.
Vitrine publicada com sucesso.
[main 776520d] Atualiza vitrine - 27/09/2026 15:00
 2 files changed, 90 insertions(+), 84 deletions(-)
To github.com:gestordecx/promod-vitrine.git
   319ed0d..776520d  main -> main
60 ofertas escritas em index.html.
Vitrine publicada com sucesso.
[main 422a569] Atualiza vitrine - 27/09/2026 15:15
 2 files changed, 72 insertions(+), 66 deletions(-)
To github.com:gestordecx/promod-vitrine.git
   776520d..422a569  main -> main
60 ofertas escritas em index.html.
Vitrine publicada com sucesso.
[main 2adbae7] Atualiza vitrine - 27/09/2026 15:30
 2 files changed, 23 insertions(+), 17 deletions(-)
To github.com:gestordecx/promod-vitrine.git
   422a569..2adbae7  main -> main
60 ofertas escritas em index.html.
Vitrine publicada com sucesso.
[main 217a88d] Atualiza vitrine - 27/09/2026 15:45
 2 files changed, 7 insertions(+), 1 deletion(-)
To github.com:gestordecx/promod-vitrine.git
   2adbae7..217a88d  main -> main
60 ofertas escritas em index.html.
Vitrine publicada com sucesso.
[main 71ac069] Atualiza vitrine - 27/09/2026 16:00
 2 files changed, 71 insertions(+), 65 deletions(-)
To github.com:gestordecx/promod-vitrine.git
   217a88d..71ac069  main -> main
60 ofertas escritas em index.html.
Vitrine publicada com sucesso.
[main f8ca314] Atualiza vitrine - 27/09/2026 16:15
 2 files changed, 278 insertions(+), 276 deletions(-)
To github.com:gestordecx/promod-vitrine.git
   71ac069..f8ca314  main -> main
60 ofertas escritas em index.html.
Vitrine publicada com sucesso.
[main a63781d] Atualiza vitrine - 27/09/2026 16:30
 2 files changed, 103 insertions(+), 99 deletions(-)
To github.com:gestordecx/promod-vitrine.git
   f8ca314..a63781d  main -> main
60 ofertas escritas em index.html.
Vitrine publicada com sucesso.
[main 62c8f6f] Atualiza vitrine - 27/09/2026 16:45
 2 files changed, 292 insertions(+), 286 deletions(-)
To github.com:gestordecx/promod-vitrine.git
   a63781d..62c8f6f  main -> main
60 ofertas escritas em index.html.
Vitrine publicada com sucesso.
[main d7de7ee] Atualiza vitrine - 27/09/2026 17:00
 2 files changed, 226 insertions(+), 220 deletions(-)
To github.com:gestordecx/promod-vitrine.git
   62c8f6f..d7de7ee  main -> main
60 ofertas escritas em index.html.
Vitrine publicada com sucesso.
[main 0c4fb8c] Atualiza vitrine - 27/09/2026 17:15
 2 files changed, 185 insertions(+), 179 deletions(-)
To github.com:gestordecx/promod-vitrine.git
   d7de7ee..0c4fb8c  main -> main
60 ofertas escritas em index.html.
Vitrine publicada com sucesso.
[main 2576271] Atualiza vitrine - 27/09/2026 17:30
 2 files changed, 185 insertions(+), 179 deletions(-)
To github.com:gestordecx/promod-vitrine.git
   0c4fb8c..2576271  main -> main
60 ofertas escritas em index.html.
Vitrine publicada com sucesso.
[main c07b4ba] Atualiza vitrine - 27/09/2026 17:45
 2 files changed, 157 insertions(+), 151 deletions(-)
To github.com:gestordecx/promod-vitrine.git
   2576271..c07b4ba  main -> main
60 ofertas escritas em index.html.
Vitrine publicada com sucesso.
[main d3ae47b] Atualiza vitrine - 27/09/2026 18:00
 2 files changed, 23 insertions(+), 17 deletions(-)
To github.com:gestordecx/promod-vitrine.git
   c07b4ba..d3ae47b  main -> main
60 ofertas escritas em index.html.
Vitrine publicada com sucesso.
[main 669c586] Atualiza vitrine - 27/09/2026 18:15
 2 files changed, 122 insertions(+), 119 deletions(-)
To github.com:gestordecx/promod-vitrine.git
   d3ae47b..669c586  main -> main
60 ofertas escritas em index.html.
Vitrine publicada com sucesso.
[main e2e862f] Atualiza vitrine - 27/09/2026 18:30
 2 files changed, 87 insertions(+), 81 deletions(-)
To github.com:gestordecx/promod-vitrine.git
   669c586..e2e862f  main -> main
60 ofertas escritas em index.html.
Vitrine publicada com sucesso.
[main 77113c8] Atualiza vitrine - 27/09/2026 18:45
 2 files changed, 71 insertions(+), 65 deletions(-)
To github.com:gestordecx/promod-vitrine.git
   e2e862f..77113c8  main -> main
60 ofertas escritas em index.html.
Vitrine publicada com sucesso.
[main b838103] Atualiza vitrine - 27/09/2026 19:00
 2 files changed, 23 insertions(+), 17 deletions(-)
To github.com:gestordecx/promod-vitrine.git
   77113c8..b838103  main -> main
60 ofertas escritas em index.html.
Vitrine publicada com sucesso.
[main a9457dd] Atualiza vitrine - 27/09/2026 19:15
 2 files changed, 23 insertions(+), 20 deletions(-)
To github.com:gestordecx/promod-vitrine.git
   b838103..a9457dd  main -> main
60 ofertas escritas em index.html.
Vitrine publicada com sucesso.
[main 4ee8892] Atualiza vitrine - 27/09/2026 19:30
 2 files changed, 41 insertions(+), 35 deletions(-)
To github.com:gestordecx/promod-vitrine.git
   a9457dd..4ee8892  main -> main
60 ofertas escritas em index.html.
Vitrine publicada com sucesso.
[main 214d19c] Atualiza vitrine - 27/09/2026 19:45
 2 files changed, 23 insertions(+), 17 deletions(-)
To github.com:gestordecx/promod-vitrine.git
   4ee8892..214d19c  main -> main
60 ofertas escritas em index.html.
Vitrine publicada com sucesso.
[main 1609b71] Atualiza vitrine - 27/09/2026 20:00
 2 files changed, 159 insertions(+), 153 deletions(-)
To github.com:gestordecx/promod-vitrine.git
   214d19c..1609b71  main -> main
60 ofertas escritas em index.html.
Vitrine publicada com sucesso.
[main 7843050] Atualiza vitrine - 27/09/2026 20:15
 2 files changed, 155 insertions(+), 149 deletions(-)
To github.com:gestordecx/promod-vitrine.git
   1609b71..7843050  main -> main
60 ofertas escritas em index.html.
Vitrine publicada com sucesso.
[main ab1f17f] Atualiza vitrine - 27/09/2026 20:30
 2 files changed, 40 insertions(+), 33 deletions(-)
To github.com:gestordecx/promod-vitrine.git
   7843050..ab1f17f  main -> main
60 ofertas escritas em index.html.
Vitrine publicada com sucesso.
[main 983cd9f] Atualiza vitrine - 27/09/2026 20:45
 2 files changed, 39 insertions(+), 33 deletions(-)
To github.com:gestordecx/promod-vitrine.git
   ab1f17f..983cd9f  main -> main
60 ofertas escritas em index.html.
Vitrine publicada com sucesso.
[main 6b2c8c3] Atualiza vitrine - 27/09/2026 21:00
 2 files changed, 23 insertions(+), 17 deletions(-)
To github.com:gestordecx/promod-vitrine.git
   983cd9f..6b2c8c3  main -> main
60 ofertas escritas em index.html.
Vitrine publicada com sucesso.
[main 25f2b3d] Atualiza vitrine - 27/09/2026 21:15
 2 files changed, 171 insertions(+), 165 deletions(-)
To github.com:gestordecx/promod-vitrine.git
   6b2c8c3..25f2b3d  main -> main
60 ofertas escritas em index.html.
Vitrine publicada com sucesso.
[main 64a5d07] Atualiza vitrine - 27/09/2026 21:30
 2 files changed, 39 insertions(+), 33 deletions(-)
To github.com:gestordecx/promod-vitrine.git
   25f2b3d..64a5d07  main -> main
60 ofertas escritas em index.html.
Vitrine publicada com sucesso.
[main 693f7b2] Atualiza vitrine - 27/09/2026 21:45
 2 files changed, 7 insertions(+), 1 deletion(-)
To github.com:gestordecx/promod-vitrine.git
   64a5d07..693f7b2  main -> main
60 ofertas escritas em index.html.
Vitrine publicada com sucesso.
[main 4cd913c] Atualiza vitrine - 27/09/2026 22:00
 2 files changed, 126 insertions(+), 120 deletions(-)
To github.com:gestordecx/promod-vitrine.git
   693f7b2..4cd913c  main -> main
60 ofertas escritas em index.html.
Vitrine publicada com sucesso.
[main fc12245] Atualiza vitrine - 27/09/2026 22:15
 2 files changed, 39 insertions(+), 33 deletions(-)
To github.com:gestordecx/promod-vitrine.git
   4cd913c..fc12245  main -> main
60 ofertas escritas em index.html.
Vitrine publicada com sucesso.
[main 92b13c8] Atualiza vitrine - 27/09/2026 22:30
 2 files changed, 23 insertions(+), 17 deletions(-)
To github.com:gestordecx/promod-vitrine.git
   fc12245..92b13c8  main -> main
60 ofertas escritas em index.html.
Vitrine publicada com sucesso.
[main cc22ec1] Atualiza vitrine - 27/09/2026 22:45
 2 files changed, 7 insertions(+), 1 deletion(-)
To github.com:gestordecx/promod-vitrine.git
   92b13c8..cc22ec1  main -> main
60 ofertas escritas em index.html.
Vitrine publicada com sucesso.
[main f68a546] Atualiza vitrine - 27/09/2026 23:00
 2 files changed, 7 insertions(+), 1 deletion(-)
To github.com:gestordecx/promod-vitrine.git
   cc22ec1..f68a546  main -> main
60 ofertas escritas em index.html.
Vitrine publicada com sucesso.
[main faf8c5b] Atualiza vitrine - 27/09/2026 23:15
 2 files changed, 7 insertions(+), 1 deletion(-)
To github.com:gestordecx/promod-vitrine.git
   f68a546..faf8c5b  main -> main
60 ofertas escritas em index.html.
Vitrine publicada com sucesso.
[main 6898eef] Atualiza vitrine - 27/09/2026 23:30
 2 files changed, 7 insertions(+), 1 deletion(-)
To github.com:gestordecx/promod-vitrine.git
   faf8c5b..6898eef  main -> main
60 ofertas escritas em index.html.
Vitrine publicada com sucesso.
[main 9db0fd1] Atualiza vitrine - 27/09/2026 23:45
 2 files changed, 7 insertions(+), 1 deletion(-)
To github.com:gestordecx/promod-vitrine.git
   6898eef..9db0fd1  main -> main
60 ofertas escritas em index.html.
Vitrine publicada com sucesso.
[main e35f12e] Atualiza vitrine - 28/09/2026 00:00
 2 files changed, 7 insertions(+), 1 deletion(-)
To github.com:gestordecx/promod-vitrine.git
   9db0fd1..e35f12e  main -> main
60 ofertas escritas em index.html.
Vitrine publicada com sucesso.
[main a172440] Atualiza vitrine - 28/09/2026 00:15
 2 files changed, 122 insertions(+), 114 deletions(-)
To github.com:gestordecx/promod-vitrine.git
   e35f12e..a172440  main -> main
60 ofertas escritas em index.html.
Vitrine publicada com sucesso.
[main e01d601] Atualiza vitrine - 28/09/2026 00:30
 2 files changed, 308 insertions(+), 303 deletions(-)
To github.com:gestordecx/promod-vitrine.git
   a172440..e01d601  main -> main
60 ofertas escritas em index.html.
Vitrine publicada com sucesso.
[main bdc232c] Atualiza vitrine - 28/09/2026 00:45
 2 files changed, 268 insertions(+), 262 deletions(-)
To github.com:gestordecx/promod-vitrine.git
   e01d601..bdc232c  main -> main
60 ofertas escritas em index.html.
Vitrine publicada com sucesso.
[main ac9af4e] Atualiza vitrine - 28/09/2026 01:00
 2 files changed, 178 insertions(+), 168 deletions(-)
To github.com:gestordecx/promod-vitrine.git
   bdc232c..ac9af4e  main -> main
60 ofertas escritas em index.html.
Vitrine publicada com sucesso.
[main 0980b89] Atualiza vitrine - 28/09/2026 01:15
 2 files changed, 58 insertions(+), 52 deletions(-)
To github.com:gestordecx/promod-vitrine.git
   ac9af4e..0980b89  main -> main
60 ofertas escritas em index.html.
Vitrine publicada com sucesso.
[main aee8e7c] Atualiza vitrine - 28/09/2026 01:30
 2 files changed, 7 insertions(+), 1 deletion(-)
To github.com:gestordecx/promod-vitrine.git
   0980b89..aee8e7c  main -> main
60 ofertas escritas em index.html.
Vitrine publicada com sucesso.
[main 77e38f7] Atualiza vitrine - 28/09/2026 01:45
 2 files changed, 142 insertions(+), 136 deletions(-)
To github.com:gestordecx/promod-vitrine.git
   aee8e7c..77e38f7  main -> main
60 ofertas escritas em index.html.
Vitrine publicada com sucesso.
[main f22549e] Atualiza vitrine - 28/09/2026 02:00
 2 files changed, 7 insertions(+), 1 deletion(-)
To github.com:gestordecx/promod-vitrine.git
   77e38f7..f22549e  main -> main
60 ofertas escritas em index.html.
Vitrine publicada com sucesso.
[main 0f34b37] Atualiza vitrine - 28/09/2026 02:15
 2 files changed, 193 insertions(+), 187 deletions(-)
To github.com:gestordecx/promod-vitrine.git
   f22549e..0f34b37  main -> main
60 ofertas escritas em index.html.
Vitrine publicada com sucesso.
[main 8e1702d] Atualiza vitrine - 28/09/2026 02:30
 2 files changed, 157 insertions(+), 147 deletions(-)
To github.com:gestordecx/promod-vitrine.git
   0f34b37..8e1702d  main -> main
60 ofertas escritas em index.html.
Vitrine publicada com sucesso.
[main afc4d9b] Atualiza vitrine - 28/09/2026 02:45
 2 files changed, 23 insertions(+), 17 deletions(-)
To github.com:gestordecx/promod-vitrine.git
   8e1702d..afc4d9b  main -> main
60 ofertas escritas em index.html.
Vitrine publicada com sucesso.
[main bc9c6c2] Atualiza vitrine - 28/09/2026 03:00
 2 files changed, 7 insertions(+), 1 deletion(-)
To github.com:gestordecx/promod-vitrine.git
   afc4d9b..bc9c6c2  main -> main
60 ofertas escritas em index.html.
Vitrine publicada com sucesso.
[main efd6e6b] Atualiza vitrine - 28/09/2026 03:15
 2 files changed, 7 insertions(+), 1 deletion(-)
To github.com:gestordecx/promod-vitrine.git
   bc9c6c2..efd6e6b  main -> main
60 ofertas escritas em index.html.
Vitrine publicada com sucesso.
[main 1e44bda] Atualiza vitrine - 28/09/2026 03:30
 2 files changed, 7 insertions(+), 1 deletion(-)
To github.com:gestordecx/promod-vitrine.git
   efd6e6b..1e44bda  main -> main
60 ofertas escritas em index.html.
Vitrine publicada com sucesso.
[main 811dada] Atualiza vitrine - 28/09/2026 03:45
 2 files changed, 24 insertions(+), 18 deletions(-)
To github.com:gestordecx/promod-vitrine.git
   1e44bda..811dada  main -> main
60 ofertas escritas em index.html.
Vitrine publicada com sucesso.
[main e674ddf] Atualiza vitrine - 28/09/2026 04:00
 2 files changed, 7 insertions(+), 1 deletion(-)
To github.com:gestordecx/promod-vitrine.git
   811dada..e674ddf  main -> main
60 ofertas escritas em index.html.
Vitrine publicada com sucesso.
[main 6e4a826] Atualiza vitrine - 28/09/2026 04:15
 2 files changed, 24 insertions(+), 18 deletions(-)
To github.com:gestordecx/promod-vitrine.git
   e674ddf..6e4a826  main -> main
60 ofertas escritas em index.html.
Vitrine publicada com sucesso.
[main 8abccf6] Atualiza vitrine - 28/09/2026 04:30
 2 files changed, 40 insertions(+), 34 deletions(-)
To github.com:gestordecx/promod-vitrine.git
   6e4a826..8abccf6  main -> main
60 ofertas escritas em index.html.
Vitrine publicada com sucesso.
[main c5fefdb] Atualiza vitrine - 28/09/2026 04:45
 2 files changed, 7 insertions(+), 1 deletion(-)
To github.com:gestordecx/promod-vitrine.git
   8abccf6..c5fefdb  main -> main
60 ofertas escritas em index.html.
Vitrine publicada com sucesso.
[main 30640dc] Atualiza vitrine - 28/09/2026 05:00
 2 files changed, 7 insertions(+), 1 deletion(-)
To github.com:gestordecx/promod-vitrine.git
   c5fefdb..30640dc  main -> main
60 ofertas escritas em index.html.
Vitrine publicada com sucesso.
[main 995019e] Atualiza vitrine - 28/09/2026 05:15
 2 files changed, 74 insertions(+), 68 deletions(-)
To github.com:gestordecx/promod-vitrine.git
   30640dc..995019e  main -> main
60 ofertas escritas em index.html.
Vitrine publicada com sucesso.
[main 879b46e] Atualiza vitrine - 28/09/2026 05:30
 2 files changed, 24 insertions(+), 18 deletions(-)
To github.com:gestordecx/promod-vitrine.git
   995019e..879b46e  main -> main
60 ofertas escritas em index.html.
Vitrine publicada com sucesso.
[main ee4b99a] Atualiza vitrine - 28/09/2026 05:45
 2 files changed, 7 insertions(+), 1 deletion(-)
To github.com:gestordecx/promod-vitrine.git
   879b46e..ee4b99a  main -> main
60 ofertas escritas em index.html.
Vitrine publicada com sucesso.
[main 1b24ed1] Atualiza vitrine - 28/09/2026 06:00
 2 files changed, 7 insertions(+), 1 deletion(-)
To github.com:gestordecx/promod-vitrine.git
   ee4b99a..1b24ed1  main -> main
60 ofertas escritas em index.html.
Vitrine publicada com sucesso.
[main 753d99b] Atualiza vitrine - 28/09/2026 06:15
 2 files changed, 7 insertions(+), 1 deletion(-)
To github.com:gestordecx/promod-vitrine.git
   1b24ed1..753d99b  main -> main
60 ofertas escritas em index.html.
Vitrine publicada com sucesso.
[main 22ed7e5] Atualiza vitrine - 28/09/2026 06:30
 2 files changed, 23 insertions(+), 17 deletions(-)
To github.com:gestordecx/promod-vitrine.git
   753d99b..22ed7e5  main -> main
60 ofertas escritas em index.html.
Vitrine publicada com sucesso.
[main 3aa2aeb] Atualiza vitrine - 28/09/2026 06:45
 2 files changed, 24 insertions(+), 18 deletions(-)
To github.com:gestordecx/promod-vitrine.git
   22ed7e5..3aa2aeb  main -> main
60 ofertas escritas em index.html.
Vitrine publicada com sucesso.
[main 10ebc0e] Atualiza vitrine - 28/09/2026 07:00
 2 files changed, 24 insertions(+), 18 deletions(-)
To github.com:gestordecx/promod-vitrine.git
   3aa2aeb..10ebc0e  main -> main
60 ofertas escritas em index.html.
Vitrine publicada com sucesso.
[main af80fb7] Atualiza vitrine - 28/09/2026 07:15
 2 files changed, 91 insertions(+), 85 deletions(-)
To github.com:gestordecx/promod-vitrine.git
   10ebc0e..af80fb7  main -> main
60 ofertas escritas em index.html.
Vitrine publicada com sucesso.
[main 73c8365] Atualiza vitrine - 28/09/2026 07:30
 2 files changed, 24 insertions(+), 18 deletions(-)
To github.com:gestordecx/promod-vitrine.git
   af80fb7..73c8365  main -> main
60 ofertas escritas em index.html.
Vitrine publicada com sucesso.
[main 018fdd1] Atualiza vitrine - 28/09/2026 07:45
 2 files changed, 125 insertions(+), 123 deletions(-)
To github.com:gestordecx/promod-vitrine.git
   73c8365..018fdd1  main -> main
60 ofertas escritas em index.html.
Vitrine publicada com sucesso.
[main 7ff9d05] Atualiza vitrine - 28/09/2026 08:00
 2 files changed, 160 insertions(+), 154 deletions(-)
To github.com:gestordecx/promod-vitrine.git
   018fdd1..7ff9d05  main -> main
60 ofertas escritas em index.html.
Vitrine publicada com sucesso.
[main 5ee0c16] Atualiza vitrine - 28/09/2026 08:15
 2 files changed, 142 insertions(+), 136 deletions(-)
To github.com:gestordecx/promod-vitrine.git
   7ff9d05..5ee0c16  main -> main
60 ofertas escritas em index.html.
Vitrine publicada com sucesso.
[main ed0c6a6] Atualiza vitrine - 28/09/2026 08:30
 2 files changed, 312 insertions(+), 307 deletions(-)
To github.com:gestordecx/promod-vitrine.git
   5ee0c16..ed0c6a6  main -> main
60 ofertas escritas em index.html.
Vitrine publicada com sucesso.
[main 7d028da] Atualiza vitrine - 28/09/2026 08:45
 2 files changed, 140 insertions(+), 131 deletions(-)
To github.com:gestordecx/promod-vitrine.git
   ed0c6a6..7d028da  main -> main
60 ofertas escritas em index.html.
Vitrine publicada com sucesso.
[main ce1a100] Atualiza vitrine - 28/09/2026 09:00
 2 files changed, 89 insertions(+), 83 deletions(-)
To github.com:gestordecx/promod-vitrine.git
   7d028da..ce1a100  main -> main
60 ofertas escritas em index.html.
Vitrine publicada com sucesso.
[main c18906e] Atualiza vitrine - 28/09/2026 09:15
 2 files changed, 126 insertions(+), 122 deletions(-)
To github.com:gestordecx/promod-vitrine.git
   ce1a100..c18906e  main -> main
60 ofertas escritas em index.html.
Vitrine publicada com sucesso.
[main 21e38d9] Atualiza vitrine - 28/09/2026 09:30
 2 files changed, 154 insertions(+), 148 deletions(-)
To github.com:gestordecx/promod-vitrine.git
   c18906e..21e38d9  main -> main
60 ofertas escritas em index.html.
Vitrine publicada com sucesso.
[main 96bacf4] Atualiza vitrine - 28/09/2026 09:45
 2 files changed, 257 insertions(+), 251 deletions(-)
To github.com:gestordecx/promod-vitrine.git
   21e38d9..96bacf4  main -> main
60 ofertas escritas em index.html.
Vitrine publicada com sucesso.
[main e48260a] Atualiza vitrine - 28/09/2026 10:00
 2 files changed, 248 insertions(+), 242 deletions(-)
To github.com:gestordecx/promod-vitrine.git
   96bacf4..e48260a  main -> main
60 ofertas escritas em index.html.
Vitrine publicada com sucesso.
[main 5b5f40b] Atualiza vitrine - 28/09/2026 10:15
 2 files changed, 88 insertions(+), 82 deletions(-)
To github.com:gestordecx/promod-vitrine.git
   e48260a..5b5f40b  main -> main
60 ofertas escritas em index.html.
Vitrine publicada com sucesso.
[main bae9f60] Atualiza vitrine - 28/09/2026 10:30
 2 files changed, 88 insertions(+), 84 deletions(-)
To github.com:gestordecx/promod-vitrine.git
   5b5f40b..bae9f60  main -> main
60 ofertas escritas em index.html.
Vitrine publicada com sucesso.
[main 1889c47] Atualiza vitrine - 28/09/2026 10:45
 2 files changed, 173 insertions(+), 167 deletions(-)
To github.com:gestordecx/promod-vitrine.git
   bae9f60..1889c47  main -> main
60 ofertas escritas em index.html.
Vitrine publicada com sucesso.
[main 217b139] Atualiza vitrine - 28/09/2026 11:00
 2 files changed, 156 insertions(+), 149 deletions(-)
To github.com:gestordecx/promod-vitrine.git
   1889c47..217b139  main -> main
60 ofertas escritas em index.html.
Vitrine publicada com sucesso.
[main ea23619] Atualiza vitrine - 28/09/2026 11:15
 2 files changed, 142 insertions(+), 136 deletions(-)
To github.com:gestordecx/promod-vitrine.git
   217b139..ea23619  main -> main
60 ofertas escritas em index.html.
Vitrine publicada com sucesso.
[main 861a40a] Atualiza vitrine - 28/09/2026 11:30
 2 files changed, 89 insertions(+), 83 deletions(-)
To github.com:gestordecx/promod-vitrine.git
   ea23619..861a40a  main -> main
60 ofertas escritas em index.html.
Vitrine publicada com sucesso.
[main 4d6ba88] Atualiza vitrine - 28/09/2026 11:45
 2 files changed, 189 insertions(+), 183 deletions(-)
To github.com:gestordecx/promod-vitrine.git
   861a40a..4d6ba88  main -> main
60 ofertas escritas em index.html.
Vitrine publicada com sucesso.
[main 12a7637] Atualiza vitrine - 28/09/2026 12:00
 2 files changed, 365 insertions(+), 359 deletions(-)
To github.com:gestordecx/promod-vitrine.git
   4d6ba88..12a7637  main -> main
60 ofertas escritas em index.html.
Vitrine publicada com sucesso.
[main c42b548] Atualiza vitrine - 28/09/2026 12:15
 2 files changed, 121 insertions(+), 118 deletions(-)
To github.com:gestordecx/promod-vitrine.git
   12a7637..c42b548  main -> main
60 ofertas escritas em index.html.
Vitrine publicada com sucesso.
[main 76aec1e] Atualiza vitrine - 28/09/2026 12:30
 2 files changed, 192 insertions(+), 186 deletions(-)
To github.com:gestordecx/promod-vitrine.git
   c42b548..76aec1e  main -> main
60 ofertas escritas em index.html.
Vitrine publicada com sucesso.
[main 80ca1ec] Atualiza vitrine - 28/09/2026 12:45
 2 files changed, 138 insertions(+), 132 deletions(-)
To github.com:gestordecx/promod-vitrine.git
   76aec1e..80ca1ec  main -> main
60 ofertas escritas em index.html.
Vitrine publicada com sucesso.
[main 090078b] Atualiza vitrine - 28/09/2026 13:00
 2 files changed, 224 insertions(+), 218 deletions(-)
To github.com:gestordecx/promod-vitrine.git
   80ca1ec..090078b  main -> main
60 ofertas escritas em index.html.
Vitrine publicada com sucesso.
[main c0392b5] Atualiza vitrine - 28/09/2026 13:15
 2 files changed, 158 insertions(+), 150 deletions(-)
To github.com:gestordecx/promod-vitrine.git
   090078b..c0392b5  main -> main
60 ofertas escritas em index.html.
Vitrine publicada com sucesso.
[main f34ac8e] Atualiza vitrine - 28/09/2026 13:30
 2 files changed, 139 insertions(+), 133 deletions(-)
To github.com:gestordecx/promod-vitrine.git
   c0392b5..f34ac8e  main -> main
60 ofertas escritas em index.html.
Vitrine publicada com sucesso.
[main 608e2a1] Atualiza vitrine - 28/09/2026 13:45
 2 files changed, 122 insertions(+), 116 deletions(-)
To github.com:gestordecx/promod-vitrine.git
   f34ac8e..608e2a1  main -> main
60 ofertas escritas em index.html.
Vitrine publicada com sucesso.
[main 9752468] Atualiza vitrine - 28/09/2026 14:00
 2 files changed, 88 insertions(+), 82 deletions(-)
To github.com:gestordecx/promod-vitrine.git
   608e2a1..9752468  main -> main
60 ofertas escritas em index.html.
Vitrine publicada com sucesso.
[main 93c7800] Atualiza vitrine - 28/09/2026 14:15
 2 files changed, 294 insertions(+), 290 deletions(-)
To github.com:gestordecx/promod-vitrine.git
   9752468..93c7800  main -> main
60 ofertas escritas em index.html.
Vitrine publicada com sucesso.
[main adae509] Atualiza vitrine - 28/09/2026 14:30
 2 files changed, 125 insertions(+), 119 deletions(-)
To github.com:gestordecx/promod-vitrine.git
   93c7800..adae509  main -> main
60 ofertas escritas em index.html.
Vitrine publicada com sucesso.
[main 3822563] Atualiza vitrine - 28/09/2026 14:45
 2 files changed, 207 insertions(+), 201 deletions(-)
To github.com:gestordecx/promod-vitrine.git
   adae509..3822563  main -> main
60 ofertas escritas em index.html.
Vitrine publicada com sucesso.
[main 1b73872] Atualiza vitrine - 28/09/2026 15:00
 2 files changed, 210 insertions(+), 204 deletions(-)
To github.com:gestordecx/promod-vitrine.git
   3822563..1b73872  main -> main
60 ofertas escritas em index.html.
Vitrine publicada com sucesso.
[main 1854dad] Atualiza vitrine - 28/09/2026 15:15
 2 files changed, 269 insertions(+), 262 deletions(-)
To github.com:gestordecx/promod-vitrine.git
   1b73872..1854dad  main -> main
60 ofertas escritas em index.html.
Vitrine publicada com sucesso.
[main 8b26c41] Atualiza vitrine - 28/09/2026 15:30
 2 files changed, 7 insertions(+), 1 deletion(-)
To github.com:gestordecx/promod-vitrine.git
   1854dad..8b26c41  main -> main
60 ofertas escritas em index.html.
Vitrine publicada com sucesso.
[main 5442661] Atualiza vitrine - 28/09/2026 15:45
 2 files changed, 7 insertions(+), 1 deletion(-)
To github.com:gestordecx/promod-vitrine.git
   8b26c41..5442661  main -> main
60 ofertas escritas em index.html.
Vitrine publicada com sucesso.
[main e459d6c] Atualiza vitrine - 28/09/2026 16:00
 2 files changed, 7 insertions(+), 1 deletion(-)
To github.com:gestordecx/promod-vitrine.git
   5442661..e459d6c  main -> main
60 ofertas escritas em index.html.
Vitrine publicada com sucesso.
[main f1eb588] Atualiza vitrine - 28/09/2026 16:15
 2 files changed, 7 insertions(+), 1 deletion(-)
To github.com:gestordecx/promod-vitrine.git
   e459d6c..f1eb588  main -> main
60 ofertas escritas em index.html.
Vitrine publicada com sucesso.
[main 32a083f] Atualiza vitrine - 28/09/2026 16:30
 2 files changed, 7 insertions(+), 1 deletion(-)
To github.com:gestordecx/promod-vitrine.git
   f1eb588..32a083f  main -> main
60 ofertas escritas em index.html.
Vitrine publicada com sucesso.
[main 939d456] Atualiza vitrine - 28/09/2026 16:45
 2 files changed, 7 insertions(+), 1 deletion(-)
To github.com:gestordecx/promod-vitrine.git
   32a083f..939d456  main -> main
60 ofertas escritas em index.html.
Vitrine publicada com sucesso.
[main 9ad7fb0] Atualiza vitrine - 28/09/2026 17:00
 2 files changed, 7 insertions(+), 1 deletion(-)
To github.com:gestordecx/promod-vitrine.git
   939d456..9ad7fb0  main -> main
60 ofertas escritas em index.html.
Vitrine publicada com sucesso.
[main 2bb9569] Atualiza vitrine - 28/09/2026 17:15
 2 files changed, 7 insertions(+), 1 deletion(-)
To github.com:gestordecx/promod-vitrine.git
   9ad7fb0..2bb9569  main -> main
60 ofertas escritas em index.html.
Vitrine publicada com sucesso.
[main 2591a02] Atualiza vitrine - 28/09/2026 17:30
 2 files changed, 7 insertions(+), 1 deletion(-)
To github.com:gestordecx/promod-vitrine.git
   2bb9569..2591a02  main -> main
60 ofertas escritas em index.html.
Vitrine publicada com sucesso.
[main 0bca437] Atualiza vitrine - 28/09/2026 17:45
 2 files changed, 7 insertions(+), 1 deletion(-)
To github.com:gestordecx/promod-vitrine.git
   2591a02..0bca437  main -> main
60 ofertas escritas em index.html.
Vitrine publicada com sucesso.
[main 8451893] Atualiza vitrine - 28/09/2026 18:00
 2 files changed, 7 insertions(+), 1 deletion(-)
To github.com:gestordecx/promod-vitrine.git
   0bca437..8451893  main -> main
60 ofertas escritas em index.html.
Vitrine publicada com sucesso.
[main bfb2d35] Atualiza vitrine - 28/09/2026 18:15
 2 files changed, 7 insertions(+), 1 deletion(-)
To github.com:gestordecx/promod-vitrine.git
   8451893..bfb2d35  main -> main
60 ofertas escritas em index.html.
Vitrine publicada com sucesso.
[main 96019e1] Atualiza vitrine - 28/09/2026 18:30
 2 files changed, 7 insertions(+), 1 deletion(-)
To github.com:gestordecx/promod-vitrine.git
   bfb2d35..96019e1  main -> main
60 ofertas escritas em index.html.
Vitrine publicada com sucesso.
[main 109e976] Atualiza vitrine - 28/09/2026 18:45
 2 files changed, 7 insertions(+), 1 deletion(-)
To github.com:gestordecx/promod-vitrine.git
   96019e1..109e976  main -> main
60 ofertas escritas em index.html.
Vitrine publicada com sucesso.
[main 10b1b50] Atualiza vitrine - 28/09/2026 19:00
 2 files changed, 7 insertions(+), 1 deletion(-)
To github.com:gestordecx/promod-vitrine.git
   109e976..10b1b50  main -> main
60 ofertas escritas em index.html.
Vitrine publicada com sucesso.
[main df2221f] Atualiza vitrine - 28/09/2026 19:15
 2 files changed, 7 insertions(+), 1 deletion(-)
To github.com:gestordecx/promod-vitrine.git
   10b1b50..df2221f  main -> main
60 ofertas escritas em index.html.
Vitrine publicada com sucesso.
[main 1fca587] Atualiza vitrine - 28/09/2026 19:30
 2 files changed, 7 insertions(+), 1 deletion(-)
To github.com:gestordecx/promod-vitrine.git
   df2221f..1fca587  main -> main
60 ofertas escritas em index.html.
Vitrine publicada com sucesso.
[main 75d7cf9] Atualiza vitrine - 28/09/2026 19:45
 2 files changed, 7 insertions(+), 1 deletion(-)
To github.com:gestordecx/promod-vitrine.git
   1fca587..75d7cf9  main -> main
60 ofertas escritas em index.html.
Vitrine publicada com sucesso.
[main 2adead4] Atualiza vitrine - 28/09/2026 20:00
 2 files changed, 7 insertions(+), 1 deletion(-)
To github.com:gestordecx/promod-vitrine.git
   75d7cf9..2adead4  main -> main
60 ofertas escritas em index.html.
Vitrine publicada com sucesso.
[main 2bea9bb] Atualiza vitrine - 28/09/2026 20:15
 2 files changed, 7 insertions(+), 1 deletion(-)
To github.com:gestordecx/promod-vitrine.git
   2adead4..2bea9bb  main -> main
60 ofertas escritas em index.html.
Vitrine publicada com sucesso.
[main 66e6abb] Atualiza vitrine - 28/09/2026 20:30
 2 files changed, 7 insertions(+), 1 deletion(-)
To github.com:gestordecx/promod-vitrine.git
   2bea9bb..66e6abb  main -> main
60 ofertas escritas em index.html.
Vitrine publicada com sucesso.
[main b4e0bf3] Atualiza vitrine - 28/09/2026 20:45
 2 files changed, 7 insertions(+), 1 deletion(-)
To github.com:gestordecx/promod-vitrine.git
   66e6abb..b4e0bf3  main -> main
60 ofertas escritas em index.html.
Vitrine publicada com sucesso.
[main 63df9b1] Atualiza vitrine - 28/09/2026 21:00
 2 files changed, 7 insertions(+), 1 deletion(-)
To github.com:gestordecx/promod-vitrine.git
   b4e0bf3..63df9b1  main -> main
60 ofertas escritas em index.html.
Vitrine publicada com sucesso.
[main 4692b68] Atualiza vitrine - 28/09/2026 21:15
 2 files changed, 7 insertions(+), 1 deletion(-)
To github.com:gestordecx/promod-vitrine.git
   63df9b1..4692b68  main -> main
60 ofertas escritas em index.html.
Vitrine publicada com sucesso.
[main 78d3633] Atualiza vitrine - 28/09/2026 21:30
 2 files changed, 7 insertions(+), 1 deletion(-)
To github.com:gestordecx/promod-vitrine.git
   4692b68..78d3633  main -> main
60 ofertas escritas em index.html.
Vitrine publicada com sucesso.
[main 76c97ce] Atualiza vitrine - 28/09/2026 21:45
 2 files changed, 7 insertions(+), 1 deletion(-)
To github.com:gestordecx/promod-vitrine.git
   78d3633..76c97ce  main -> main
60 ofertas escritas em index.html.
Vitrine publicada com sucesso.
[main 23a57a6] Atualiza vitrine - 28/09/2026 22:00
 2 files changed, 7 insertions(+), 1 deletion(-)
To github.com:gestordecx/promod-vitrine.git
   76c97ce..23a57a6  main -> main
60 ofertas escritas em index.html.
Vitrine publicada com sucesso.
[main ba8a666] Atualiza vitrine - 28/09/2026 22:15
 2 files changed, 7 insertions(+), 1 deletion(-)
To github.com:gestordecx/promod-vitrine.git
   23a57a6..ba8a666  main -> main
60 ofertas escritas em index.html.
Vitrine publicada com sucesso.
[main 6ed706c] Atualiza vitrine - 28/09/2026 22:30
 2 files changed, 87 insertions(+), 86 deletions(-)
To github.com:gestordecx/promod-vitrine.git
   ba8a666..6ed706c  main -> main
60 ofertas escritas em index.html.
Vitrine publicada com sucesso.
[main def03f1] Atualiza vitrine - 28/09/2026 22:45
 2 files changed, 23 insertions(+), 18 deletions(-)
To github.com:gestordecx/promod-vitrine.git
   6ed706c..def03f1  main -> main
60 ofertas escritas em index.html.
Vitrine publicada com sucesso.
[main 6b9788b] Atualiza vitrine - 28/09/2026 23:00
 2 files changed, 7 insertions(+), 1 deletion(-)
To github.com:gestordecx/promod-vitrine.git
   def03f1..6b9788b  main -> main
60 ofertas escritas em index.html.
Vitrine publicada com sucesso.
[main fa76535] Atualiza vitrine - 28/09/2026 23:15
 2 files changed, 7 insertions(+), 1 deletion(-)
To github.com:gestordecx/promod-vitrine.git
   6b9788b..fa76535  main -> main
60 ofertas escritas em index.html.
Vitrine publicada com sucesso.
[main 1ffdf92] Atualiza vitrine - 28/09/2026 23:30
 2 files changed, 7 insertions(+), 1 deletion(-)
To github.com:gestordecx/promod-vitrine.git
   fa76535..1ffdf92  main -> main
60 ofertas escritas em index.html.
Vitrine publicada com sucesso.
[main bd473f8] Atualiza vitrine - 28/09/2026 23:45
 2 files changed, 7 insertions(+), 1 deletion(-)
To github.com:gestordecx/promod-vitrine.git
   1ffdf92..bd473f8  main -> main
60 ofertas escritas em index.html.
Vitrine publicada com sucesso.
[main 1c8801b] Atualiza vitrine - 29/09/2026 00:00
 2 files changed, 7 insertions(+), 1 deletion(-)
To github.com:gestordecx/promod-vitrine.git
   bd473f8..1c8801b  main -> main
60 ofertas escritas em index.html.
Vitrine publicada com sucesso.
[main 70bf064] Atualiza vitrine - 29/09/2026 00:15
 2 files changed, 224 insertions(+), 218 deletions(-)
To github.com:gestordecx/promod-vitrine.git
   1c8801b..70bf064  main -> main
60 ofertas escritas em index.html.
Vitrine publicada com sucesso.
[main 584672f] Atualiza vitrine - 29/09/2026 00:30
 2 files changed, 253 insertions(+), 239 deletions(-)
To github.com:gestordecx/promod-vitrine.git
   70bf064..584672f  main -> main
60 ofertas escritas em index.html.
Vitrine publicada com sucesso.
[main 4a11aad] Atualiza vitrine - 29/09/2026 00:45
 2 files changed, 39 insertions(+), 33 deletions(-)
To github.com:gestordecx/promod-vitrine.git
   584672f..4a11aad  main -> main
60 ofertas escritas em index.html.
Vitrine publicada com sucesso.
[main f509863] Atualiza vitrine - 29/09/2026 01:00
 2 files changed, 157 insertions(+), 152 deletions(-)
To github.com:gestordecx/promod-vitrine.git
   4a11aad..f509863  main -> main
60 ofertas escritas em index.html.
Vitrine publicada com sucesso.
[main faf269a] Atualiza vitrine - 29/09/2026 01:15
 2 files changed, 75 insertions(+), 69 deletions(-)
To github.com:gestordecx/promod-vitrine.git
   f509863..faf269a  main -> main
60 ofertas escritas em index.html.
Vitrine publicada com sucesso.
[main ae8d52f] Atualiza vitrine - 29/09/2026 01:30
 2 files changed, 7 insertions(+), 1 deletion(-)
To github.com:gestordecx/promod-vitrine.git
   faf269a..ae8d52f  main -> main
60 ofertas escritas em index.html.
Vitrine publicada com sucesso.
[main 3f4317c] Atualiza vitrine - 29/09/2026 01:45
 2 files changed, 7 insertions(+), 1 deletion(-)
To github.com:gestordecx/promod-vitrine.git
   ae8d52f..3f4317c  main -> main
60 ofertas escritas em index.html.
Vitrine publicada com sucesso.
[main 7340841] Atualiza vitrine - 29/09/2026 02:00
 2 files changed, 92 insertions(+), 86 deletions(-)
To github.com:gestordecx/promod-vitrine.git
   3f4317c..7340841  main -> main
60 ofertas escritas em index.html.
Vitrine publicada com sucesso.
[main 55c2b74] Atualiza vitrine - 29/09/2026 02:15
 2 files changed, 76 insertions(+), 67 deletions(-)
To github.com:gestordecx/promod-vitrine.git
   7340841..55c2b74  main -> main
60 ofertas escritas em index.html.
Vitrine publicada com sucesso.
[main c9eb2aa] Atualiza vitrine - 29/09/2026 02:30
 2 files changed, 24 insertions(+), 18 deletions(-)
To github.com:gestordecx/promod-vitrine.git
   55c2b74..c9eb2aa  main -> main
60 ofertas escritas em index.html.
Vitrine publicada com sucesso.
[main c4bb4d0] Atualiza vitrine - 29/09/2026 02:45
 2 files changed, 39 insertions(+), 33 deletions(-)
To github.com:gestordecx/promod-vitrine.git
   c9eb2aa..c4bb4d0  main -> main
60 ofertas escritas em index.html.
Vitrine publicada com sucesso.
[main a669f07] Atualiza vitrine - 29/09/2026 03:00
 2 files changed, 39 insertions(+), 33 deletions(-)
To github.com:gestordecx/promod-vitrine.git
   c4bb4d0..a669f07  main -> main
60 ofertas escritas em index.html.
Vitrine publicada com sucesso.
[main 3a0f480] Atualiza vitrine - 29/09/2026 03:15
 2 files changed, 24 insertions(+), 19 deletions(-)
To github.com:gestordecx/promod-vitrine.git
   a669f07..3a0f480  main -> main
60 ofertas escritas em index.html.
Vitrine publicada com sucesso.
[main 1d77899] Atualiza vitrine - 29/09/2026 03:30
 2 files changed, 23 insertions(+), 17 deletions(-)
To github.com:gestordecx/promod-vitrine.git
   3a0f480..1d77899  main -> main
60 ofertas escritas em index.html.
Vitrine publicada com sucesso.
[main 119b060] Atualiza vitrine - 29/09/2026 03:45
 2 files changed, 41 insertions(+), 33 deletions(-)
To github.com:gestordecx/promod-vitrine.git
   1d77899..119b060  main -> main
60 ofertas escritas em index.html.
Vitrine publicada com sucesso.
[main e32bd49] Atualiza vitrine - 29/09/2026 04:00
 2 files changed, 7 insertions(+), 1 deletion(-)
To github.com:gestordecx/promod-vitrine.git
   119b060..e32bd49  main -> main
60 ofertas escritas em index.html.
Vitrine publicada com sucesso.
[main 242b020] Atualiza vitrine - 29/09/2026 04:15
 2 files changed, 24 insertions(+), 20 deletions(-)
To github.com:gestordecx/promod-vitrine.git
   e32bd49..242b020  main -> main
60 ofertas escritas em index.html.
Vitrine publicada com sucesso.
[main b1e3e1b] Atualiza vitrine - 29/09/2026 04:30
 2 files changed, 7 insertions(+), 1 deletion(-)
To github.com:gestordecx/promod-vitrine.git
   242b020..b1e3e1b  main -> main
60 ofertas escritas em index.html.
Vitrine publicada com sucesso.
[main 4110e77] Atualiza vitrine - 29/09/2026 04:45
 2 files changed, 7 insertions(+), 1 deletion(-)
To github.com:gestordecx/promod-vitrine.git
   b1e3e1b..4110e77  main -> main
60 ofertas escritas em index.html.
Vitrine publicada com sucesso.
[main a11bf4e] Atualiza vitrine - 29/09/2026 05:00
 2 files changed, 7 insertions(+), 1 deletion(-)
To github.com:gestordecx/promod-vitrine.git
   4110e77..a11bf4e  main -> main
60 ofertas escritas em index.html.
Vitrine publicada com sucesso.
[main 362a96e] Atualiza vitrine - 29/09/2026 05:15
 2 files changed, 24 insertions(+), 18 deletions(-)
To github.com:gestordecx/promod-vitrine.git
   a11bf4e..362a96e  main -> main
60 ofertas escritas em index.html.
Vitrine publicada com sucesso.
[main 826d6f5] Atualiza vitrine - 29/09/2026 05:30
 2 files changed, 7 insertions(+), 1 deletion(-)
To github.com:gestordecx/promod-vitrine.git
   362a96e..826d6f5  main -> main
60 ofertas escritas em index.html.
Vitrine publicada com sucesso.
[main 14c9a06] Atualiza vitrine - 29/09/2026 05:45
 2 files changed, 24 insertions(+), 18 deletions(-)
To github.com:gestordecx/promod-vitrine.git
   826d6f5..14c9a06  main -> main
60 ofertas escritas em index.html.
Vitrine publicada com sucesso.
[main 15b48b7] Atualiza vitrine - 29/09/2026 06:00
 2 files changed, 40 insertions(+), 34 deletions(-)
To github.com:gestordecx/promod-vitrine.git
   14c9a06..15b48b7  main -> main
60 ofertas escritas em index.html.
Vitrine publicada com sucesso.
[main c16bc17] Atualiza vitrine - 29/09/2026 06:15
 2 files changed, 23 insertions(+), 17 deletions(-)
To github.com:gestordecx/promod-vitrine.git
   15b48b7..c16bc17  main -> main
60 ofertas escritas em index.html.
Vitrine publicada com sucesso.
[main daf6d56] Atualiza vitrine - 29/09/2026 06:30
 2 files changed, 23 insertions(+), 17 deletions(-)
To github.com:gestordecx/promod-vitrine.git
   c16bc17..daf6d56  main -> main
60 ofertas escritas em index.html.
Vitrine publicada com sucesso.
[main 7449da3] Atualiza vitrine - 29/09/2026 06:45
 2 files changed, 39 insertions(+), 33 deletions(-)
To github.com:gestordecx/promod-vitrine.git
   daf6d56..7449da3  main -> main
60 ofertas escritas em index.html.
Vitrine publicada com sucesso.
[main c723107] Atualiza vitrine - 29/09/2026 07:00
 2 files changed, 23 insertions(+), 17 deletions(-)
To github.com:gestordecx/promod-vitrine.git
   7449da3..c723107  main -> main
60 ofertas escritas em index.html.
Vitrine publicada com sucesso.
[main 8a68fdb] Atualiza vitrine - 29/09/2026 07:15
 2 files changed, 23 insertions(+), 17 deletions(-)
To github.com:gestordecx/promod-vitrine.git
   c723107..8a68fdb  main -> main
60 ofertas escritas em index.html.
Vitrine publicada com sucesso.
[main 544203a] Atualiza vitrine - 29/09/2026 07:30
 2 files changed, 55 insertions(+), 49 deletions(-)
To github.com:gestordecx/promod-vitrine.git
   8a68fdb..544203a  main -> main
60 ofertas escritas em index.html.
Vitrine publicada com sucesso.
[main 619174e] Atualiza vitrine - 29/09/2026 07:45
 2 files changed, 179 insertions(+), 170 deletions(-)
To github.com:gestordecx/promod-vitrine.git
   544203a..619174e  main -> main
60 ofertas escritas em index.html.
Vitrine publicada com sucesso.
[main 6a8016c] Atualiza vitrine - 29/09/2026 08:00
 2 files changed, 262 insertions(+), 258 deletions(-)
To github.com:gestordecx/promod-vitrine.git
   619174e..6a8016c  main -> main
60 ofertas escritas em index.html.
Vitrine publicada com sucesso.
[main 9d5d21f] Atualiza vitrine - 29/09/2026 08:15
 2 files changed, 220 insertions(+), 216 deletions(-)
To github.com:gestordecx/promod-vitrine.git
   6a8016c..9d5d21f  main -> main
60 ofertas escritas em index.html.
Vitrine publicada com sucesso.
[main d11d07e] Atualiza vitrine - 29/09/2026 08:30
 2 files changed, 23 insertions(+), 17 deletions(-)
To github.com:gestordecx/promod-vitrine.git
   9d5d21f..d11d07e  main -> main
60 ofertas escritas em index.html.
Vitrine publicada com sucesso.
[main 121dc98] Atualiza vitrine - 29/09/2026 08:45
 2 files changed, 40 insertions(+), 35 deletions(-)
To github.com:gestordecx/promod-vitrine.git
   d11d07e..121dc98  main -> main
60 ofertas escritas em index.html.
Vitrine publicada com sucesso.
[main e733f39] Atualiza vitrine - 29/09/2026 09:00
 2 files changed, 56 insertions(+), 50 deletions(-)
To github.com:gestordecx/promod-vitrine.git
   121dc98..e733f39  main -> main
60 ofertas escritas em index.html.
Vitrine publicada com sucesso.
[main 31937a2] Atualiza vitrine - 29/09/2026 09:15
 2 files changed, 189 insertions(+), 183 deletions(-)
To github.com:gestordecx/promod-vitrine.git
   e733f39..31937a2  main -> main
60 ofertas escritas em index.html.
Vitrine publicada com sucesso.
[main 503482b] Atualiza vitrine - 29/09/2026 09:30
 2 files changed, 87 insertions(+), 81 deletions(-)
To github.com:gestordecx/promod-vitrine.git
   31937a2..503482b  main -> main
60 ofertas escritas em index.html.
Vitrine publicada com sucesso.
[main 31afa19] Atualiza vitrine - 29/09/2026 09:45
 2 files changed, 189 insertions(+), 181 deletions(-)
To github.com:gestordecx/promod-vitrine.git
   503482b..31afa19  main -> main
60 ofertas escritas em index.html.
Vitrine publicada com sucesso.
[main 952bafc] Atualiza vitrine - 29/09/2026 10:00
 2 files changed, 479 insertions(+), 475 deletions(-)
To github.com:gestordecx/promod-vitrine.git
   31afa19..952bafc  main -> main
60 ofertas escritas em index.html.
Vitrine publicada com sucesso.
[main 60fa1dd] Atualiza vitrine - 29/09/2026 10:15
 2 files changed, 176 insertions(+), 168 deletions(-)
To github.com:gestordecx/promod-vitrine.git
   952bafc..60fa1dd  main -> main
60 ofertas escritas em index.html.
Vitrine publicada com sucesso.
[main 631841e] Atualiza vitrine - 29/09/2026 10:30
 2 files changed, 91 insertions(+), 85 deletions(-)
To github.com:gestordecx/promod-vitrine.git
   60fa1dd..631841e  main -> main
60 ofertas escritas em index.html.
Vitrine publicada com sucesso.
[main e8f3a07] Atualiza vitrine - 29/09/2026 10:45
 2 files changed, 242 insertions(+), 236 deletions(-)
To github.com:gestordecx/promod-vitrine.git
   631841e..e8f3a07  main -> main
60 ofertas escritas em index.html.
Vitrine publicada com sucesso.
[main ee4690b] Atualiza vitrine - 29/09/2026 11:00
 2 files changed, 238 insertions(+), 234 deletions(-)
To github.com:gestordecx/promod-vitrine.git
   e8f3a07..ee4690b  main -> main
60 ofertas escritas em index.html.
Vitrine publicada com sucesso.
[main e772f80] Atualiza vitrine - 29/09/2026 11:15
 2 files changed, 174 insertions(+), 168 deletions(-)
To github.com:gestordecx/promod-vitrine.git
   ee4690b..e772f80  main -> main
60 ofertas escritas em index.html.
Vitrine publicada com sucesso.
[main 13476c9] Atualiza vitrine - 29/09/2026 11:30
 2 files changed, 56 insertions(+), 50 deletions(-)
To github.com:gestordecx/promod-vitrine.git
   e772f80..13476c9  main -> main
60 ofertas escritas em index.html.
Vitrine publicada com sucesso.
[main 9c5ab5f] Atualiza vitrine - 29/09/2026 11:45
 2 files changed, 24 insertions(+), 18 deletions(-)
To github.com:gestordecx/promod-vitrine.git
   13476c9..9c5ab5f  main -> main
60 ofertas escritas em index.html.
Vitrine publicada com sucesso.
[main 0facfd6] Atualiza vitrine - 29/09/2026 12:00
 2 files changed, 41 insertions(+), 35 deletions(-)
To github.com:gestordecx/promod-vitrine.git
   9c5ab5f..0facfd6  main -> main
60 ofertas escritas em index.html.
Vitrine publicada com sucesso.
[main 5340aac] Atualiza vitrine - 29/09/2026 12:15
 2 files changed, 285 insertions(+), 279 deletions(-)
To github.com:gestordecx/promod-vitrine.git
   0facfd6..5340aac  main -> main
60 ofertas escritas em index.html.
Vitrine publicada com sucesso.
[main e8c2a7a] Atualiza vitrine - 29/09/2026 12:30
 2 files changed, 107 insertions(+), 101 deletions(-)
To github.com:gestordecx/promod-vitrine.git
   5340aac..e8c2a7a  main -> main
60 ofertas escritas em index.html.
Vitrine publicada com sucesso.
[main a3588d0] Atualiza vitrine - 29/09/2026 12:45
 2 files changed, 73 insertions(+), 67 deletions(-)
To github.com:gestordecx/promod-vitrine.git
   e8c2a7a..a3588d0  main -> main
60 ofertas escritas em index.html.
Vitrine publicada com sucesso.
[main a0dec1d] Atualiza vitrine - 29/09/2026 13:00
 2 files changed, 122 insertions(+), 116 deletions(-)
To github.com:gestordecx/promod-vitrine.git
   a3588d0..a0dec1d  main -> main
60 ofertas escritas em index.html.
Vitrine publicada com sucesso.
[main f674491] Atualiza vitrine - 29/09/2026 13:15
 2 files changed, 123 insertions(+), 120 deletions(-)
To github.com:gestordecx/promod-vitrine.git
   a0dec1d..f674491  main -> main
60 ofertas escritas em index.html.
Vitrine publicada com sucesso.
[main 8d2bf30] Atualiza vitrine - 29/09/2026 13:30
 2 files changed, 175 insertions(+), 166 deletions(-)
To github.com:gestordecx/promod-vitrine.git
   f674491..8d2bf30  main -> main
60 ofertas escritas em index.html.
Vitrine publicada com sucesso.
[main b1bb96b] Atualiza vitrine - 29/09/2026 13:45
 2 files changed, 120 insertions(+), 114 deletions(-)
To github.com:gestordecx/promod-vitrine.git
   8d2bf30..b1bb96b  main -> main
60 ofertas escritas em index.html.
Vitrine publicada com sucesso.
[main 9bdc9cc] Atualiza vitrine - 29/09/2026 14:00
 2 files changed, 122 insertions(+), 113 deletions(-)
To github.com:gestordecx/promod-vitrine.git
   b1bb96b..9bdc9cc  main -> main
60 ofertas escritas em index.html.
Vitrine publicada com sucesso.
[main 4ca5e70] Atualiza vitrine - 29/09/2026 14:15
 2 files changed, 43 insertions(+), 34 deletions(-)
To github.com:gestordecx/promod-vitrine.git
   9bdc9cc..4ca5e70  main -> main
60 ofertas escritas em index.html.
Vitrine publicada com sucesso.
[main 11dbf22] Atualiza vitrine - 29/09/2026 14:30
 2 files changed, 174 insertions(+), 168 deletions(-)
To github.com:gestordecx/promod-vitrine.git
   4ca5e70..11dbf22  main -> main
60 ofertas escritas em index.html.
Vitrine publicada com sucesso.
[main 3ba98de] Atualiza vitrine - 29/09/2026 14:45
 2 files changed, 137 insertions(+), 130 deletions(-)
To github.com:gestordecx/promod-vitrine.git
   11dbf22..3ba98de  main -> main
60 ofertas escritas em index.html.
Vitrine publicada com sucesso.
[main 3584b0e] Atualiza vitrine - 29/09/2026 15:00
 2 files changed, 40 insertions(+), 34 deletions(-)
To github.com:gestordecx/promod-vitrine.git
   3ba98de..3584b0e  main -> main
60 ofertas escritas em index.html.
Vitrine publicada com sucesso.
[main 707ba1b] Atualiza vitrine - 29/09/2026 15:15
 2 files changed, 94 insertions(+), 84 deletions(-)
To github.com:gestordecx/promod-vitrine.git
   3584b0e..707ba1b  main -> main
60 ofertas escritas em index.html.
Vitrine publicada com sucesso.
[main 856afc7] Atualiza vitrine - 29/09/2026 15:30
 2 files changed, 57 insertions(+), 51 deletions(-)
To github.com:gestordecx/promod-vitrine.git
   707ba1b..856afc7  main -> main
60 ofertas escritas em index.html.
Vitrine publicada com sucesso.
[main 022a070] Atualiza vitrine - 29/09/2026 15:45
 2 files changed, 71 insertions(+), 65 deletions(-)
To github.com:gestordecx/promod-vitrine.git
   856afc7..022a070  main -> main
60 ofertas escritas em index.html.
Vitrine publicada com sucesso.
[main c57b26f] Atualiza vitrine - 29/09/2026 16:00
 2 files changed, 202 insertions(+), 197 deletions(-)
To github.com:gestordecx/promod-vitrine.git
   022a070..c57b26f  main -> main
60 ofertas escritas em index.html.
Vitrine publicada com sucesso.
[main 55afa5b] Atualiza vitrine - 29/09/2026 16:15
 2 files changed, 106 insertions(+), 100 deletions(-)
To github.com:gestordecx/promod-vitrine.git
   c57b26f..55afa5b  main -> main
60 ofertas escritas em index.html.
Vitrine publicada com sucesso.
[main 91e5543] Atualiza vitrine - 29/09/2026 16:30
 2 files changed, 227 insertions(+), 222 deletions(-)
To github.com:gestordecx/promod-vitrine.git
   55afa5b..91e5543  main -> main
60 ofertas escritas em index.html.
Vitrine publicada com sucesso.
[main af395a0] Atualiza vitrine - 29/09/2026 16:45
 2 files changed, 88 insertions(+), 82 deletions(-)
To github.com:gestordecx/promod-vitrine.git
   91e5543..af395a0  main -> main
60 ofertas escritas em index.html.
Vitrine publicada com sucesso.
[main 6be9da7] Atualiza vitrine - 29/09/2026 17:00
 2 files changed, 194 insertions(+), 192 deletions(-)
To github.com:gestordecx/promod-vitrine.git
   af395a0..6be9da7  main -> main
60 ofertas escritas em index.html.
Vitrine publicada com sucesso.
[main dacd18e] Atualiza vitrine - 29/09/2026 17:15
 2 files changed, 7 insertions(+), 1 deletion(-)
To github.com:gestordecx/promod-vitrine.git
   6be9da7..dacd18e  main -> main
60 ofertas escritas em index.html.
Vitrine publicada com sucesso.
[main 954aa9d] Atualiza vitrine - 29/09/2026 17:30
 2 files changed, 7 insertions(+), 1 deletion(-)
To github.com:gestordecx/promod-vitrine.git
   dacd18e..954aa9d  main -> main
60 ofertas escritas em index.html.
Vitrine publicada com sucesso.
[main 8d465f1] Atualiza vitrine - 29/09/2026 17:45
 2 files changed, 7 insertions(+), 1 deletion(-)
To github.com:gestordecx/promod-vitrine.git
   954aa9d..8d465f1  main -> main
60 ofertas escritas em index.html.
Vitrine publicada com sucesso.
[main 0a3ed86] Atualiza vitrine - 29/09/2026 18:00
 2 files changed, 7 insertions(+), 1 deletion(-)
To github.com:gestordecx/promod-vitrine.git
   8d465f1..0a3ed86  main -> main
60 ofertas escritas em index.html.
Vitrine publicada com sucesso.
[main ec21ec4] Atualiza vitrine - 29/09/2026 18:15
 2 files changed, 7 insertions(+), 1 deletion(-)
To github.com:gestordecx/promod-vitrine.git
   0a3ed86..ec21ec4  main -> main
60 ofertas escritas em index.html.
Vitrine publicada com sucesso.
[main 7b2b7d5] Atualiza vitrine - 29/09/2026 18:30
 2 files changed, 7 insertions(+), 1 deletion(-)
To github.com:gestordecx/promod-vitrine.git
   ec21ec4..7b2b7d5  main -> main
60 ofertas escritas em index.html.
Vitrine publicada com sucesso.
[main 930f646] Atualiza vitrine - 29/09/2026 18:45
 2 files changed, 7 insertions(+), 1 deletion(-)
To github.com:gestordecx/promod-vitrine.git
   7b2b7d5..930f646  main -> main
60 ofertas escritas em index.html.
Vitrine publicada com sucesso.
[main 804cc88] Atualiza vitrine - 29/09/2026 19:00
 2 files changed, 7 insertions(+), 1 deletion(-)
To github.com:gestordecx/promod-vitrine.git
   930f646..804cc88  main -> main
60 ofertas escritas em index.html.
Vitrine publicada com sucesso.
[main ca3924c] Atualiza vitrine - 29/09/2026 19:15
 2 files changed, 7 insertions(+), 1 deletion(-)
To github.com:gestordecx/promod-vitrine.git
   804cc88..ca3924c  main -> main
60 ofertas escritas em index.html.
Vitrine publicada com sucesso.
[main 88f855d] Atualiza vitrine - 29/09/2026 19:30
 2 files changed, 7 insertions(+), 1 deletion(-)
To github.com:gestordecx/promod-vitrine.git
   ca3924c..88f855d  main -> main
60 ofertas escritas em index.html.
Vitrine publicada com sucesso.
[main 7038778] Atualiza vitrine - 29/09/2026 19:45
 2 files changed, 7 insertions(+), 1 deletion(-)
To github.com:gestordecx/promod-vitrine.git
   88f855d..7038778  main -> main
60 ofertas escritas em index.html.
Vitrine publicada com sucesso.
[main 2084d0b] Atualiza vitrine - 29/09/2026 20:00
 2 files changed, 7 insertions(+), 1 deletion(-)
To github.com:gestordecx/promod-vitrine.git
   7038778..2084d0b  main -> main
60 ofertas escritas em index.html.
Vitrine publicada com sucesso.
[main 8ee87a7] Atualiza vitrine - 29/09/2026 20:15
 2 files changed, 7 insertions(+), 1 deletion(-)
To github.com:gestordecx/promod-vitrine.git
   2084d0b..8ee87a7  main -> main
60 ofertas escritas em index.html.
Vitrine publicada com sucesso.
[main 032396d] Atualiza vitrine - 29/09/2026 20:30
 2 files changed, 7 insertions(+), 1 deletion(-)
To github.com:gestordecx/promod-vitrine.git
   8ee87a7..032396d  main -> main
60 ofertas escritas em index.html.
Vitrine publicada com sucesso.
[main 90d108e] Atualiza vitrine - 29/09/2026 20:45
 2 files changed, 7 insertions(+), 1 deletion(-)
To github.com:gestordecx/promod-vitrine.git
   032396d..90d108e  main -> main
60 ofertas escritas em index.html.
Vitrine publicada com sucesso.
[main 023b5d5] Atualiza vitrine - 29/09/2026 21:00
 2 files changed, 7 insertions(+), 1 deletion(-)
To github.com:gestordecx/promod-vitrine.git
   90d108e..023b5d5  main -> main
60 ofertas escritas em index.html.
Vitrine publicada com sucesso.
[main 51fd18b] Atualiza vitrine - 29/09/2026 21:15
 2 files changed, 7 insertions(+), 1 deletion(-)
To github.com:gestordecx/promod-vitrine.git
   023b5d5..51fd18b  main -> main
60 ofertas escritas em index.html.
Vitrine publicada com sucesso.
[main e846e53] Atualiza vitrine - 29/09/2026 21:30
 2 files changed, 7 insertions(+), 1 deletion(-)
To github.com:gestordecx/promod-vitrine.git
   51fd18b..e846e53  main -> main
60 ofertas escritas em index.html.
Vitrine publicada com sucesso.
[main 4b2fd4b] Atualiza vitrine - 29/09/2026 21:45
 2 files changed, 7 insertions(+), 1 deletion(-)
To github.com:gestordecx/promod-vitrine.git
   e846e53..4b2fd4b  main -> main
60 ofertas escritas em index.html.
Vitrine publicada com sucesso.
[main f2877d0] Atualiza vitrine - 29/09/2026 22:00
 2 files changed, 7 insertions(+), 1 deletion(-)
To github.com:gestordecx/promod-vitrine.git
   4b2fd4b..f2877d0  main -> main
60 ofertas escritas em index.html.
Vitrine publicada com sucesso.
[main 551d306] Atualiza vitrine - 29/09/2026 22:15
 2 files changed, 7 insertions(+), 1 deletion(-)
To github.com:gestordecx/promod-vitrine.git
   f2877d0..551d306  main -> main
60 ofertas escritas em index.html.
Vitrine publicada com sucesso.
[main af6b9a2] Atualiza vitrine - 29/09/2026 22:30
 2 files changed, 7 insertions(+), 1 deletion(-)
To github.com:gestordecx/promod-vitrine.git
   551d306..af6b9a2  main -> main
60 ofertas escritas em index.html.
Vitrine publicada com sucesso.
[main 51584a7] Atualiza vitrine - 29/09/2026 22:45
 2 files changed, 7 insertions(+), 1 deletion(-)
To github.com:gestordecx/promod-vitrine.git
   af6b9a2..51584a7  main -> main
60 ofertas escritas em index.html.
Vitrine publicada com sucesso.
[main 07913ad] Atualiza vitrine - 29/09/2026 23:00
 2 files changed, 7 insertions(+), 1 deletion(-)
To github.com:gestordecx/promod-vitrine.git
   51584a7..07913ad  main -> main
60 ofertas escritas em index.html.
Vitrine publicada com sucesso.
[main f7e0936] Atualiza vitrine - 29/09/2026 23:15
 2 files changed, 7 insertions(+), 1 deletion(-)
To github.com:gestordecx/promod-vitrine.git
   07913ad..f7e0936  main -> main
60 ofertas escritas em index.html.
Vitrine publicada com sucesso.
[main 287cf80] Atualiza vitrine - 29/09/2026 23:30
 2 files changed, 7 insertions(+), 1 deletion(-)
To github.com:gestordecx/promod-vitrine.git
   f7e0936..287cf80  main -> main
60 ofertas escritas em index.html.
Vitrine publicada com sucesso.
[main 956d526] Atualiza vitrine - 29/09/2026 23:45
 2 files changed, 7 insertions(+), 1 deletion(-)
To github.com:gestordecx/promod-vitrine.git
   287cf80..956d526  main -> main
60 ofertas escritas em index.html.
Vitrine publicada com sucesso.
[main b0dfd81] Atualiza vitrine - 30/09/2026 00:00
 2 files changed, 7 insertions(+), 1 deletion(-)
To github.com:gestordecx/promod-vitrine.git
   956d526..b0dfd81  main -> main
60 ofertas escritas em index.html.
Vitrine publicada com sucesso.
[main 0d154b5] Atualiza vitrine - 30/09/2026 00:15
 2 files changed, 40 insertions(+), 36 deletions(-)
To github.com:gestordecx/promod-vitrine.git
   b0dfd81..0d154b5  main -> main
60 ofertas escritas em index.html.
Vitrine publicada com sucesso.
[main 4e4737a] Atualiza vitrine - 30/09/2026 00:30
 2 files changed, 280 insertions(+), 275 deletions(-)
To github.com:gestordecx/promod-vitrine.git
   0d154b5..4e4737a  main -> main
60 ofertas escritas em index.html.
Vitrine publicada com sucesso.
[main 599c232] Atualiza vitrine - 30/09/2026 00:45
 2 files changed, 348 insertions(+), 345 deletions(-)
To github.com:gestordecx/promod-vitrine.git
   4e4737a..599c232  main -> main
60 ofertas escritas em index.html.
Vitrine publicada com sucesso.
[main 3ea379b] Atualiza vitrine - 30/09/2026 01:00
 2 files changed, 297 insertions(+), 290 deletions(-)
To github.com:gestordecx/promod-vitrine.git
   599c232..3ea379b  main -> main
60 ofertas escritas em index.html.
Vitrine publicada com sucesso.
[main c87980e] Atualiza vitrine - 30/09/2026 01:15
 2 files changed, 58 insertions(+), 52 deletions(-)
To github.com:gestordecx/promod-vitrine.git
   3ea379b..c87980e  main -> main
60 ofertas escritas em index.html.
Vitrine publicada com sucesso.
[main 9c23c0c] Atualiza vitrine - 30/09/2026 01:30
 2 files changed, 7 insertions(+), 1 deletion(-)
To github.com:gestordecx/promod-vitrine.git
   c87980e..9c23c0c  main -> main
60 ofertas escritas em index.html.
Vitrine publicada com sucesso.
[main b50694f] Atualiza vitrine - 30/09/2026 01:45
 2 files changed, 75 insertions(+), 67 deletions(-)
To github.com:gestordecx/promod-vitrine.git
   9c23c0c..b50694f  main -> main
60 ofertas escritas em index.html.
Vitrine publicada com sucesso.
[main 1b9f9ff] Atualiza vitrine - 30/09/2026 02:00
 2 files changed, 60 insertions(+), 51 deletions(-)
To github.com:gestordecx/promod-vitrine.git
   b50694f..1b9f9ff  main -> main
60 ofertas escritas em index.html.
Vitrine publicada com sucesso.
[main 8082140] Atualiza vitrine - 30/09/2026 02:15
 2 files changed, 92 insertions(+), 86 deletions(-)
To github.com:gestordecx/promod-vitrine.git
   1b9f9ff..8082140  main -> main
60 ofertas escritas em index.html.
Vitrine publicada com sucesso.
[main a7fe60b] Atualiza vitrine - 30/09/2026 02:30
 2 files changed, 249 insertions(+), 243 deletions(-)
To github.com:gestordecx/promod-vitrine.git
   8082140..a7fe60b  main -> main
60 ofertas escritas em index.html.
Vitrine publicada com sucesso.
[main 17a8d42] Atualiza vitrine - 30/09/2026 02:45
 2 files changed, 57 insertions(+), 51 deletions(-)
To github.com:gestordecx/promod-vitrine.git
   a7fe60b..17a8d42  main -> main
60 ofertas escritas em index.html.
Vitrine publicada com sucesso.
[main 112fc4a] Atualiza vitrine - 30/09/2026 03:00
 2 files changed, 24 insertions(+), 17 deletions(-)
To github.com:gestordecx/promod-vitrine.git
   17a8d42..112fc4a  main -> main
60 ofertas escritas em index.html.
Vitrine publicada com sucesso.
[main 10f65f2] Atualiza vitrine - 30/09/2026 03:15
 2 files changed, 40 insertions(+), 34 deletions(-)
To github.com:gestordecx/promod-vitrine.git
   112fc4a..10f65f2  main -> main
60 ofertas escritas em index.html.
Vitrine publicada com sucesso.
[main 5f59556] Atualiza vitrine - 30/09/2026 03:30
 2 files changed, 7 insertions(+), 1 deletion(-)
To github.com:gestordecx/promod-vitrine.git
   10f65f2..5f59556  main -> main
60 ofertas escritas em index.html.
Vitrine publicada com sucesso.
[main 3d98e0c] Atualiza vitrine - 30/09/2026 03:45
 2 files changed, 23 insertions(+), 18 deletions(-)
To github.com:gestordecx/promod-vitrine.git
   5f59556..3d98e0c  main -> main
60 ofertas escritas em index.html.
Vitrine publicada com sucesso.
[main 2f4f67a] Atualiza vitrine - 30/09/2026 04:00
 2 files changed, 7 insertions(+), 1 deletion(-)
To github.com:gestordecx/promod-vitrine.git
   3d98e0c..2f4f67a  main -> main
60 ofertas escritas em index.html.
Vitrine publicada com sucesso.
[main a108e1c] Atualiza vitrine - 30/09/2026 04:15
 2 files changed, 109 insertions(+), 103 deletions(-)
To github.com:gestordecx/promod-vitrine.git
   2f4f67a..a108e1c  main -> main
60 ofertas escritas em index.html.
Vitrine publicada com sucesso.
[main 3e72a10] Atualiza vitrine - 30/09/2026 04:30
 2 files changed, 24 insertions(+), 18 deletions(-)
To github.com:gestordecx/promod-vitrine.git
   a108e1c..3e72a10  main -> main
60 ofertas escritas em index.html.
Vitrine publicada com sucesso.
[main 4183dc8] Atualiza vitrine - 30/09/2026 04:45
 2 files changed, 7 insertions(+), 1 deletion(-)
To github.com:gestordecx/promod-vitrine.git
   3e72a10..4183dc8  main -> main
60 ofertas escritas em index.html.
Vitrine publicada com sucesso.
[main bc9a67a] Atualiza vitrine - 30/09/2026 05:00
 2 files changed, 24 insertions(+), 18 deletions(-)
To github.com:gestordecx/promod-vitrine.git
   4183dc8..bc9a67a  main -> main
60 ofertas escritas em index.html.
Vitrine publicada com sucesso.
[main 0855a2d] Atualiza vitrine - 30/09/2026 05:15
 2 files changed, 39 insertions(+), 33 deletions(-)
To github.com:gestordecx/promod-vitrine.git
   bc9a67a..0855a2d  main -> main
60 ofertas escritas em index.html.
Vitrine publicada com sucesso.
[main 0d6f335] Atualiza vitrine - 30/09/2026 05:30
 2 files changed, 24 insertions(+), 18 deletions(-)
To github.com:gestordecx/promod-vitrine.git
   0855a2d..0d6f335  main -> main
60 ofertas escritas em index.html.
Vitrine publicada com sucesso.
[main 6fc8d31] Atualiza vitrine - 30/09/2026 05:45
 2 files changed, 24 insertions(+), 18 deletions(-)
To github.com:gestordecx/promod-vitrine.git
   0d6f335..6fc8d31  main -> main
60 ofertas escritas em index.html.
Vitrine publicada com sucesso.
[main a8c0600] Atualiza vitrine - 30/09/2026 06:00
 2 files changed, 7 insertions(+), 1 deletion(-)
To github.com:gestordecx/promod-vitrine.git
   6fc8d31..a8c0600  main -> main
60 ofertas escritas em index.html.
Vitrine publicada com sucesso.
[main d19db19] Atualiza vitrine - 30/09/2026 06:15
 2 files changed, 24 insertions(+), 18 deletions(-)
To github.com:gestordecx/promod-vitrine.git
   a8c0600..d19db19  main -> main
60 ofertas escritas em index.html.
Vitrine publicada com sucesso.
[main 6772aaf] Atualiza vitrine - 30/09/2026 06:30
 2 files changed, 7 insertions(+), 1 deletion(-)
To github.com:gestordecx/promod-vitrine.git
   d19db19..6772aaf  main -> main
60 ofertas escritas em index.html.
Vitrine publicada com sucesso.
[main 4c2470b] Atualiza vitrine - 30/09/2026 06:45
 2 files changed, 23 insertions(+), 17 deletions(-)
To github.com:gestordecx/promod-vitrine.git
   6772aaf..4c2470b  main -> main
60 ofertas escritas em index.html.
Vitrine publicada com sucesso.
[main 84a59d3] Atualiza vitrine - 30/09/2026 07:00
 2 files changed, 41 insertions(+), 35 deletions(-)
To github.com:gestordecx/promod-vitrine.git
   4c2470b..84a59d3  main -> main
60 ofertas escritas em index.html.
Vitrine publicada com sucesso.
[main ac92a9b] Atualiza vitrine - 30/09/2026 07:15
 2 files changed, 24 insertions(+), 18 deletions(-)
To github.com:gestordecx/promod-vitrine.git
   84a59d3..ac92a9b  main -> main
60 ofertas escritas em index.html.
Vitrine publicada com sucesso.
[main fe5266e] Atualiza vitrine - 30/09/2026 07:30
 2 files changed, 74 insertions(+), 68 deletions(-)
To github.com:gestordecx/promod-vitrine.git
   ac92a9b..fe5266e  main -> main
60 ofertas escritas em index.html.
Vitrine publicada com sucesso.
[main 783d7b8] Atualiza vitrine - 30/09/2026 07:45
 2 files changed, 91 insertions(+), 83 deletions(-)
To github.com:gestordecx/promod-vitrine.git
   fe5266e..783d7b8  main -> main
60 ofertas escritas em index.html.
Vitrine publicada com sucesso.
[main 831766e] Atualiza vitrine - 30/09/2026 08:00
 2 files changed, 141 insertions(+), 135 deletions(-)
To github.com:gestordecx/promod-vitrine.git
   783d7b8..831766e  main -> main
60 ofertas escritas em index.html.
Vitrine publicada com sucesso.
[main faf5d37] Atualiza vitrine - 30/09/2026 08:15
 2 files changed, 210 insertions(+), 204 deletions(-)
To github.com:gestordecx/promod-vitrine.git
   831766e..faf5d37  main -> main
60 ofertas escritas em index.html.
Vitrine publicada com sucesso.
[main 34893bc] Atualiza vitrine - 30/09/2026 08:30
 2 files changed, 215 insertions(+), 211 deletions(-)
To github.com:gestordecx/promod-vitrine.git
   faf5d37..34893bc  main -> main
60 ofertas escritas em index.html.
Vitrine publicada com sucesso.
[main f747307] Atualiza vitrine - 30/09/2026 08:45
 2 files changed, 23 insertions(+), 20 deletions(-)
To github.com:gestordecx/promod-vitrine.git
   34893bc..f747307  main -> main
60 ofertas escritas em index.html.
Vitrine publicada com sucesso.
[main 6d0d184] Atualiza vitrine - 30/09/2026 09:00
 2 files changed, 74 insertions(+), 68 deletions(-)
To github.com:gestordecx/promod-vitrine.git
   f747307..6d0d184  main -> main
60 ofertas escritas em index.html.
Vitrine publicada com sucesso.
[main 8a76519] Atualiza vitrine - 30/09/2026 09:15
 2 files changed, 190 insertions(+), 184 deletions(-)
To github.com:gestordecx/promod-vitrine.git
   6d0d184..8a76519  main -> main
60 ofertas escritas em index.html.
Vitrine publicada com sucesso.
[main 495232f] Atualiza vitrine - 30/09/2026 09:30
 2 files changed, 158 insertions(+), 152 deletions(-)
To github.com:gestordecx/promod-vitrine.git
   8a76519..495232f  main -> main
60 ofertas escritas em index.html.
Vitrine publicada com sucesso.
[main 167ce99] Atualiza vitrine - 30/09/2026 09:45
 2 files changed, 73 insertions(+), 67 deletions(-)
To github.com:gestordecx/promod-vitrine.git
   495232f..167ce99  main -> main
60 ofertas escritas em index.html.
Vitrine publicada com sucesso.
[main a4dd0f6] Atualiza vitrine - 30/09/2026 10:00
 2 files changed, 55 insertions(+), 49 deletions(-)
To github.com:gestordecx/promod-vitrine.git
   167ce99..a4dd0f6  main -> main
60 ofertas escritas em index.html.
Vitrine publicada com sucesso.
[main 97387d0] Atualiza vitrine - 30/09/2026 10:15
 2 files changed, 120 insertions(+), 114 deletions(-)
To github.com:gestordecx/promod-vitrine.git
   a4dd0f6..97387d0  main -> main
60 ofertas escritas em index.html.
Vitrine publicada com sucesso.
[main bb8bad3] Atualiza vitrine - 30/09/2026 10:30
 2 files changed, 71 insertions(+), 65 deletions(-)
To github.com:gestordecx/promod-vitrine.git
   97387d0..bb8bad3  main -> main
60 ofertas escritas em index.html.
Vitrine publicada com sucesso.
[main 89084de] Atualiza vitrine - 30/09/2026 10:45
 2 files changed, 174 insertions(+), 169 deletions(-)
To github.com:gestordecx/promod-vitrine.git
   bb8bad3..89084de  main -> main
60 ofertas escritas em index.html.
Vitrine publicada com sucesso.
[main a07209b] Atualiza vitrine - 30/09/2026 11:00
 2 files changed, 177 insertions(+), 171 deletions(-)
To github.com:gestordecx/promod-vitrine.git
   89084de..a07209b  main -> main
60 ofertas escritas em index.html.
Vitrine publicada com sucesso.
[main 1bc9651] Atualiza vitrine - 30/09/2026 11:15
 2 files changed, 106 insertions(+), 100 deletions(-)
To github.com:gestordecx/promod-vitrine.git
   a07209b..1bc9651  main -> main
60 ofertas escritas em index.html.
Vitrine publicada com sucesso.
[main 85bd9eb] Atualiza vitrine - 30/09/2026 11:30
 2 files changed, 174 insertions(+), 168 deletions(-)
To github.com:gestordecx/promod-vitrine.git
   1bc9651..85bd9eb  main -> main
60 ofertas escritas em index.html.
Vitrine publicada com sucesso.
[main c0d1bbd] Atualiza vitrine - 30/09/2026 11:45
 2 files changed, 274 insertions(+), 263 deletions(-)
To github.com:gestordecx/promod-vitrine.git
   85bd9eb..c0d1bbd  main -> main
60 ofertas escritas em index.html.
Vitrine publicada com sucesso.
[main c2d4b23] Atualiza vitrine - 30/09/2026 12:00
 2 files changed, 306 insertions(+), 304 deletions(-)
To github.com:gestordecx/promod-vitrine.git
   c0d1bbd..c2d4b23  main -> main
60 ofertas escritas em index.html.
Vitrine publicada com sucesso.
[main 218e19a] Atualiza vitrine - 30/09/2026 12:15
 2 files changed, 171 insertions(+), 167 deletions(-)
To github.com:gestordecx/promod-vitrine.git
   c2d4b23..218e19a  main -> main
60 ofertas escritas em index.html.
Vitrine publicada com sucesso.
[main 5026469] Atualiza vitrine - 30/09/2026 12:30
 2 files changed, 92 insertions(+), 83 deletions(-)
To github.com:gestordecx/promod-vitrine.git
   218e19a..5026469  main -> main
60 ofertas escritas em index.html.
Vitrine publicada com sucesso.
[main f4f0dea] Atualiza vitrine - 30/09/2026 12:45
 2 files changed, 157 insertions(+), 151 deletions(-)
To github.com:gestordecx/promod-vitrine.git
   5026469..f4f0dea  main -> main
60 ofertas escritas em index.html.
Vitrine publicada com sucesso.
[main f531c41] Atualiza vitrine - 30/09/2026 13:00
 2 files changed, 73 insertions(+), 67 deletions(-)
To github.com:gestordecx/promod-vitrine.git
   f4f0dea..f531c41  main -> main
60 ofertas escritas em index.html.
Vitrine publicada com sucesso.
[main f5bfa5e] Atualiza vitrine - 30/09/2026 13:15
 2 files changed, 272 insertions(+), 266 deletions(-)
To github.com:gestordecx/promod-vitrine.git
   f531c41..f5bfa5e  main -> main
60 ofertas escritas em index.html.
Vitrine publicada com sucesso.
[main dc96aa1] Atualiza vitrine - 30/09/2026 13:30
 2 files changed, 92 insertions(+), 86 deletions(-)
To github.com:gestordecx/promod-vitrine.git
   f5bfa5e..dc96aa1  main -> main
60 ofertas escritas em index.html.
Vitrine publicada com sucesso.
[main 95d940d] Atualiza vitrine - 30/09/2026 13:45
 2 files changed, 41 insertions(+), 35 deletions(-)
To github.com:gestordecx/promod-vitrine.git
   dc96aa1..95d940d  main -> main
60 ofertas escritas em index.html.
Vitrine publicada com sucesso.
[main 685f9f4] Atualiza vitrine - 30/09/2026 14:00
 2 files changed, 73 insertions(+), 66 deletions(-)
To github.com:gestordecx/promod-vitrine.git
   95d940d..685f9f4  main -> main
60 ofertas escritas em index.html.
Vitrine publicada com sucesso.
[main 4c51f1a] Atualiza vitrine - 30/09/2026 14:15
 2 files changed, 174 insertions(+), 168 deletions(-)
To github.com:gestordecx/promod-vitrine.git
   685f9f4..4c51f1a  main -> main
60 ofertas escritas em index.html.
Vitrine publicada com sucesso.
[main cc7c253] Atualiza vitrine - 30/09/2026 14:30
 2 files changed, 77 insertions(+), 69 deletions(-)
To github.com:gestordecx/promod-vitrine.git
   4c51f1a..cc7c253  main -> main
60 ofertas escritas em index.html.
Vitrine publicada com sucesso.
[main eb7a947] Atualiza vitrine - 30/09/2026 14:45
 2 files changed, 125 insertions(+), 119 deletions(-)
To github.com:gestordecx/promod-vitrine.git
   cc7c253..eb7a947  main -> main
60 ofertas escritas em index.html.
Vitrine publicada com sucesso.
[main 89826b2] Atualiza vitrine - 30/09/2026 16:00
 2 files changed, 155 insertions(+), 148 deletions(-)
To github.com:gestordecx/promod-vitrine.git
   eb7a947..89826b2  main -> main
60 ofertas escritas em index.html.
Vitrine publicada com sucesso.
[main 785e0cf] Atualiza vitrine - 30/09/2026 16:15
 2 files changed, 142 insertions(+), 136 deletions(-)
To github.com:gestordecx/promod-vitrine.git
   89826b2..785e0cf  main -> main
60 ofertas escritas em index.html.
Vitrine publicada com sucesso.
[main 9f97693] Atualiza vitrine - 30/09/2026 16:30
 2 files changed, 326 insertions(+), 319 deletions(-)
To github.com:gestordecx/promod-vitrine.git
   785e0cf..9f97693  main -> main
60 ofertas escritas em index.html.
Vitrine publicada com sucesso.
[main 9ecbc8b] Atualiza vitrine - 30/09/2026 16:45
 2 files changed, 7 insertions(+), 1 deletion(-)
To github.com:gestordecx/promod-vitrine.git
   9f97693..9ecbc8b  main -> main
60 ofertas escritas em index.html.
Vitrine publicada com sucesso.
[main 26e4a0b] Atualiza vitrine - 30/09/2026 17:00
 2 files changed, 7 insertions(+), 1 deletion(-)
To github.com:gestordecx/promod-vitrine.git
   9ecbc8b..26e4a0b  main -> main
60 ofertas escritas em index.html.
Vitrine publicada com sucesso.
[main d6aa15b] Atualiza vitrine - 30/09/2026 17:15
 2 files changed, 7 insertions(+), 1 deletion(-)
To github.com:gestordecx/promod-vitrine.git
   26e4a0b..d6aa15b  main -> main
60 ofertas escritas em index.html.
Vitrine publicada com sucesso.
[main 5712b10] Atualiza vitrine - 30/09/2026 17:30
 2 files changed, 7 insertions(+), 1 deletion(-)
To github.com:gestordecx/promod-vitrine.git
   d6aa15b..5712b10  main -> main
60 ofertas escritas em index.html.
Vitrine publicada com sucesso.
[main e222d29] Atualiza vitrine - 30/09/2026 17:45
 2 files changed, 7 insertions(+), 1 deletion(-)
To github.com:gestordecx/promod-vitrine.git
   5712b10..e222d29  main -> main
60 ofertas escritas em index.html.
Vitrine publicada com sucesso.
[main a1ede46] Atualiza vitrine - 30/09/2026 18:00
 2 files changed, 7 insertions(+), 1 deletion(-)
To github.com:gestordecx/promod-vitrine.git
   e222d29..a1ede46  main -> main
60 ofertas escritas em index.html.
Vitrine publicada com sucesso.
[main 11c20ff] Atualiza vitrine - 30/09/2026 18:15
 2 files changed, 7 insertions(+), 1 deletion(-)
To github.com:gestordecx/promod-vitrine.git
   a1ede46..11c20ff  main -> main
60 ofertas escritas em index.html.
Vitrine publicada com sucesso.
[main 694df9c] Atualiza vitrine - 30/09/2026 18:30
 2 files changed, 7 insertions(+), 1 deletion(-)
To github.com:gestordecx/promod-vitrine.git
   11c20ff..694df9c  main -> main
60 ofertas escritas em index.html.
Vitrine publicada com sucesso.
[main f1dd1bf] Atualiza vitrine - 30/09/2026 18:45
 2 files changed, 7 insertions(+), 1 deletion(-)
To github.com:gestordecx/promod-vitrine.git
   694df9c..f1dd1bf  main -> main
60 ofertas escritas em index.html.
Vitrine publicada com sucesso.
[main cf91d37] Atualiza vitrine - 30/09/2026 19:00
 2 files changed, 7 insertions(+), 1 deletion(-)
To github.com:gestordecx/promod-vitrine.git
   f1dd1bf..cf91d37  main -> main
60 ofertas escritas em index.html.
Vitrine publicada com sucesso.
[main 6f1aee5] Atualiza vitrine - 30/09/2026 19:15
 2 files changed, 7 insertions(+), 1 deletion(-)
To github.com:gestordecx/promod-vitrine.git
   cf91d37..6f1aee5  main -> main
60 ofertas escritas em index.html.
Vitrine publicada com sucesso.
[main c434cd0] Atualiza vitrine - 30/09/2026 19:30
 2 files changed, 7 insertions(+), 1 deletion(-)
To github.com:gestordecx/promod-vitrine.git
   6f1aee5..c434cd0  main -> main
60 ofertas escritas em index.html.
Vitrine publicada com sucesso.
[main ba8f9c4] Atualiza vitrine - 30/09/2026 19:45
 2 files changed, 7 insertions(+), 1 deletion(-)
To github.com:gestordecx/promod-vitrine.git
   c434cd0..ba8f9c4  main -> main
60 ofertas escritas em index.html.
Vitrine publicada com sucesso.
[main 8aa5c6d] Atualiza vitrine - 30/09/2026 20:00
 2 files changed, 7 insertions(+), 1 deletion(-)
To github.com:gestordecx/promod-vitrine.git
   ba8f9c4..8aa5c6d  main -> main
60 ofertas escritas em index.html.
Vitrine publicada com sucesso.
[main 454f0e2] Atualiza vitrine - 30/09/2026 20:15
 2 files changed, 7 insertions(+), 1 deletion(-)
To github.com:gestordecx/promod-vitrine.git
   8aa5c6d..454f0e2  main -> main
60 ofertas escritas em index.html.
Vitrine publicada com sucesso.
[main afec0a8] Atualiza vitrine - 30/09/2026 20:30
 2 files changed, 7 insertions(+), 1 deletion(-)
To github.com:gestordecx/promod-vitrine.git
   454f0e2..afec0a8  main -> main
60 ofertas escritas em index.html.
Vitrine publicada com sucesso.
[main c9f6506] Atualiza vitrine - 30/09/2026 20:45
 2 files changed, 135 insertions(+), 132 deletions(-)
To github.com:gestordecx/promod-vitrine.git
   afec0a8..c9f6506  main -> main
60 ofertas escritas em index.html.
Vitrine publicada com sucesso.
[main 324f6b2] Atualiza vitrine - 30/09/2026 21:00
 2 files changed, 39 insertions(+), 35 deletions(-)
To github.com:gestordecx/promod-vitrine.git
   c9f6506..324f6b2  main -> main
60 ofertas escritas em index.html.
Vitrine publicada com sucesso.
[main e196714] Atualiza vitrine - 30/09/2026 21:15
 2 files changed, 7 insertions(+), 1 deletion(-)
To github.com:gestordecx/promod-vitrine.git
   324f6b2..e196714  main -> main
60 ofertas escritas em index.html.
Vitrine publicada com sucesso.
[main 504e834] Atualiza vitrine - 30/09/2026 21:30
 2 files changed, 7 insertions(+), 1 deletion(-)
To github.com:gestordecx/promod-vitrine.git
   e196714..504e834  main -> main
60 ofertas escritas em index.html.
Vitrine publicada com sucesso.
[main e35b22a] Atualiza vitrine - 30/09/2026 21:45
 2 files changed, 7 insertions(+), 1 deletion(-)
To github.com:gestordecx/promod-vitrine.git
   504e834..e35b22a  main -> main
60 ofertas escritas em index.html.
Vitrine publicada com sucesso.
[main 13e3723] Atualiza vitrine - 30/09/2026 22:00
 2 files changed, 7 insertions(+), 1 deletion(-)
To github.com:gestordecx/promod-vitrine.git
   e35b22a..13e3723  main -> main
60 ofertas escritas em index.html.
Vitrine publicada com sucesso.
[main 4d0e94d] Atualiza vitrine - 30/09/2026 22:15
 2 files changed, 7 insertions(+), 1 deletion(-)
To github.com:gestordecx/promod-vitrine.git
   13e3723..4d0e94d  main -> main
60 ofertas escritas em index.html.
Vitrine publicada com sucesso.
[main bfa91f2] Atualiza vitrine - 30/09/2026 22:30
 2 files changed, 7 insertions(+), 1 deletion(-)
To github.com:gestordecx/promod-vitrine.git
   4d0e94d..bfa91f2  main -> main
60 ofertas escritas em index.html.
Vitrine publicada com sucesso.
[main 04aa0ee] Atualiza vitrine - 30/09/2026 22:45
 2 files changed, 7 insertions(+), 1 deletion(-)
To github.com:gestordecx/promod-vitrine.git
   bfa91f2..04aa0ee  main -> main
60 ofertas escritas em index.html.
Vitrine publicada com sucesso.
[main 4bb5cb7] Atualiza vitrine - 30/09/2026 23:00
 2 files changed, 7 insertions(+), 1 deletion(-)
To github.com:gestordecx/promod-vitrine.git
   04aa0ee..4bb5cb7  main -> main
60 ofertas escritas em index.html.
Vitrine publicada com sucesso.
[main ac3e0fc] Atualiza vitrine - 30/09/2026 23:15
 2 files changed, 7 insertions(+), 1 deletion(-)
To github.com:gestordecx/promod-vitrine.git
   4bb5cb7..ac3e0fc  main -> main
60 ofertas escritas em index.html.
Vitrine publicada com sucesso.
[main 4117e3b] Atualiza vitrine - 30/09/2026 23:30
 2 files changed, 7 insertions(+), 1 deletion(-)
To github.com:gestordecx/promod-vitrine.git
   ac3e0fc..4117e3b  main -> main
60 ofertas escritas em index.html.
Vitrine publicada com sucesso.
[main 743588f] Atualiza vitrine - 30/09/2026 23:45
 2 files changed, 7 insertions(+), 1 deletion(-)
To github.com:gestordecx/promod-vitrine.git
   4117e3b..743588f  main -> main
60 ofertas escritas em index.html.
Vitrine publicada com sucesso.
[main 001f7af] Atualiza vitrine - 01/10/2026 00:00
 2 files changed, 7 insertions(+), 1 deletion(-)
To github.com:gestordecx/promod-vitrine.git
   743588f..001f7af  main -> main
60 ofertas escritas em index.html.
Vitrine publicada com sucesso.
[main 9552f30] Atualiza vitrine - 01/10/2026 00:15
 2 files changed, 222 insertions(+), 220 deletions(-)
To github.com:gestordecx/promod-vitrine.git
   001f7af..9552f30  main -> main
60 ofertas escritas em index.html.
Vitrine publicada com sucesso.
[main 2c38eb0] Atualiza vitrine - 01/10/2026 00:30
 2 files changed, 290 insertions(+), 279 deletions(-)
To github.com:gestordecx/promod-vitrine.git
   9552f30..2c38eb0  main -> main
60 ofertas escritas em index.html.
Vitrine publicada com sucesso.
[main bc66dce] Atualiza vitrine - 01/10/2026 00:45
 2 files changed, 74 insertions(+), 68 deletions(-)
To github.com:gestordecx/promod-vitrine.git
   2c38eb0..bc66dce  main -> main
60 ofertas escritas em index.html.
Vitrine publicada com sucesso.
[main cdf6b66] Atualiza vitrine - 01/10/2026 01:00
 2 files changed, 173 insertions(+), 163 deletions(-)
To github.com:gestordecx/promod-vitrine.git
   bc66dce..cdf6b66  main -> main
60 ofertas escritas em index.html.
Vitrine publicada com sucesso.
[main 4c1d36c] Atualiza vitrine - 01/10/2026 01:15
 2 files changed, 92 insertions(+), 86 deletions(-)
To github.com:gestordecx/promod-vitrine.git
   cdf6b66..4c1d36c  main -> main
60 ofertas escritas em index.html.
Vitrine publicada com sucesso.
[main 17758b9] Atualiza vitrine - 01/10/2026 01:30
 2 files changed, 58 insertions(+), 52 deletions(-)
To github.com:gestordecx/promod-vitrine.git
   4c1d36c..17758b9  main -> main
60 ofertas escritas em index.html.
Vitrine publicada com sucesso.
[main 305906e] Atualiza vitrine - 01/10/2026 01:45
 2 files changed, 7 insertions(+), 1 deletion(-)
To github.com:gestordecx/promod-vitrine.git
   17758b9..305906e  main -> main
60 ofertas escritas em index.html.
Vitrine publicada com sucesso.
[main ec3f086] Atualiza vitrine - 01/10/2026 02:00
 2 files changed, 7 insertions(+), 1 deletion(-)
To github.com:gestordecx/promod-vitrine.git
   305906e..ec3f086  main -> main
60 ofertas escritas em index.html.
Vitrine publicada com sucesso.
[main 57e6e00] Atualiza vitrine - 01/10/2026 02:15
 2 files changed, 111 insertions(+), 103 deletions(-)
To github.com:gestordecx/promod-vitrine.git
   ec3f086..57e6e00  main -> main
60 ofertas escritas em index.html.
Vitrine publicada com sucesso.
[main c132f23] Atualiza vitrine - 01/10/2026 02:30
 2 files changed, 7 insertions(+), 1 deletion(-)
To github.com:gestordecx/promod-vitrine.git
   57e6e00..c132f23  main -> main
60 ofertas escritas em index.html.
Vitrine publicada com sucesso.
[main 4062596] Atualiza vitrine - 01/10/2026 02:45
 2 files changed, 23 insertions(+), 17 deletions(-)
To github.com:gestordecx/promod-vitrine.git
   c132f23..4062596  main -> main
60 ofertas escritas em index.html.
Vitrine publicada com sucesso.
[main 6fbba37] Atualiza vitrine - 01/10/2026 03:00
 2 files changed, 7 insertions(+), 1 deletion(-)
To github.com:gestordecx/promod-vitrine.git
   4062596..6fbba37  main -> main
60 ofertas escritas em index.html.
Vitrine publicada com sucesso.
[main 1802713] Atualiza vitrine - 01/10/2026 03:15
 2 files changed, 7 insertions(+), 1 deletion(-)
To github.com:gestordecx/promod-vitrine.git
   6fbba37..1802713  main -> main
60 ofertas escritas em index.html.
Vitrine publicada com sucesso.
[main 6a0f1b0] Atualiza vitrine - 01/10/2026 03:30
 2 files changed, 7 insertions(+), 1 deletion(-)
To github.com:gestordecx/promod-vitrine.git
   1802713..6a0f1b0  main -> main
60 ofertas escritas em index.html.
Vitrine publicada com sucesso.
[main 467cad6] Atualiza vitrine - 01/10/2026 03:45
 2 files changed, 39 insertions(+), 34 deletions(-)
To github.com:gestordecx/promod-vitrine.git
   6a0f1b0..467cad6  main -> main
60 ofertas escritas em index.html.
Vitrine publicada com sucesso.
[main 66524f1] Atualiza vitrine - 01/10/2026 04:00
 2 files changed, 23 insertions(+), 17 deletions(-)
To github.com:gestordecx/promod-vitrine.git
   467cad6..66524f1  main -> main
60 ofertas escritas em index.html.
Vitrine publicada com sucesso.
[main 02aea71] Atualiza vitrine - 01/10/2026 04:15
 2 files changed, 7 insertions(+), 1 deletion(-)
To github.com:gestordecx/promod-vitrine.git
   66524f1..02aea71  main -> main
60 ofertas escritas em index.html.
Vitrine publicada com sucesso.
[main eac8103] Atualiza vitrine - 01/10/2026 04:30
 2 files changed, 23 insertions(+), 17 deletions(-)
To github.com:gestordecx/promod-vitrine.git
   02aea71..eac8103  main -> main
60 ofertas escritas em index.html.
Vitrine publicada com sucesso.
[main bf176bc] Atualiza vitrine - 01/10/2026 04:45
 2 files changed, 41 insertions(+), 35 deletions(-)
To github.com:gestordecx/promod-vitrine.git
   eac8103..bf176bc  main -> main
60 ofertas escritas em index.html.
Vitrine publicada com sucesso.
[main e8db1ad] Atualiza vitrine - 01/10/2026 05:00
 2 files changed, 23 insertions(+), 17 deletions(-)
To github.com:gestordecx/promod-vitrine.git
   bf176bc..e8db1ad  main -> main
60 ofertas escritas em index.html.
Vitrine publicada com sucesso.
[main edec11a] Atualiza vitrine - 01/10/2026 05:15
 2 files changed, 39 insertions(+), 33 deletions(-)
To github.com:gestordecx/promod-vitrine.git
   e8db1ad..edec11a  main -> main
60 ofertas escritas em index.html.
Vitrine publicada com sucesso.
[main e2d83a1] Atualiza vitrine - 01/10/2026 05:30
 2 files changed, 73 insertions(+), 70 deletions(-)
To github.com:gestordecx/promod-vitrine.git
   edec11a..e2d83a1  main -> main
60 ofertas escritas em index.html.
Vitrine publicada com sucesso.
[main 33e6e64] Atualiza vitrine - 01/10/2026 05:45
 2 files changed, 25 insertions(+), 17 deletions(-)
To github.com:gestordecx/promod-vitrine.git
   e2d83a1..33e6e64  main -> main
60 ofertas escritas em index.html.
Vitrine publicada com sucesso.
[main 3218f01] Atualiza vitrine - 01/10/2026 06:00
 2 files changed, 24 insertions(+), 18 deletions(-)
To github.com:gestordecx/promod-vitrine.git
   33e6e64..3218f01  main -> main
60 ofertas escritas em index.html.
Vitrine publicada com sucesso.
[main 8afd231] Atualiza vitrine - 01/10/2026 06:15
 2 files changed, 40 insertions(+), 34 deletions(-)
To github.com:gestordecx/promod-vitrine.git
   3218f01..8afd231  main -> main
60 ofertas escritas em index.html.
Vitrine publicada com sucesso.
[main d44ec6e] Atualiza vitrine - 01/10/2026 06:30
 2 files changed, 39 insertions(+), 33 deletions(-)
To github.com:gestordecx/promod-vitrine.git
   8afd231..d44ec6e  main -> main
60 ofertas escritas em index.html.
Vitrine publicada com sucesso.
[main d573258] Atualiza vitrine - 01/10/2026 06:45
 2 files changed, 7 insertions(+), 1 deletion(-)
To github.com:gestordecx/promod-vitrine.git
   d44ec6e..d573258  main -> main
60 ofertas escritas em index.html.
Vitrine publicada com sucesso.
[main e801b92] Atualiza vitrine - 01/10/2026 07:00
 2 files changed, 23 insertions(+), 17 deletions(-)
To github.com:gestordecx/promod-vitrine.git
   d573258..e801b92  main -> main
60 ofertas escritas em index.html.
Vitrine publicada com sucesso.
[main dee924e] Atualiza vitrine - 01/10/2026 07:15
 2 files changed, 58 insertions(+), 51 deletions(-)
To github.com:gestordecx/promod-vitrine.git
   e801b92..dee924e  main -> main
60 ofertas escritas em index.html.
Vitrine publicada com sucesso.
[main 2b95bac] Atualiza vitrine - 01/10/2026 07:30
 2 files changed, 23 insertions(+), 20 deletions(-)
To github.com:gestordecx/promod-vitrine.git
   dee924e..2b95bac  main -> main
60 ofertas escritas em index.html.
Vitrine publicada com sucesso.
[main 6c56fe3] Atualiza vitrine - 01/10/2026 07:45
 2 files changed, 7 insertions(+), 1 deletion(-)
To github.com:gestordecx/promod-vitrine.git
   2b95bac..6c56fe3  main -> main
60 ofertas escritas em index.html.
Vitrine publicada com sucesso.
[main aa9bb07] Atualiza vitrine - 01/10/2026 08:00
 2 files changed, 257 insertions(+), 253 deletions(-)
To github.com:gestordecx/promod-vitrine.git
   6c56fe3..aa9bb07  main -> main
60 ofertas escritas em index.html.
Vitrine publicada com sucesso.
[main 8b02689] Atualiza vitrine - 01/10/2026 08:15
 2 files changed, 276 insertions(+), 274 deletions(-)
To github.com:gestordecx/promod-vitrine.git
   aa9bb07..8b02689  main -> main
60 ofertas escritas em index.html.
Vitrine publicada com sucesso.
[main 4179208] Atualiza vitrine - 01/10/2026 08:30
 2 files changed, 39 insertions(+), 35 deletions(-)
To github.com:gestordecx/promod-vitrine.git
   8b02689..4179208  main -> main
60 ofertas escritas em index.html.
Vitrine publicada com sucesso.
[main 21c5613] Atualiza vitrine - 01/10/2026 08:45
 2 files changed, 108 insertions(+), 103 deletions(-)
To github.com:gestordecx/promod-vitrine.git
   4179208..21c5613  main -> main
60 ofertas escritas em index.html.
Vitrine publicada com sucesso.
[main 99c6c5b] Atualiza vitrine - 01/10/2026 09:00
 2 files changed, 75 insertions(+), 68 deletions(-)
To github.com:gestordecx/promod-vitrine.git
   21c5613..99c6c5b  main -> main
60 ofertas escritas em index.html.
Vitrine publicada com sucesso.
[main 8ee12d4] Atualiza vitrine - 01/10/2026 09:15
 2 files changed, 106 insertions(+), 100 deletions(-)
To github.com:gestordecx/promod-vitrine.git
   99c6c5b..8ee12d4  main -> main
60 ofertas escritas em index.html.
Vitrine publicada com sucesso.
[main 6c9a380] Atualiza vitrine - 01/10/2026 09:30
 2 files changed, 88 insertions(+), 81 deletions(-)
To github.com:gestordecx/promod-vitrine.git
   8ee12d4..6c9a380  main -> main
60 ofertas escritas em index.html.
Vitrine publicada com sucesso.
[main 7b5535b] Atualiza vitrine - 01/10/2026 09:45
 2 files changed, 121 insertions(+), 115 deletions(-)
To github.com:gestordecx/promod-vitrine.git
   6c9a380..7b5535b  main -> main
60 ofertas escritas em index.html.
Vitrine publicada com sucesso.
[main 61c4001] Atualiza vitrine - 01/10/2026 10:00
 2 files changed, 494 insertions(+), 488 deletions(-)
To github.com:gestordecx/promod-vitrine.git
   7b5535b..61c4001  main -> main
60 ofertas escritas em index.html.
Vitrine publicada com sucesso.
[main 790e967] Atualiza vitrine - 01/10/2026 10:15
 2 files changed, 125 insertions(+), 119 deletions(-)
To github.com:gestordecx/promod-vitrine.git
   61c4001..790e967  main -> main
60 ofertas escritas em index.html.
Vitrine publicada com sucesso.
[main 639e05e] Atualiza vitrine - 01/10/2026 10:30
 2 files changed, 202 insertions(+), 196 deletions(-)
To github.com:gestordecx/promod-vitrine.git
   790e967..639e05e  main -> main
60 ofertas escritas em index.html.
Vitrine publicada com sucesso.
[main 6b353db] Atualiza vitrine - 01/10/2026 10:45
 2 files changed, 58 insertions(+), 52 deletions(-)
To github.com:gestordecx/promod-vitrine.git
   639e05e..6b353db  main -> main
60 ofertas escritas em index.html.
Vitrine publicada com sucesso.
[main 1432b83] Atualiza vitrine - 01/10/2026 11:00
 2 files changed, 55 insertions(+), 49 deletions(-)
To github.com:gestordecx/promod-vitrine.git
   6b353db..1432b83  main -> main
60 ofertas escritas em index.html.
Vitrine publicada com sucesso.
[main 4ec30a2] Atualiza vitrine - 01/10/2026 11:15
 2 files changed, 72 insertions(+), 66 deletions(-)
To github.com:gestordecx/promod-vitrine.git
   1432b83..4ec30a2  main -> main
60 ofertas escritas em index.html.
Vitrine publicada com sucesso.
[main 510b652] Atualiza vitrine - 01/10/2026 11:30
 2 files changed, 104 insertions(+), 98 deletions(-)
To github.com:gestordecx/promod-vitrine.git
   4ec30a2..510b652  main -> main
60 ofertas escritas em index.html.
Vitrine publicada com sucesso.
[main 28f5b81] Atualiza vitrine - 01/10/2026 11:45
 2 files changed, 120 insertions(+), 114 deletions(-)
To github.com:gestordecx/promod-vitrine.git
   510b652..28f5b81  main -> main
60 ofertas escritas em index.html.
Vitrine publicada com sucesso.
[main 5c0688f] Atualiza vitrine - 01/10/2026 12:00
 2 files changed, 190 insertions(+), 184 deletions(-)
To github.com:gestordecx/promod-vitrine.git
   28f5b81..5c0688f  main -> main
60 ofertas escritas em index.html.
Vitrine publicada com sucesso.
[main 93bc49f] Atualiza vitrine - 01/10/2026 12:15
 2 files changed, 103 insertions(+), 98 deletions(-)
To github.com:gestordecx/promod-vitrine.git
   5c0688f..93bc49f  main -> main
60 ofertas escritas em index.html.
Vitrine publicada com sucesso.
[main 995d7b5] Atualiza vitrine - 01/10/2026 12:30
 2 files changed, 280 insertions(+), 270 deletions(-)
To github.com:gestordecx/promod-vitrine.git
   93bc49f..995d7b5  main -> main
60 ofertas escritas em index.html.
Vitrine publicada com sucesso.
[main 4bc69c2] Atualiza vitrine - 01/10/2026 12:45
 2 files changed, 250 insertions(+), 244 deletions(-)
To github.com:gestordecx/promod-vitrine.git
   995d7b5..4bc69c2  main -> main
60 ofertas escritas em index.html.
Vitrine publicada com sucesso.
[main a1bff9d] Atualiza vitrine - 01/10/2026 13:00
 2 files changed, 7 insertions(+), 1 deletion(-)
To github.com:gestordecx/promod-vitrine.git
   4bc69c2..a1bff9d  main -> main
60 ofertas escritas em index.html.
Vitrine publicada com sucesso.
[main 1f2a8ba] Atualiza vitrine - 01/10/2026 13:15
 2 files changed, 87 insertions(+), 81 deletions(-)
To github.com:gestordecx/promod-vitrine.git
   a1bff9d..1f2a8ba  main -> main
60 ofertas escritas em index.html.
Vitrine publicada com sucesso.
[main 27d7a24] Atualiza vitrine - 01/10/2026 13:30
 2 files changed, 106 insertions(+), 100 deletions(-)
To github.com:gestordecx/promod-vitrine.git
   1f2a8ba..27d7a24  main -> main
60 ofertas escritas em index.html.
Vitrine publicada com sucesso.
[main 99b1cdc] Atualiza vitrine - 01/10/2026 13:45
 2 files changed, 40 insertions(+), 34 deletions(-)
To github.com:gestordecx/promod-vitrine.git
   27d7a24..99b1cdc  main -> main
60 ofertas escritas em index.html.
Vitrine publicada com sucesso.
[main 509defb] Atualiza vitrine - 01/10/2026 14:00
 2 files changed, 40 insertions(+), 34 deletions(-)
To github.com:gestordecx/promod-vitrine.git
   99b1cdc..509defb  main -> main
60 ofertas escritas em index.html.
Vitrine publicada com sucesso.
[main 957682e] Atualiza vitrine - 01/10/2026 14:15
 2 files changed, 122 insertions(+), 115 deletions(-)
To github.com:gestordecx/promod-vitrine.git
   509defb..957682e  main -> main
60 ofertas escritas em index.html.
Vitrine publicada com sucesso.
[main 012a621] Atualiza vitrine - 01/10/2026 14:30
 2 files changed, 56 insertions(+), 50 deletions(-)
To github.com:gestordecx/promod-vitrine.git
   957682e..012a621  main -> main
60 ofertas escritas em index.html.
Vitrine publicada com sucesso.
[main 1048dc4] Atualiza vitrine - 01/10/2026 14:45
 2 files changed, 39 insertions(+), 33 deletions(-)
To github.com:gestordecx/promod-vitrine.git
   012a621..1048dc4  main -> main
60 ofertas escritas em index.html.
Vitrine publicada com sucesso.
[main 0060b5c] Atualiza vitrine - 01/10/2026 15:00
 2 files changed, 57 insertions(+), 51 deletions(-)
To github.com:gestordecx/promod-vitrine.git
   1048dc4..0060b5c  main -> main
60 ofertas escritas em index.html.
Vitrine publicada com sucesso.
[main 0c36a92] Atualiza vitrine - 01/10/2026 15:15
 2 files changed, 74 insertions(+), 66 deletions(-)
To github.com:gestordecx/promod-vitrine.git
   0060b5c..0c36a92  main -> main
60 ofertas escritas em index.html.
Vitrine publicada com sucesso.
[main db79771] Atualiza vitrine - 01/10/2026 15:30
 2 files changed, 169 insertions(+), 163 deletions(-)
To github.com:gestordecx/promod-vitrine.git
   0c36a92..db79771  main -> main
60 ofertas escritas em index.html.
Vitrine publicada com sucesso.
[main c7298eb] Atualiza vitrine - 01/10/2026 15:45
 2 files changed, 42 insertions(+), 34 deletions(-)
To github.com:gestordecx/promod-vitrine.git
   db79771..c7298eb  main -> main
60 ofertas escritas em index.html.
Vitrine publicada com sucesso.
[main e439dc5] Atualiza vitrine - 01/10/2026 16:00
 2 files changed, 72 insertions(+), 66 deletions(-)
To github.com:gestordecx/promod-vitrine.git
   c7298eb..e439dc5  main -> main
60 ofertas escritas em index.html.
Vitrine publicada com sucesso.
[main 5058dab] Atualiza vitrine - 01/10/2026 16:15
 2 files changed, 39 insertions(+), 33 deletions(-)
To github.com:gestordecx/promod-vitrine.git
   e439dc5..5058dab  main -> main
60 ofertas escritas em index.html.
Vitrine publicada com sucesso.
[main 28589ba] Atualiza vitrine - 01/10/2026 16:30
 2 files changed, 90 insertions(+), 84 deletions(-)
To github.com:gestordecx/promod-vitrine.git
   5058dab..28589ba  main -> main
60 ofertas escritas em index.html.
Vitrine publicada com sucesso.
[main ddd5783] Atualiza vitrine - 01/10/2026 16:45
 2 files changed, 124 insertions(+), 118 deletions(-)
To github.com:gestordecx/promod-vitrine.git
   28589ba..ddd5783  main -> main
60 ofertas escritas em index.html.
Vitrine publicada com sucesso.
[main 51faae4] Atualiza vitrine - 01/10/2026 17:00
 2 files changed, 123 insertions(+), 115 deletions(-)
To github.com:gestordecx/promod-vitrine.git
   ddd5783..51faae4  main -> main
60 ofertas escritas em index.html.
Vitrine publicada com sucesso.
[main 9557351] Atualiza vitrine - 01/10/2026 17:15
 2 files changed, 193 insertions(+), 187 deletions(-)
To github.com:gestordecx/promod-vitrine.git
   51faae4..9557351  main -> main
60 ofertas escritas em index.html.
Vitrine publicada com sucesso.
[main 4b91ad6] Atualiza vitrine - 01/10/2026 17:30
 2 files changed, 73 insertions(+), 70 deletions(-)
To github.com:gestordecx/promod-vitrine.git
   9557351..4b91ad6  main -> main
60 ofertas escritas em index.html.
Vitrine publicada com sucesso.
[main 502eb5e] Atualiza vitrine - 01/10/2026 17:45
 2 files changed, 55 insertions(+), 49 deletions(-)
To github.com:gestordecx/promod-vitrine.git
   4b91ad6..502eb5e  main -> main
60 ofertas escritas em index.html.
Vitrine publicada com sucesso.
[main 5f539fa] Atualiza vitrine - 01/10/2026 18:00
 2 files changed, 87 insertions(+), 82 deletions(-)
To github.com:gestordecx/promod-vitrine.git
   502eb5e..5f539fa  main -> main
60 ofertas escritas em index.html.
Vitrine publicada com sucesso.
[main 5d7a130] Atualiza vitrine - 01/10/2026 18:15
 2 files changed, 106 insertions(+), 99 deletions(-)
To github.com:gestordecx/promod-vitrine.git
   5f539fa..5d7a130  main -> main
60 ofertas escritas em index.html.
Vitrine publicada com sucesso.
[main fcc4df1] Atualiza vitrine - 01/10/2026 18:30
 2 files changed, 25 insertions(+), 17 deletions(-)
To github.com:gestordecx/promod-vitrine.git
   5d7a130..fcc4df1  main -> main
60 ofertas escritas em index.html.
Vitrine publicada com sucesso.
[main 3fdd780] Atualiza vitrine - 01/10/2026 18:45
 2 files changed, 23 insertions(+), 17 deletions(-)
To github.com:gestordecx/promod-vitrine.git
   fcc4df1..3fdd780  main -> main
60 ofertas escritas em index.html.
Vitrine publicada com sucesso.
[main 84293d5] Atualiza vitrine - 01/10/2026 19:00
 2 files changed, 39 insertions(+), 33 deletions(-)
To github.com:gestordecx/promod-vitrine.git
   3fdd780..84293d5  main -> main
60 ofertas escritas em index.html.
Vitrine publicada com sucesso.
[main f593043] Atualiza vitrine - 01/10/2026 19:15
 2 files changed, 23 insertions(+), 17 deletions(-)
To github.com:gestordecx/promod-vitrine.git
   84293d5..f593043  main -> main
60 ofertas escritas em index.html.
Vitrine publicada com sucesso.
[main 9d395cb] Atualiza vitrine - 01/10/2026 19:30
 2 files changed, 39 insertions(+), 35 deletions(-)
To github.com:gestordecx/promod-vitrine.git
   f593043..9d395cb  main -> main
60 ofertas escritas em index.html.
Vitrine publicada com sucesso.
[main 8b44895] Atualiza vitrine - 01/10/2026 19:45
 2 files changed, 40 insertions(+), 34 deletions(-)
To github.com:gestordecx/promod-vitrine.git
   9d395cb..8b44895  main -> main
60 ofertas escritas em index.html.
Vitrine publicada com sucesso.
[main 10bfc07] Atualiza vitrine - 01/10/2026 20:00
 2 files changed, 346 insertions(+), 340 deletions(-)
To github.com:gestordecx/promod-vitrine.git
   8b44895..10bfc07  main -> main
60 ofertas escritas em index.html.
Vitrine publicada com sucesso.
[main f49e4b7] Atualiza vitrine - 01/10/2026 20:15
 2 files changed, 40 insertions(+), 33 deletions(-)
To github.com:gestordecx/promod-vitrine.git
   10bfc07..f49e4b7  main -> main
60 ofertas escritas em index.html.
Vitrine publicada com sucesso.
[main e2e48e8] Atualiza vitrine - 01/10/2026 20:30
 2 files changed, 151 insertions(+), 147 deletions(-)
To github.com:gestordecx/promod-vitrine.git
   f49e4b7..e2e48e8  main -> main
60 ofertas escritas em index.html.
Vitrine publicada com sucesso.
[main 02762ab] Atualiza vitrine - 01/10/2026 20:45
 2 files changed, 40 insertions(+), 34 deletions(-)
To github.com:gestordecx/promod-vitrine.git
   e2e48e8..02762ab  main -> main
60 ofertas escritas em index.html.
Vitrine publicada com sucesso.
[main 7cf868f] Atualiza vitrine - 01/10/2026 21:00
 2 files changed, 55 insertions(+), 49 deletions(-)
To github.com:gestordecx/promod-vitrine.git
   02762ab..7cf868f  main -> main
60 ofertas escritas em index.html.
Vitrine publicada com sucesso.
[main e92d1f3] Atualiza vitrine - 01/10/2026 21:15
 2 files changed, 138 insertions(+), 134 deletions(-)
To github.com:gestordecx/promod-vitrine.git
   7cf868f..e92d1f3  main -> main
60 ofertas escritas em index.html.
Vitrine publicada com sucesso.
[main f4bdef9] Atualiza vitrine - 01/10/2026 21:30
 2 files changed, 71 insertions(+), 65 deletions(-)
To github.com:gestordecx/promod-vitrine.git
   e92d1f3..f4bdef9  main -> main
60 ofertas escritas em index.html.
Vitrine publicada com sucesso.
[main a7905b4] Atualiza vitrine - 01/10/2026 21:45
 2 files changed, 39 insertions(+), 35 deletions(-)
To github.com:gestordecx/promod-vitrine.git
   f4bdef9..a7905b4  main -> main
60 ofertas escritas em index.html.
Vitrine publicada com sucesso.
[main 369b60b] Atualiza vitrine - 01/10/2026 22:00
 2 files changed, 103 insertions(+), 97 deletions(-)
To github.com:gestordecx/promod-vitrine.git
   a7905b4..369b60b  main -> main
60 ofertas escritas em index.html.
Vitrine publicada com sucesso.
[main 8d8d864] Atualiza vitrine - 01/10/2026 22:15
 2 files changed, 58 insertions(+), 52 deletions(-)
To github.com:gestordecx/promod-vitrine.git
   369b60b..8d8d864  main -> main
60 ofertas escritas em index.html.
Vitrine publicada com sucesso.
[main 168d8f9] Atualiza vitrine - 01/10/2026 22:30
 2 files changed, 39 insertions(+), 33 deletions(-)
To github.com:gestordecx/promod-vitrine.git
   8d8d864..168d8f9  main -> main
60 ofertas escritas em index.html.
Vitrine publicada com sucesso.
[main d1ed9e3] Atualiza vitrine - 01/10/2026 22:45
 2 files changed, 7 insertions(+), 1 deletion(-)
To github.com:gestordecx/promod-vitrine.git
   168d8f9..d1ed9e3  main -> main
60 ofertas escritas em index.html.
Vitrine publicada com sucesso.
[main 4cde69a] Atualiza vitrine - 01/10/2026 23:00
 2 files changed, 42 insertions(+), 34 deletions(-)
To github.com:gestordecx/promod-vitrine.git
   d1ed9e3..4cde69a  main -> main
60 ofertas escritas em index.html.
Vitrine publicada com sucesso.
[main f67f93b] Atualiza vitrine - 01/10/2026 23:15
 2 files changed, 39 insertions(+), 35 deletions(-)
To github.com:gestordecx/promod-vitrine.git
   4cde69a..f67f93b  main -> main
60 ofertas escritas em index.html.
Vitrine publicada com sucesso.
[main 12434bc] Atualiza vitrine - 01/10/2026 23:30
 2 files changed, 24 insertions(+), 18 deletions(-)
To github.com:gestordecx/promod-vitrine.git
   f67f93b..12434bc  main -> main
60 ofertas escritas em index.html.
Vitrine publicada com sucesso.
[main 9b79fce] Atualiza vitrine - 01/10/2026 23:45
 2 files changed, 201 insertions(+), 196 deletions(-)
To github.com:gestordecx/promod-vitrine.git
   12434bc..9b79fce  main -> main
60 ofertas escritas em index.html.
Vitrine publicada com sucesso.
[main e7b9d14] Atualiza vitrine - 02/10/2026 00:00
 2 files changed, 200 insertions(+), 195 deletions(-)
To github.com:gestordecx/promod-vitrine.git
   9b79fce..e7b9d14  main -> main
60 ofertas escritas em index.html.
Vitrine publicada com sucesso.
[main d63e506] Atualiza vitrine - 02/10/2026 00:15
 2 files changed, 90 insertions(+), 84 deletions(-)
To github.com:gestordecx/promod-vitrine.git
   e7b9d14..d63e506  main -> main
60 ofertas escritas em index.html.
Vitrine publicada com sucesso.
[main a247d8d] Atualiza vitrine - 02/10/2026 00:30
 2 files changed, 329 insertions(+), 325 deletions(-)
To github.com:gestordecx/promod-vitrine.git
   d63e506..a247d8d  main -> main
60 ofertas escritas em index.html.
Vitrine publicada com sucesso.
[main d3afb4e] Atualiza vitrine - 02/10/2026 00:45
 2 files changed, 190 insertions(+), 184 deletions(-)
To github.com:gestordecx/promod-vitrine.git
   a247d8d..d3afb4e  main -> main
60 ofertas escritas em index.html.
Vitrine publicada com sucesso.
[main 2bbad50] Atualiza vitrine - 02/10/2026 01:00
 2 files changed, 23 insertions(+), 17 deletions(-)
To github.com:gestordecx/promod-vitrine.git
   d3afb4e..2bbad50  main -> main
60 ofertas escritas em index.html.
Vitrine publicada com sucesso.
[main 4a1bbe0] Atualiza vitrine - 02/10/2026 01:15
 2 files changed, 75 insertions(+), 69 deletions(-)
To github.com:gestordecx/promod-vitrine.git
   2bbad50..4a1bbe0  main -> main
60 ofertas escritas em index.html.
Vitrine publicada com sucesso.
[main 5e08bc7] Atualiza vitrine - 02/10/2026 01:30
 2 files changed, 24 insertions(+), 18 deletions(-)
To github.com:gestordecx/promod-vitrine.git
   4a1bbe0..5e08bc7  main -> main
60 ofertas escritas em index.html.
Vitrine publicada com sucesso.
[main 26db353] Atualiza vitrine - 02/10/2026 01:45
 2 files changed, 23 insertions(+), 17 deletions(-)
To github.com:gestordecx/promod-vitrine.git
   5e08bc7..26db353  main -> main
60 ofertas escritas em index.html.
Vitrine publicada com sucesso.
[main 681ff09] Atualiza vitrine - 02/10/2026 02:00
 2 files changed, 107 insertions(+), 103 deletions(-)
To github.com:gestordecx/promod-vitrine.git
   26db353..681ff09  main -> main
60 ofertas escritas em index.html.
Vitrine publicada com sucesso.
[main ec953d2] Atualiza vitrine - 02/10/2026 02:15
 2 files changed, 23 insertions(+), 17 deletions(-)
To github.com:gestordecx/promod-vitrine.git
   681ff09..ec953d2  main -> main
60 ofertas escritas em index.html.
Vitrine publicada com sucesso.
[main 8f67710] Atualiza vitrine - 02/10/2026 02:30
 2 files changed, 194 insertions(+), 188 deletions(-)
To github.com:gestordecx/promod-vitrine.git
   ec953d2..8f67710  main -> main
60 ofertas escritas em index.html.
Vitrine publicada com sucesso.
[main 9137648] Atualiza vitrine - 02/10/2026 02:45
 2 files changed, 41 insertions(+), 35 deletions(-)
To github.com:gestordecx/promod-vitrine.git
   8f67710..9137648  main -> main
60 ofertas escritas em index.html.
Vitrine publicada com sucesso.
[main 9cda014] Atualiza vitrine - 02/10/2026 03:00
 2 files changed, 24 insertions(+), 18 deletions(-)
To github.com:gestordecx/promod-vitrine.git
   9137648..9cda014  main -> main
60 ofertas escritas em index.html.
Vitrine publicada com sucesso.
[main 5caf3d2] Atualiza vitrine - 02/10/2026 03:15
 2 files changed, 24 insertions(+), 18 deletions(-)
To github.com:gestordecx/promod-vitrine.git
   9cda014..5caf3d2  main -> main
60 ofertas escritas em index.html.
Vitrine publicada com sucesso.
[main 9bcb858] Atualiza vitrine - 02/10/2026 03:30
 2 files changed, 7 insertions(+), 1 deletion(-)
To github.com:gestordecx/promod-vitrine.git
   5caf3d2..9bcb858  main -> main
60 ofertas escritas em index.html.
Vitrine publicada com sucesso.
[main f43b8a1] Atualiza vitrine - 02/10/2026 03:45
 2 files changed, 7 insertions(+), 1 deletion(-)
To github.com:gestordecx/promod-vitrine.git
   9bcb858..f43b8a1  main -> main
60 ofertas escritas em index.html.
Vitrine publicada com sucesso.
[main 2307e73] Atualiza vitrine - 02/10/2026 04:00
 2 files changed, 7 insertions(+), 1 deletion(-)
To github.com:gestordecx/promod-vitrine.git
   f43b8a1..2307e73  main -> main
60 ofertas escritas em index.html.
Vitrine publicada com sucesso.
[main c38b3fb] Atualiza vitrine - 02/10/2026 04:15
 2 files changed, 92 insertions(+), 86 deletions(-)
To github.com:gestordecx/promod-vitrine.git
   2307e73..c38b3fb  main -> main
60 ofertas escritas em index.html.
Vitrine publicada com sucesso.
[main 684194a] Atualiza vitrine - 02/10/2026 04:30
 2 files changed, 24 insertions(+), 18 deletions(-)
To github.com:gestordecx/promod-vitrine.git
   c38b3fb..684194a  main -> main
60 ofertas escritas em index.html.
Vitrine publicada com sucesso.
[main 002e1d9] Atualiza vitrine - 02/10/2026 04:45
 2 files changed, 7 insertions(+), 1 deletion(-)
To github.com:gestordecx/promod-vitrine.git
   684194a..002e1d9  main -> main
60 ofertas escritas em index.html.
Vitrine publicada com sucesso.
[main ae31b7e] Atualiza vitrine - 02/10/2026 05:00
 2 files changed, 24 insertions(+), 18 deletions(-)
To github.com:gestordecx/promod-vitrine.git
   002e1d9..ae31b7e  main -> main
60 ofertas escritas em index.html.
Vitrine publicada com sucesso.
[main 1791c9b] Atualiza vitrine - 02/10/2026 05:15
 2 files changed, 23 insertions(+), 17 deletions(-)
To github.com:gestordecx/promod-vitrine.git
   ae31b7e..1791c9b  main -> main
60 ofertas escritas em index.html.
Vitrine publicada com sucesso.
[main 77a1f5d] Atualiza vitrine - 02/10/2026 05:30
 2 files changed, 23 insertions(+), 17 deletions(-)
To github.com:gestordecx/promod-vitrine.git
   1791c9b..77a1f5d  main -> main
60 ofertas escritas em index.html.
Vitrine publicada com sucesso.
[main 3921306] Atualiza vitrine - 02/10/2026 05:45
 2 files changed, 24 insertions(+), 18 deletions(-)
To github.com:gestordecx/promod-vitrine.git
   77a1f5d..3921306  main -> main
60 ofertas escritas em index.html.
Vitrine publicada com sucesso.
[main add33bb] Atualiza vitrine - 02/10/2026 06:00
 2 files changed, 7 insertions(+), 1 deletion(-)
To github.com:gestordecx/promod-vitrine.git
   3921306..add33bb  main -> main
60 ofertas escritas em index.html.
Vitrine publicada com sucesso.
[main 4d1d9c1] Atualiza vitrine - 02/10/2026 06:15
 2 files changed, 23 insertions(+), 17 deletions(-)
To github.com:gestordecx/promod-vitrine.git
   add33bb..4d1d9c1  main -> main
60 ofertas escritas em index.html.
Vitrine publicada com sucesso.
[main 59d0bb2] Atualiza vitrine - 02/10/2026 06:30
 2 files changed, 24 insertions(+), 18 deletions(-)
To github.com:gestordecx/promod-vitrine.git
   4d1d9c1..59d0bb2  main -> main
60 ofertas escritas em index.html.
Vitrine publicada com sucesso.
[main 972cfda] Atualiza vitrine - 02/10/2026 06:45
 2 files changed, 23 insertions(+), 17 deletions(-)
To github.com:gestordecx/promod-vitrine.git
   59d0bb2..972cfda  main -> main
60 ofertas escritas em index.html.
Vitrine publicada com sucesso.
[main 265abb4] Atualiza vitrine - 02/10/2026 07:00
 2 files changed, 41 insertions(+), 35 deletions(-)
To github.com:gestordecx/promod-vitrine.git
   972cfda..265abb4  main -> main
60 ofertas escritas em index.html.
Vitrine publicada com sucesso.
[main 054a8b2] Atualiza vitrine - 02/10/2026 07:15
 2 files changed, 7 insertions(+), 1 deletion(-)
To github.com:gestordecx/promod-vitrine.git
   265abb4..054a8b2  main -> main
60 ofertas escritas em index.html.
Vitrine publicada com sucesso.
[main 9a50d62] Atualiza vitrine - 02/10/2026 07:30
 2 files changed, 71 insertions(+), 65 deletions(-)
To github.com:gestordecx/promod-vitrine.git
   054a8b2..9a50d62  main -> main
60 ofertas escritas em index.html.
Vitrine publicada com sucesso.
[main e2063ac] Atualiza vitrine - 02/10/2026 07:45
 2 files changed, 41 insertions(+), 35 deletions(-)
To github.com:gestordecx/promod-vitrine.git
   9a50d62..e2063ac  main -> main
60 ofertas escritas em index.html.
Vitrine publicada com sucesso.
[main 82d90fd] Atualiza vitrine - 02/10/2026 08:00
 2 files changed, 126 insertions(+), 120 deletions(-)
To github.com:gestordecx/promod-vitrine.git
   e2063ac..82d90fd  main -> main
60 ofertas escritas em index.html.
Vitrine publicada com sucesso.
[main 0f3b405] Atualiza vitrine - 02/10/2026 08:15
 2 files changed, 157 insertions(+), 150 deletions(-)
To github.com:gestordecx/promod-vitrine.git
   82d90fd..0f3b405  main -> main
60 ofertas escritas em index.html.
Vitrine publicada com sucesso.
[main bed7d88] Atualiza vitrine - 02/10/2026 08:30
 2 files changed, 356 insertions(+), 350 deletions(-)
To github.com:gestordecx/promod-vitrine.git
   0f3b405..bed7d88  main -> main
60 ofertas escritas em index.html.
Vitrine publicada com sucesso.
[main f69ee1e] Atualiza vitrine - 02/10/2026 08:45
 2 files changed, 191 insertions(+), 185 deletions(-)
To github.com:gestordecx/promod-vitrine.git
   bed7d88..f69ee1e  main -> main
60 ofertas escritas em index.html.
Vitrine publicada com sucesso.
[main 90013ff] Atualiza vitrine - 02/10/2026 09:00
 2 files changed, 226 insertions(+), 220 deletions(-)
To github.com:gestordecx/promod-vitrine.git
   f69ee1e..90013ff  main -> main
60 ofertas escritas em index.html.
Vitrine publicada com sucesso.
[main 2bbe4b3] Atualiza vitrine - 02/10/2026 09:15
 2 files changed, 122 insertions(+), 116 deletions(-)
To github.com:gestordecx/promod-vitrine.git
   90013ff..2bbe4b3  main -> main
60 ofertas escritas em index.html.
Vitrine publicada com sucesso.
[main e18db92] Atualiza vitrine - 02/10/2026 09:30
 2 files changed, 158 insertions(+), 152 deletions(-)
To github.com:gestordecx/promod-vitrine.git
   2bbe4b3..e18db92  main -> main
60 ofertas escritas em index.html.
Vitrine publicada com sucesso.
[main 6897ff4] Atualiza vitrine - 02/10/2026 09:45
 2 files changed, 284 insertions(+), 278 deletions(-)
To github.com:gestordecx/promod-vitrine.git
   e18db92..6897ff4  main -> main
60 ofertas escritas em index.html.
Vitrine publicada com sucesso.
[main 195423f] Atualiza vitrine - 02/10/2026 10:00
 2 files changed, 230 insertions(+), 224 deletions(-)
To github.com:gestordecx/promod-vitrine.git
   6897ff4..195423f  main -> main
60 ofertas escritas em index.html.
Vitrine publicada com sucesso.
[main 5210659] Atualiza vitrine - 02/10/2026 10:15
 2 files changed, 172 insertions(+), 165 deletions(-)
To github.com:gestordecx/promod-vitrine.git
   195423f..5210659  main -> main
60 ofertas escritas em index.html.
Vitrine publicada com sucesso.
[main cb70749] Atualiza vitrine - 02/10/2026 10:30
 2 files changed, 58 insertions(+), 52 deletions(-)
To github.com:gestordecx/promod-vitrine.git
   5210659..cb70749  main -> main
60 ofertas escritas em index.html.
Vitrine publicada com sucesso.
[main 709cf74] Atualiza vitrine - 02/10/2026 10:45
 2 files changed, 152 insertions(+), 146 deletions(-)
To github.com:gestordecx/promod-vitrine.git
   cb70749..709cf74  main -> main
60 ofertas escritas em index.html.
Vitrine publicada com sucesso.
[main 6765c1b] Atualiza vitrine - 02/10/2026 11:00
 2 files changed, 140 insertions(+), 134 deletions(-)
To github.com:gestordecx/promod-vitrine.git
   709cf74..6765c1b  main -> main
60 ofertas escritas em index.html.
Vitrine publicada com sucesso.
[main 954ebc2] Atualiza vitrine - 02/10/2026 11:15
 2 files changed, 123 insertions(+), 117 deletions(-)
To github.com:gestordecx/promod-vitrine.git
   6765c1b..954ebc2  main -> main
60 ofertas escritas em index.html.
Vitrine publicada com sucesso.
[main 61a86d5] Atualiza vitrine - 02/10/2026 11:30
 2 files changed, 124 insertions(+), 118 deletions(-)
To github.com:gestordecx/promod-vitrine.git
   954ebc2..61a86d5  main -> main
60 ofertas escritas em index.html.
Vitrine publicada com sucesso.
[main d59f615] Atualiza vitrine - 02/10/2026 11:45
 2 files changed, 156 insertions(+), 150 deletions(-)
To github.com:gestordecx/promod-vitrine.git
   61a86d5..d59f615  main -> main
60 ofertas escritas em index.html.
Vitrine publicada com sucesso.
[main 7ae63c8] Atualiza vitrine - 02/10/2026 12:00
 2 files changed, 246 insertions(+), 240 deletions(-)
To github.com:gestordecx/promod-vitrine.git
   d59f615..7ae63c8  main -> main
60 ofertas escritas em index.html.
Vitrine publicada com sucesso.
[main 2798f05] Atualiza vitrine - 02/10/2026 12:15
 2 files changed, 157 insertions(+), 152 deletions(-)
To github.com:gestordecx/promod-vitrine.git
   7ae63c8..2798f05  main -> main
60 ofertas escritas em index.html.
Vitrine publicada com sucesso.
[main aafc735] Atualiza vitrine - 02/10/2026 12:30
 2 files changed, 105 insertions(+), 99 deletions(-)
To github.com:gestordecx/promod-vitrine.git
   2798f05..aafc735  main -> main
60 ofertas escritas em index.html.
Vitrine publicada com sucesso.
[main 5cf802d] Atualiza vitrine - 02/10/2026 12:45
 2 files changed, 7 insertions(+), 1 deletion(-)
To github.com:gestordecx/promod-vitrine.git
   aafc735..5cf802d  main -> main
60 ofertas escritas em index.html.
Vitrine publicada com sucesso.
[main 141fbc2] Atualiza vitrine - 02/10/2026 13:00
 2 files changed, 88 insertions(+), 82 deletions(-)
To github.com:gestordecx/promod-vitrine.git
   5cf802d..141fbc2  main -> main
60 ofertas escritas em index.html.
Vitrine publicada com sucesso.
[main 4f3198c] Atualiza vitrine - 02/10/2026 13:15
 2 files changed, 191 insertions(+), 185 deletions(-)
To github.com:gestordecx/promod-vitrine.git
   141fbc2..4f3198c  main -> main
60 ofertas escritas em index.html.
Vitrine publicada com sucesso.
[main 6a4f787] Atualiza vitrine - 02/10/2026 13:30
 2 files changed, 56 insertions(+), 50 deletions(-)
To github.com:gestordecx/promod-vitrine.git
   4f3198c..6a4f787  main -> main
60 ofertas escritas em index.html.
Vitrine publicada com sucesso.
[main feefdb0] Atualiza vitrine - 02/10/2026 13:45
 2 files changed, 155 insertions(+), 149 deletions(-)
To github.com:gestordecx/promod-vitrine.git
   6a4f787..feefdb0  main -> main
60 ofertas escritas em index.html.
Vitrine publicada com sucesso.
[main bbfbe21] Atualiza vitrine - 02/10/2026 14:00
 2 files changed, 39 insertions(+), 33 deletions(-)
To github.com:gestordecx/promod-vitrine.git
   feefdb0..bbfbe21  main -> main
60 ofertas escritas em index.html.
Vitrine publicada com sucesso.
[main 071e49e] Atualiza vitrine - 02/10/2026 14:15
 2 files changed, 201 insertions(+), 195 deletions(-)
To github.com:gestordecx/promod-vitrine.git
   bbfbe21..071e49e  main -> main
60 ofertas escritas em index.html.
Vitrine publicada com sucesso.
[main 9bea277] Atualiza vitrine - 02/10/2026 14:30
 2 files changed, 406 insertions(+), 400 deletions(-)
To github.com:gestordecx/promod-vitrine.git
   071e49e..9bea277  main -> main
60 ofertas escritas em index.html.
Vitrine publicada com sucesso.
[main 441f107] Atualiza vitrine - 02/10/2026 14:45
 2 files changed, 39 insertions(+), 33 deletions(-)
To github.com:gestordecx/promod-vitrine.git
   9bea277..441f107  main -> main
60 ofertas escritas em index.html.
Vitrine publicada com sucesso.
[main c1c42c8] Atualiza vitrine - 02/10/2026 15:00
 2 files changed, 23 insertions(+), 17 deletions(-)
To github.com:gestordecx/promod-vitrine.git
   441f107..c1c42c8  main -> main
60 ofertas escritas em index.html.
Vitrine publicada com sucesso.
[main efcbf2e] Atualiza vitrine - 02/10/2026 15:15
 2 files changed, 57 insertions(+), 50 deletions(-)
To github.com:gestordecx/promod-vitrine.git
   c1c42c8..efcbf2e  main -> main
60 ofertas escritas em index.html.
Vitrine publicada com sucesso.
[main 736ac83] Atualiza vitrine - 02/10/2026 15:30
 2 files changed, 187 insertions(+), 181 deletions(-)
To github.com:gestordecx/promod-vitrine.git
   efcbf2e..736ac83  main -> main
60 ofertas escritas em index.html.
Vitrine publicada com sucesso.
[main e8d4b07] Atualiza vitrine - 02/10/2026 15:45
 2 files changed, 103 insertions(+), 98 deletions(-)
To github.com:gestordecx/promod-vitrine.git
   736ac83..e8d4b07  main -> main
60 ofertas escritas em index.html.
Vitrine publicada com sucesso.
[main c380b11] Atualiza vitrine - 02/10/2026 16:00
 2 files changed, 55 insertions(+), 49 deletions(-)
To github.com:gestordecx/promod-vitrine.git
   e8d4b07..c380b11  main -> main
60 ofertas escritas em index.html.
Vitrine publicada com sucesso.
[main 56b9087] Atualiza vitrine - 02/10/2026 16:15
 2 files changed, 285 insertions(+), 279 deletions(-)
To github.com:gestordecx/promod-vitrine.git
   c380b11..56b9087  main -> main
60 ofertas escritas em index.html.
Vitrine publicada com sucesso.
[main cf4deb3] Atualiza vitrine - 02/10/2026 16:30
 2 files changed, 23 insertions(+), 17 deletions(-)
To github.com:gestordecx/promod-vitrine.git
   56b9087..cf4deb3  main -> main
60 ofertas escritas em index.html.
Vitrine publicada com sucesso.
[main 11cd37f] Atualiza vitrine - 02/10/2026 16:45
 2 files changed, 7 insertions(+), 1 deletion(-)
To github.com:gestordecx/promod-vitrine.git
   cf4deb3..11cd37f  main -> main
60 ofertas escritas em index.html.
Vitrine publicada com sucesso.
[main 9afa78a] Atualiza vitrine - 02/10/2026 17:00
 2 files changed, 7 insertions(+), 1 deletion(-)
To github.com:gestordecx/promod-vitrine.git
   11cd37f..9afa78a  main -> main
60 ofertas escritas em index.html.
Vitrine publicada com sucesso.
[main fa83c01] Atualiza vitrine - 02/10/2026 17:15
 2 files changed, 7 insertions(+), 1 deletion(-)
To github.com:gestordecx/promod-vitrine.git
   9afa78a..fa83c01  main -> main
60 ofertas escritas em index.html.
Vitrine publicada com sucesso.
[main 423638e] Atualiza vitrine - 02/10/2026 17:30
 2 files changed, 7 insertions(+), 1 deletion(-)
To github.com:gestordecx/promod-vitrine.git
   fa83c01..423638e  main -> main
60 ofertas escritas em index.html.
Vitrine publicada com sucesso.
[main 425c356] Atualiza vitrine - 02/10/2026 17:45
 2 files changed, 7 insertions(+), 1 deletion(-)
To github.com:gestordecx/promod-vitrine.git
   423638e..425c356  main -> main
60 ofertas escritas em index.html.
Vitrine publicada com sucesso.
[main ea5ff03] Atualiza vitrine - 02/10/2026 18:00
 2 files changed, 7 insertions(+), 1 deletion(-)
To github.com:gestordecx/promod-vitrine.git
   425c356..ea5ff03  main -> main
60 ofertas escritas em index.html.
Vitrine publicada com sucesso.
[main 8842d2c] Atualiza vitrine - 02/10/2026 18:15
 2 files changed, 7 insertions(+), 1 deletion(-)
To github.com:gestordecx/promod-vitrine.git
   ea5ff03..8842d2c  main -> main
60 ofertas escritas em index.html.
Vitrine publicada com sucesso.
[main 9f2dc2e] Atualiza vitrine - 02/10/2026 18:30
 2 files changed, 7 insertions(+), 1 deletion(-)
To github.com:gestordecx/promod-vitrine.git
   8842d2c..9f2dc2e  main -> main
60 ofertas escritas em index.html.
Vitrine publicada com sucesso.
[main 11739c0] Atualiza vitrine - 02/10/2026 18:45
 2 files changed, 7 insertions(+), 1 deletion(-)
To github.com:gestordecx/promod-vitrine.git
   9f2dc2e..11739c0  main -> main
60 ofertas escritas em index.html.
Vitrine publicada com sucesso.
[main d6539ff] Atualiza vitrine - 02/10/2026 19:00
 2 files changed, 7 insertions(+), 1 deletion(-)
To github.com:gestordecx/promod-vitrine.git
   11739c0..d6539ff  main -> main
60 ofertas escritas em index.html.
Vitrine publicada com sucesso.
[main ba1f8e9] Atualiza vitrine - 02/10/2026 19:15
 2 files changed, 7 insertions(+), 1 deletion(-)
To github.com:gestordecx/promod-vitrine.git
   d6539ff..ba1f8e9  main -> main
60 ofertas escritas em index.html.
Vitrine publicada com sucesso.
[main 401c822] Atualiza vitrine - 02/10/2026 19:30
 2 files changed, 7 insertions(+), 1 deletion(-)
To github.com:gestordecx/promod-vitrine.git
   ba1f8e9..401c822  main -> main
60 ofertas escritas em index.html.
Vitrine publicada com sucesso.
[main 4b6669f] Atualiza vitrine - 02/10/2026 19:45
 2 files changed, 7 insertions(+), 1 deletion(-)
To github.com:gestordecx/promod-vitrine.git
   401c822..4b6669f  main -> main
60 ofertas escritas em index.html.
Vitrine publicada com sucesso.
[main ea74283] Atualiza vitrine - 02/10/2026 20:00
 2 files changed, 7 insertions(+), 1 deletion(-)
To github.com:gestordecx/promod-vitrine.git
   4b6669f..ea74283  main -> main
60 ofertas escritas em index.html.
Vitrine publicada com sucesso.
[main aa31d72] Atualiza vitrine - 02/10/2026 20:15
 2 files changed, 7 insertions(+), 1 deletion(-)
To github.com:gestordecx/promod-vitrine.git
   ea74283..aa31d72  main -> main
60 ofertas escritas em index.html.
Vitrine publicada com sucesso.
[main 0ba8486] Atualiza vitrine - 02/10/2026 20:30
 2 files changed, 7 insertions(+), 1 deletion(-)
To github.com:gestordecx/promod-vitrine.git
   aa31d72..0ba8486  main -> main
60 ofertas escritas em index.html.
Vitrine publicada com sucesso.
[main 16c8f41] Atualiza vitrine - 02/10/2026 20:45
 2 files changed, 7 insertions(+), 1 deletion(-)
To github.com:gestordecx/promod-vitrine.git
   0ba8486..16c8f41  main -> main
60 ofertas escritas em index.html.
Vitrine publicada com sucesso.
[main 9881a13] Atualiza vitrine - 02/10/2026 21:00
 2 files changed, 7 insertions(+), 1 deletion(-)
To github.com:gestordecx/promod-vitrine.git
   16c8f41..9881a13  main -> main
60 ofertas escritas em index.html.
Vitrine publicada com sucesso.
[main 3481279] Atualiza vitrine - 02/10/2026 21:15
 2 files changed, 7 insertions(+), 1 deletion(-)
To github.com:gestordecx/promod-vitrine.git
   9881a13..3481279  main -> main
60 ofertas escritas em index.html.
Vitrine publicada com sucesso.
[main 47e1aa9] Atualiza vitrine - 02/10/2026 21:30
 2 files changed, 7 insertions(+), 1 deletion(-)
To github.com:gestordecx/promod-vitrine.git
   3481279..47e1aa9  main -> main
60 ofertas escritas em index.html.
Vitrine publicada com sucesso.
[main cccf2ec] Atualiza vitrine - 02/10/2026 21:45
 2 files changed, 7 insertions(+), 1 deletion(-)
To github.com:gestordecx/promod-vitrine.git
   47e1aa9..cccf2ec  main -> main
60 ofertas escritas em index.html.
Vitrine publicada com sucesso.
[main 3422d4c] Atualiza vitrine - 02/10/2026 22:00
 2 files changed, 7 insertions(+), 1 deletion(-)
To github.com:gestordecx/promod-vitrine.git
   cccf2ec..3422d4c  main -> main
60 ofertas escritas em index.html.
Vitrine publicada com sucesso.
[main b196a16] Atualiza vitrine - 02/10/2026 22:15
 2 files changed, 7 insertions(+), 1 deletion(-)
To github.com:gestordecx/promod-vitrine.git
   3422d4c..b196a16  main -> main
60 ofertas escritas em index.html.
Vitrine publicada com sucesso.
[main 312e763] Atualiza vitrine - 02/10/2026 22:30
 2 files changed, 7 insertions(+), 1 deletion(-)
To github.com:gestordecx/promod-vitrine.git
   b196a16..312e763  main -> main
60 ofertas escritas em index.html.
Vitrine publicada com sucesso.
[main 4a3d136] Atualiza vitrine - 02/10/2026 22:45
 2 files changed, 7 insertions(+), 1 deletion(-)
To github.com:gestordecx/promod-vitrine.git
   312e763..4a3d136  main -> main
60 ofertas escritas em index.html.
Vitrine publicada com sucesso.
[main 0f22f03] Atualiza vitrine - 02/10/2026 23:00
 2 files changed, 7 insertions(+), 1 deletion(-)
To github.com:gestordecx/promod-vitrine.git
   4a3d136..0f22f03  main -> main
60 ofertas escritas em index.html.
Vitrine publicada com sucesso.
[main e2b0484] Atualiza vitrine - 02/10/2026 23:15
 2 files changed, 7 insertions(+), 1 deletion(-)
To github.com:gestordecx/promod-vitrine.git
   0f22f03..e2b0484  main -> main
60 ofertas escritas em index.html.
Vitrine publicada com sucesso.
[main 150ed82] Atualiza vitrine - 02/10/2026 23:30
 2 files changed, 7 insertions(+), 1 deletion(-)
To github.com:gestordecx/promod-vitrine.git
   e2b0484..150ed82  main -> main
60 ofertas escritas em index.html.
Vitrine publicada com sucesso.
[main 06eb01a] Atualiza vitrine - 02/10/2026 23:45
 2 files changed, 7 insertions(+), 1 deletion(-)
To github.com:gestordecx/promod-vitrine.git
   150ed82..06eb01a  main -> main
60 ofertas escritas em index.html.
Vitrine publicada com sucesso.
[main 5003283] Atualiza vitrine - 03/10/2026 00:00
 2 files changed, 7 insertions(+), 1 deletion(-)
To github.com:gestordecx/promod-vitrine.git
   06eb01a..5003283  main -> main
60 ofertas escritas em index.html.
Vitrine publicada com sucesso.
[main 150247b] Atualiza vitrine - 03/10/2026 00:15
 2 files changed, 443 insertions(+), 435 deletions(-)
To github.com:gestordecx/promod-vitrine.git
   5003283..150247b  main -> main
60 ofertas escritas em index.html.
Vitrine publicada com sucesso.
[main 5fbb8aa] Atualiza vitrine - 03/10/2026 00:30
 2 files changed, 220 insertions(+), 214 deletions(-)
To github.com:gestordecx/promod-vitrine.git
   150247b..5fbb8aa  main -> main
60 ofertas escritas em index.html.
Vitrine publicada com sucesso.
[main ce41f8f] Atualiza vitrine - 03/10/2026 00:45
 2 files changed, 106 insertions(+), 100 deletions(-)
To github.com:gestordecx/promod-vitrine.git
   5fbb8aa..ce41f8f  main -> main
60 ofertas escritas em index.html.
Vitrine publicada com sucesso.
[main ab53cdd] Atualiza vitrine - 03/10/2026 01:00
 2 files changed, 233 insertions(+), 227 deletions(-)
To github.com:gestordecx/promod-vitrine.git
   ce41f8f..ab53cdd  main -> main
60 ofertas escritas em index.html.
Vitrine publicada com sucesso.
[main 89f7b0c] Atualiza vitrine - 03/10/2026 01:15
 2 files changed, 124 insertions(+), 118 deletions(-)
To github.com:gestordecx/promod-vitrine.git
   ab53cdd..89f7b0c  main -> main
60 ofertas escritas em index.html.
Vitrine publicada com sucesso.
[main bce9ea3] Atualiza vitrine - 03/10/2026 01:30
 2 files changed, 7 insertions(+), 1 deletion(-)
To github.com:gestordecx/promod-vitrine.git
   89f7b0c..bce9ea3  main -> main
60 ofertas escritas em index.html.
Vitrine publicada com sucesso.
[main 0a89103] Atualiza vitrine - 03/10/2026 01:45
 2 files changed, 57 insertions(+), 51 deletions(-)
To github.com:gestordecx/promod-vitrine.git
   bce9ea3..0a89103  main -> main
60 ofertas escritas em index.html.
Vitrine publicada com sucesso.
[main b2ecb9a] Atualiza vitrine - 03/10/2026 02:00
 2 files changed, 24 insertions(+), 18 deletions(-)
To github.com:gestordecx/promod-vitrine.git
   0a89103..b2ecb9a  main -> main
60 ofertas escritas em index.html.
Vitrine publicada com sucesso.
[main 209c315] Atualiza vitrine - 03/10/2026 02:15
 2 files changed, 23 insertions(+), 17 deletions(-)
To github.com:gestordecx/promod-vitrine.git
   b2ecb9a..209c315  main -> main
60 ofertas escritas em index.html.
Vitrine publicada com sucesso.
[main d1fe7ca] Atualiza vitrine - 03/10/2026 02:30
 2 files changed, 92 insertions(+), 86 deletions(-)
To github.com:gestordecx/promod-vitrine.git
   209c315..d1fe7ca  main -> main
60 ofertas escritas em index.html.
Vitrine publicada com sucesso.
[main d0a8c94] Atualiza vitrine - 03/10/2026 02:45
 2 files changed, 7 insertions(+), 1 deletion(-)
To github.com:gestordecx/promod-vitrine.git
   d1fe7ca..d0a8c94  main -> main
60 ofertas escritas em index.html.
Vitrine publicada com sucesso.
[main f47b42c] Atualiza vitrine - 03/10/2026 03:00
 2 files changed, 7 insertions(+), 1 deletion(-)
To github.com:gestordecx/promod-vitrine.git
   d0a8c94..f47b42c  main -> main
60 ofertas escritas em index.html.
Vitrine publicada com sucesso.
[main c8205ab] Atualiza vitrine - 03/10/2026 03:15
 2 files changed, 7 insertions(+), 1 deletion(-)
To github.com:gestordecx/promod-vitrine.git
   f47b42c..c8205ab  main -> main
60 ofertas escritas em index.html.
Vitrine publicada com sucesso.
[main 7683e43] Atualiza vitrine - 03/10/2026 03:30
 2 files changed, 7 insertions(+), 1 deletion(-)
To github.com:gestordecx/promod-vitrine.git
   c8205ab..7683e43  main -> main
60 ofertas escritas em index.html.
Vitrine publicada com sucesso.
[main 68e7b8e] Atualiza vitrine - 03/10/2026 03:45
 2 files changed, 7 insertions(+), 1 deletion(-)
To github.com:gestordecx/promod-vitrine.git
   7683e43..68e7b8e  main -> main
60 ofertas escritas em index.html.
Vitrine publicada com sucesso.
[main bc8cb4a] Atualiza vitrine - 03/10/2026 04:00
 2 files changed, 7 insertions(+), 1 deletion(-)
To github.com:gestordecx/promod-vitrine.git
   68e7b8e..bc8cb4a  main -> main
60 ofertas escritas em index.html.
Vitrine publicada com sucesso.
[main da8d270] Atualiza vitrine - 03/10/2026 04:15
 2 files changed, 7 insertions(+), 1 deletion(-)
To github.com:gestordecx/promod-vitrine.git
   bc8cb4a..da8d270  main -> main
60 ofertas escritas em index.html.
Vitrine publicada com sucesso.
[main 69508c8] Atualiza vitrine - 03/10/2026 04:30
 2 files changed, 7 insertions(+), 1 deletion(-)
To github.com:gestordecx/promod-vitrine.git
   da8d270..69508c8  main -> main
60 ofertas escritas em index.html.
Vitrine publicada com sucesso.
[main 321ae70] Atualiza vitrine - 03/10/2026 04:45
 2 files changed, 7 insertions(+), 1 deletion(-)
To github.com:gestordecx/promod-vitrine.git
   69508c8..321ae70  main -> main
60 ofertas escritas em index.html.
Vitrine publicada com sucesso.
[main 8e867cc] Atualiza vitrine - 03/10/2026 05:00
 2 files changed, 7 insertions(+), 1 deletion(-)
To github.com:gestordecx/promod-vitrine.git
   321ae70..8e867cc  main -> main
60 ofertas escritas em index.html.
Vitrine publicada com sucesso.
[main ea0dd70] Atualiza vitrine - 03/10/2026 05:15
 2 files changed, 39 insertions(+), 33 deletions(-)
To github.com:gestordecx/promod-vitrine.git
   8e867cc..ea0dd70  main -> main
60 ofertas escritas em index.html.
Vitrine publicada com sucesso.
[main dc7275f] Atualiza vitrine - 03/10/2026 05:30
 2 files changed, 7 insertions(+), 1 deletion(-)
To github.com:gestordecx/promod-vitrine.git
   ea0dd70..dc7275f  main -> main
60 ofertas escritas em index.html.
Vitrine publicada com sucesso.
[main f411b87] Atualiza vitrine - 03/10/2026 05:45
 2 files changed, 39 insertions(+), 35 deletions(-)
To github.com:gestordecx/promod-vitrine.git
   dc7275f..f411b87  main -> main
60 ofertas escritas em index.html.
Vitrine publicada com sucesso.
[main 5007ad0] Atualiza vitrine - 03/10/2026 06:00
 2 files changed, 7 insertions(+), 1 deletion(-)
To github.com:gestordecx/promod-vitrine.git
   f411b87..5007ad0  main -> main
60 ofertas escritas em index.html.
Vitrine publicada com sucesso.
[main 0a224b6] Atualiza vitrine - 03/10/2026 06:15
 2 files changed, 24 insertions(+), 18 deletions(-)
To github.com:gestordecx/promod-vitrine.git
   5007ad0..0a224b6  main -> main
60 ofertas escritas em index.html.
Vitrine publicada com sucesso.
[main 3850352] Atualiza vitrine - 03/10/2026 06:30
 2 files changed, 23 insertions(+), 17 deletions(-)
To github.com:gestordecx/promod-vitrine.git
   0a224b6..3850352  main -> main
60 ofertas escritas em index.html.
Vitrine publicada com sucesso.
[main a1ac4dc] Atualiza vitrine - 03/10/2026 06:45
 2 files changed, 23 insertions(+), 17 deletions(-)
To github.com:gestordecx/promod-vitrine.git
   3850352..a1ac4dc  main -> main
60 ofertas escritas em index.html.
Vitrine publicada com sucesso.
[main 925d377] Atualiza vitrine - 03/10/2026 07:00
 2 files changed, 23 insertions(+), 17 deletions(-)
To github.com:gestordecx/promod-vitrine.git
   a1ac4dc..925d377  main -> main
60 ofertas escritas em index.html.
Vitrine publicada com sucesso.
[main 2a7737a] Atualiza vitrine - 03/10/2026 07:15
 2 files changed, 7 insertions(+), 1 deletion(-)
To github.com:gestordecx/promod-vitrine.git
   925d377..2a7737a  main -> main
60 ofertas escritas em index.html.
Vitrine publicada com sucesso.
[main 66f8bd8] Atualiza vitrine - 03/10/2026 07:30
 2 files changed, 40 insertions(+), 34 deletions(-)
To github.com:gestordecx/promod-vitrine.git
   2a7737a..66f8bd8  main -> main
60 ofertas escritas em index.html.
Vitrine publicada com sucesso.
[main 6207cca] Atualiza vitrine - 03/10/2026 07:45
 2 files changed, 141 insertions(+), 135 deletions(-)
To github.com:gestordecx/promod-vitrine.git
   66f8bd8..6207cca  main -> main
60 ofertas escritas em index.html.
Vitrine publicada com sucesso.
[main f50606e] Atualiza vitrine - 03/10/2026 08:00
 2 files changed, 92 insertions(+), 86 deletions(-)
To github.com:gestordecx/promod-vitrine.git
   6207cca..f50606e  main -> main
60 ofertas escritas em index.html.
Vitrine publicada com sucesso.
[main d80a856] Atualiza vitrine - 03/10/2026 08:15
 2 files changed, 107 insertions(+), 101 deletions(-)
To github.com:gestordecx/promod-vitrine.git
   f50606e..d80a856  main -> main
60 ofertas escritas em index.html.
Vitrine publicada com sucesso.
[main af47b2e] Atualiza vitrine - 03/10/2026 08:30
 2 files changed, 176 insertions(+), 170 deletions(-)
To github.com:gestordecx/promod-vitrine.git
   d80a856..af47b2e  main -> main
60 ofertas escritas em index.html.
Vitrine publicada com sucesso.
[main 7557e48] Atualiza vitrine - 03/10/2026 08:45
 2 files changed, 39 insertions(+), 33 deletions(-)
To github.com:gestordecx/promod-vitrine.git
   af47b2e..7557e48  main -> main
60 ofertas escritas em index.html.
Vitrine publicada com sucesso.
[main 40cb1e8] Atualiza vitrine - 03/10/2026 09:00
 2 files changed, 39 insertions(+), 33 deletions(-)
To github.com:gestordecx/promod-vitrine.git
   7557e48..40cb1e8  main -> main
60 ofertas escritas em index.html.
Vitrine publicada com sucesso.
[main 0b731e6] Atualiza vitrine - 03/10/2026 09:15
 2 files changed, 87 insertions(+), 82 deletions(-)
To github.com:gestordecx/promod-vitrine.git
   40cb1e8..0b731e6  main -> main
60 ofertas escritas em index.html.
Vitrine publicada com sucesso.
[main 6fc9190] Atualiza vitrine - 03/10/2026 09:30
 2 files changed, 106 insertions(+), 100 deletions(-)
To github.com:gestordecx/promod-vitrine.git
   0b731e6..6fc9190  main -> main
60 ofertas escritas em index.html.
Vitrine publicada com sucesso.
[main 0784fd2] Atualiza vitrine - 03/10/2026 09:45
 2 files changed, 88 insertions(+), 82 deletions(-)
To github.com:gestordecx/promod-vitrine.git
   6fc9190..0784fd2  main -> main
60 ofertas escritas em index.html.
Vitrine publicada com sucesso.
[main e80c742] Atualiza vitrine - 03/10/2026 10:00
 2 files changed, 335 insertions(+), 329 deletions(-)
To github.com:gestordecx/promod-vitrine.git
   0784fd2..e80c742  main -> main
60 ofertas escritas em index.html.
Vitrine publicada com sucesso.
[main ee506eb] Atualiza vitrine - 03/10/2026 10:15
 2 files changed, 403 insertions(+), 397 deletions(-)
To github.com:gestordecx/promod-vitrine.git
   e80c742..ee506eb  main -> main
60 ofertas escritas em index.html.
Vitrine publicada com sucesso.
[main 909569b] Atualiza vitrine - 03/10/2026 10:30
 2 files changed, 56 insertions(+), 50 deletions(-)
To github.com:gestordecx/promod-vitrine.git
   ee506eb..909569b  main -> main
60 ofertas escritas em index.html.
Vitrine publicada com sucesso.
[main 7b6a109] Atualiza vitrine - 03/10/2026 10:45
 2 files changed, 55 insertions(+), 49 deletions(-)
To github.com:gestordecx/promod-vitrine.git
   909569b..7b6a109  main -> main
60 ofertas escritas em index.html.
Vitrine publicada com sucesso.
[main 53947e1] Atualiza vitrine - 03/10/2026 11:00
 2 files changed, 91 insertions(+), 85 deletions(-)
To github.com:gestordecx/promod-vitrine.git
   7b6a109..53947e1  main -> main
60 ofertas escritas em index.html.
Vitrine publicada com sucesso.
[main b0463fd] Atualiza vitrine - 03/10/2026 11:15
 2 files changed, 154 insertions(+), 148 deletions(-)
To github.com:gestordecx/promod-vitrine.git
   53947e1..b0463fd  main -> main
60 ofertas escritas em index.html.
Vitrine publicada com sucesso.
[main bf28c6a] Atualiza vitrine - 03/10/2026 11:30
 2 files changed, 137 insertions(+), 131 deletions(-)
To github.com:gestordecx/promod-vitrine.git
   b0463fd..bf28c6a  main -> main
60 ofertas escritas em index.html.
Vitrine publicada com sucesso.
[main 9b51b45] Atualiza vitrine - 03/10/2026 11:45
 2 files changed, 55 insertions(+), 49 deletions(-)
To github.com:gestordecx/promod-vitrine.git
   bf28c6a..9b51b45  main -> main
60 ofertas escritas em index.html.
Vitrine publicada com sucesso.
[main 5e5f375] Atualiza vitrine - 03/10/2026 12:00
 2 files changed, 56 insertions(+), 50 deletions(-)
To github.com:gestordecx/promod-vitrine.git
   9b51b45..5e5f375  main -> main
60 ofertas escritas em index.html.
Vitrine publicada com sucesso.
[main 9251ff9] Atualiza vitrine - 03/10/2026 12:15
 2 files changed, 122 insertions(+), 116 deletions(-)
To github.com:gestordecx/promod-vitrine.git
   5e5f375..9251ff9  main -> main
60 ofertas escritas em index.html.
Vitrine publicada com sucesso.
[main f5bd15f] Atualiza vitrine - 03/10/2026 12:30
 2 files changed, 188 insertions(+), 180 deletions(-)
To github.com:gestordecx/promod-vitrine.git
   9251ff9..f5bd15f  main -> main
60 ofertas escritas em index.html.
Vitrine publicada com sucesso.
[main 3599c3d] Atualiza vitrine - 03/10/2026 12:45
 2 files changed, 23 insertions(+), 17 deletions(-)
To github.com:gestordecx/promod-vitrine.git
   f5bd15f..3599c3d  main -> main
60 ofertas escritas em index.html.
Vitrine publicada com sucesso.
[main 01a2a10] Atualiza vitrine - 03/10/2026 13:00
 2 files changed, 120 insertions(+), 114 deletions(-)
To github.com:gestordecx/promod-vitrine.git
   3599c3d..01a2a10  main -> main
60 ofertas escritas em index.html.
Vitrine publicada com sucesso.
[main def696d] Atualiza vitrine - 03/10/2026 13:15
 2 files changed, 89 insertions(+), 81 deletions(-)
To github.com:gestordecx/promod-vitrine.git
   01a2a10..def696d  main -> main
60 ofertas escritas em index.html.
Vitrine publicada com sucesso.
[main eb14f40] Atualiza vitrine - 03/10/2026 13:30
 2 files changed, 23 insertions(+), 17 deletions(-)
To github.com:gestordecx/promod-vitrine.git
   def696d..eb14f40  main -> main
60 ofertas escritas em index.html.
Vitrine publicada com sucesso.
[main e9353c9] Atualiza vitrine - 03/10/2026 13:45
 2 files changed, 119 insertions(+), 113 deletions(-)
To github.com:gestordecx/promod-vitrine.git
   eb14f40..e9353c9  main -> main
60 ofertas escritas em index.html.
Vitrine publicada com sucesso.
[main 733b97a] Atualiza vitrine - 03/10/2026 14:00
 2 files changed, 24 insertions(+), 18 deletions(-)
To github.com:gestordecx/promod-vitrine.git
   e9353c9..733b97a  main -> main
60 ofertas escritas em index.html.
Vitrine publicada com sucesso.
[main b25fb81] Atualiza vitrine - 03/10/2026 14:15
 2 files changed, 39 insertions(+), 33 deletions(-)
To github.com:gestordecx/promod-vitrine.git
   733b97a..b25fb81  main -> main
60 ofertas escritas em index.html.
Vitrine publicada com sucesso.
[main d2e5b05] Atualiza vitrine - 03/10/2026 14:30
 2 files changed, 171 insertions(+), 163 deletions(-)
To github.com:gestordecx/promod-vitrine.git
   b25fb81..d2e5b05  main -> main
60 ofertas escritas em index.html.
Vitrine publicada com sucesso.
[main 022fb52] Atualiza vitrine - 03/10/2026 14:46
 2 files changed, 88 insertions(+), 82 deletions(-)
To github.com:gestordecx/promod-vitrine.git
   d2e5b05..022fb52  main -> main
60 ofertas escritas em index.html.
Vitrine publicada com sucesso.
[main ba250f4] Atualiza vitrine - 03/10/2026 15:00
 2 files changed, 39 insertions(+), 33 deletions(-)
To github.com:gestordecx/promod-vitrine.git
   022fb52..ba250f4  main -> main
60 ofertas escritas em index.html.
Vitrine publicada com sucesso.
[main d955eb3] Atualiza vitrine - 03/10/2026 15:15
 2 files changed, 72 insertions(+), 66 deletions(-)
To github.com:gestordecx/promod-vitrine.git
   ba250f4..d955eb3  main -> main
60 ofertas escritas em index.html.
Vitrine publicada com sucesso.
[main 7928ca9] Atualiza vitrine - 03/10/2026 15:30
 2 files changed, 55 insertions(+), 49 deletions(-)
To github.com:gestordecx/promod-vitrine.git
   d955eb3..7928ca9  main -> main
60 ofertas escritas em index.html.
Vitrine publicada com sucesso.
[main e4297f2] Atualiza vitrine - 03/10/2026 15:45
 2 files changed, 124 insertions(+), 118 deletions(-)
To github.com:gestordecx/promod-vitrine.git
   7928ca9..e4297f2  main -> main
60 ofertas escritas em index.html.
Vitrine publicada com sucesso.
[main 1936dd6] Atualiza vitrine - 03/10/2026 16:00
 2 files changed, 23 insertions(+), 17 deletions(-)
To github.com:gestordecx/promod-vitrine.git
   e4297f2..1936dd6  main -> main
60 ofertas escritas em index.html.
Vitrine publicada com sucesso.
[main 0e4aa4e] Atualiza vitrine - 03/10/2026 16:15
 2 files changed, 72 insertions(+), 66 deletions(-)
To github.com:gestordecx/promod-vitrine.git
   1936dd6..0e4aa4e  main -> main
60 ofertas escritas em index.html.
Vitrine publicada com sucesso.
[main d78c152] Atualiza vitrine - 03/10/2026 16:30
 2 files changed, 89 insertions(+), 83 deletions(-)
To github.com:gestordecx/promod-vitrine.git
   0e4aa4e..d78c152  main -> main
60 ofertas escritas em index.html.
Vitrine publicada com sucesso.
[main 0ff9692] Atualiza vitrine - 03/10/2026 16:45
 2 files changed, 90 insertions(+), 84 deletions(-)
To github.com:gestordecx/promod-vitrine.git
   d78c152..0ff9692  main -> main
60 ofertas escritas em index.html.
Vitrine publicada com sucesso.
[main 51c27fb] Atualiza vitrine - 03/10/2026 17:00
 2 files changed, 108 insertions(+), 102 deletions(-)
To github.com:gestordecx/promod-vitrine.git
   0ff9692..51c27fb  main -> main
60 ofertas escritas em index.html.
Vitrine publicada com sucesso.
[main af3df46] Atualiza vitrine - 03/10/2026 17:15
 2 files changed, 71 insertions(+), 65 deletions(-)
To github.com:gestordecx/promod-vitrine.git
   51c27fb..af3df46  main -> main
60 ofertas escritas em index.html.
Vitrine publicada com sucesso.
[main 1d1803c] Atualiza vitrine - 03/10/2026 17:30
 2 files changed, 177 insertions(+), 173 deletions(-)
To github.com:gestordecx/promod-vitrine.git
   af3df46..1d1803c  main -> main
60 ofertas escritas em index.html.
Vitrine publicada com sucesso.
[main f62107c] Atualiza vitrine - 03/10/2026 17:45
 2 files changed, 123 insertions(+), 117 deletions(-)
To github.com:gestordecx/promod-vitrine.git
   1d1803c..f62107c  main -> main
60 ofertas escritas em index.html.
Vitrine publicada com sucesso.
[main 3dbda68] Atualiza vitrine - 03/10/2026 18:00
 2 files changed, 7 insertions(+), 1 deletion(-)
To github.com:gestordecx/promod-vitrine.git
   f62107c..3dbda68  main -> main
60 ofertas escritas em index.html.
Vitrine publicada com sucesso.
[main 0f9b737] Atualiza vitrine - 03/10/2026 18:15
 2 files changed, 91 insertions(+), 87 deletions(-)
To github.com:gestordecx/promod-vitrine.git
   3dbda68..0f9b737  main -> main
60 ofertas escritas em index.html.
Vitrine publicada com sucesso.
[main 5e5381c] Atualiza vitrine - 03/10/2026 18:30
 2 files changed, 55 insertions(+), 49 deletions(-)
To github.com:gestordecx/promod-vitrine.git
   0f9b737..5e5381c  main -> main
60 ofertas escritas em index.html.
Vitrine publicada com sucesso.
[main 94484c6] Atualiza vitrine - 03/10/2026 18:45
 2 files changed, 23 insertions(+), 17 deletions(-)
To github.com:gestordecx/promod-vitrine.git
   5e5381c..94484c6  main -> main
60 ofertas escritas em index.html.
Vitrine publicada com sucesso.
[main c388fe5] Atualiza vitrine - 03/10/2026 19:00
 2 files changed, 39 insertions(+), 35 deletions(-)
To github.com:gestordecx/promod-vitrine.git
   94484c6..c388fe5  main -> main
60 ofertas escritas em index.html.
Vitrine publicada com sucesso.
[main 5c8ea4c] Atualiza vitrine - 03/10/2026 19:15
 2 files changed, 56 insertions(+), 50 deletions(-)
To github.com:gestordecx/promod-vitrine.git
   c388fe5..5c8ea4c  main -> main
60 ofertas escritas em index.html.
Vitrine publicada com sucesso.
[main 622f042] Atualiza vitrine - 03/10/2026 19:30
 2 files changed, 40 insertions(+), 34 deletions(-)
To github.com:gestordecx/promod-vitrine.git
   5c8ea4c..622f042  main -> main
60 ofertas escritas em index.html.
Vitrine publicada com sucesso.
[main fa2cdf3] Atualiza vitrine - 03/10/2026 19:45
 2 files changed, 55 insertions(+), 49 deletions(-)
To github.com:gestordecx/promod-vitrine.git
   622f042..fa2cdf3  main -> main
60 ofertas escritas em index.html.
Vitrine publicada com sucesso.
[main 3fba044] Atualiza vitrine - 03/10/2026 20:00
 2 files changed, 91 insertions(+), 85 deletions(-)
To github.com:gestordecx/promod-vitrine.git
   fa2cdf3..3fba044  main -> main
60 ofertas escritas em index.html.
Vitrine publicada com sucesso.
[main fb50e44] Atualiza vitrine - 03/10/2026 20:15
 2 files changed, 41 insertions(+), 33 deletions(-)
To github.com:gestordecx/promod-vitrine.git
   3fba044..fb50e44  main -> main
60 ofertas escritas em index.html.
Vitrine publicada com sucesso.
[main 79f1572] Atualiza vitrine - 03/10/2026 20:30
 2 files changed, 40 insertions(+), 33 deletions(-)
To github.com:gestordecx/promod-vitrine.git
   fb50e44..79f1572  main -> main
60 ofertas escritas em index.html.
Vitrine publicada com sucesso.
[main 66d8331] Atualiza vitrine - 03/10/2026 20:45
 2 files changed, 23 insertions(+), 17 deletions(-)
To github.com:gestordecx/promod-vitrine.git
   79f1572..66d8331  main -> main
60 ofertas escritas em index.html.
Vitrine publicada com sucesso.
[main 274eadc] Atualiza vitrine - 03/10/2026 21:00
 2 files changed, 135 insertions(+), 129 deletions(-)
To github.com:gestordecx/promod-vitrine.git
   66d8331..274eadc  main -> main
60 ofertas escritas em index.html.
Vitrine publicada com sucesso.
[main 08059b7] Atualiza vitrine - 03/10/2026 21:15
 2 files changed, 23 insertions(+), 17 deletions(-)
To github.com:gestordecx/promod-vitrine.git
   274eadc..08059b7  main -> main
60 ofertas escritas em index.html.
Vitrine publicada com sucesso.
[main 346a147] Atualiza vitrine - 03/10/2026 21:30
 2 files changed, 41 insertions(+), 35 deletions(-)
To github.com:gestordecx/promod-vitrine.git
   08059b7..346a147  main -> main
60 ofertas escritas em index.html.
Vitrine publicada com sucesso.
[main 21f699d] Atualiza vitrine - 03/10/2026 21:45
 2 files changed, 23 insertions(+), 18 deletions(-)
To github.com:gestordecx/promod-vitrine.git
   346a147..21f699d  main -> main
60 ofertas escritas em index.html.
Vitrine publicada com sucesso.
[main 26374d4] Atualiza vitrine - 03/10/2026 22:00
 2 files changed, 71 insertions(+), 65 deletions(-)
To github.com:gestordecx/promod-vitrine.git
   21f699d..26374d4  main -> main
60 ofertas escritas em index.html.
Vitrine publicada com sucesso.
[main c8223ce] Atualiza vitrine - 03/10/2026 22:15
 2 files changed, 124 insertions(+), 118 deletions(-)
To github.com:gestordecx/promod-vitrine.git
   26374d4..c8223ce  main -> main
60 ofertas escritas em index.html.
Vitrine publicada com sucesso.
[main 9cf0a18] Atualiza vitrine - 03/10/2026 22:30
 2 files changed, 7 insertions(+), 1 deletion(-)
To github.com:gestordecx/promod-vitrine.git
   c8223ce..9cf0a18  main -> main
60 ofertas escritas em index.html.
Vitrine publicada com sucesso.
[main c749d30] Atualiza vitrine - 03/10/2026 22:45
 2 files changed, 7 insertions(+), 1 deletion(-)
To github.com:gestordecx/promod-vitrine.git
   9cf0a18..c749d30  main -> main
60 ofertas escritas em index.html.
Vitrine publicada com sucesso.
[main 981f262] Atualiza vitrine - 03/10/2026 23:00
 2 files changed, 75 insertions(+), 69 deletions(-)
To github.com:gestordecx/promod-vitrine.git
   c749d30..981f262  main -> main
60 ofertas escritas em index.html.
Vitrine publicada com sucesso.
[main 2cba5e4] Atualiza vitrine - 03/10/2026 23:15
 2 files changed, 7 insertions(+), 1 deletion(-)
To github.com:gestordecx/promod-vitrine.git
   981f262..2cba5e4  main -> main
60 ofertas escritas em index.html.
Vitrine publicada com sucesso.
[main 7c56537] Atualiza vitrine - 03/10/2026 23:30
 2 files changed, 7 insertions(+), 1 deletion(-)
To github.com:gestordecx/promod-vitrine.git
   2cba5e4..7c56537  main -> main
60 ofertas escritas em index.html.
Vitrine publicada com sucesso.
[main cd62d1f] Atualiza vitrine - 03/10/2026 23:45
 2 files changed, 55 insertions(+), 49 deletions(-)
To github.com:gestordecx/promod-vitrine.git
   7c56537..cd62d1f  main -> main
60 ofertas escritas em index.html.
Vitrine publicada com sucesso.
[main 8f611cf] Atualiza vitrine - 04/10/2026 00:00
 2 files changed, 103 insertions(+), 97 deletions(-)
To github.com:gestordecx/promod-vitrine.git
   cd62d1f..8f611cf  main -> main
60 ofertas escritas em index.html.
Vitrine publicada com sucesso.
[main 25e313f] Atualiza vitrine - 04/10/2026 00:15
 2 files changed, 91 insertions(+), 85 deletions(-)
To github.com:gestordecx/promod-vitrine.git
   8f611cf..25e313f  main -> main
60 ofertas escritas em index.html.
Vitrine publicada com sucesso.
[main b7a2446] Atualiza vitrine - 04/10/2026 00:30
 2 files changed, 23 insertions(+), 17 deletions(-)
To github.com:gestordecx/promod-vitrine.git
   25e313f..b7a2446  main -> main
60 ofertas escritas em index.html.
Vitrine publicada com sucesso.
[main d871bb7] Atualiza vitrine - 04/10/2026 00:45
 2 files changed, 373 insertions(+), 366 deletions(-)
To github.com:gestordecx/promod-vitrine.git
   b7a2446..d871bb7  main -> main
60 ofertas escritas em index.html.
Vitrine publicada com sucesso.
[main 0362e02] Atualiza vitrine - 04/10/2026 01:00
 2 files changed, 201 insertions(+), 193 deletions(-)
To github.com:gestordecx/promod-vitrine.git
   d871bb7..0362e02  main -> main
60 ofertas escritas em index.html.
Vitrine publicada com sucesso.
[main 0913e74] Atualiza vitrine - 04/10/2026 01:15
 2 files changed, 92 insertions(+), 86 deletions(-)
To github.com:gestordecx/promod-vitrine.git
   0362e02..0913e74  main -> main
60 ofertas escritas em index.html.
Vitrine publicada com sucesso.
[main ff4102d] Atualiza vitrine - 04/10/2026 01:30
 2 files changed, 23 insertions(+), 17 deletions(-)
To github.com:gestordecx/promod-vitrine.git
   0913e74..ff4102d  main -> main
60 ofertas escritas em index.html.
Vitrine publicada com sucesso.
[main a765c30] Atualiza vitrine - 04/10/2026 01:45
 2 files changed, 40 insertions(+), 34 deletions(-)
To github.com:gestordecx/promod-vitrine.git
   ff4102d..a765c30  main -> main
60 ofertas escritas em index.html.
Vitrine publicada com sucesso.
[main f4882da] Atualiza vitrine - 04/10/2026 02:00
 2 files changed, 7 insertions(+), 1 deletion(-)
To github.com:gestordecx/promod-vitrine.git
   a765c30..f4882da  main -> main
60 ofertas escritas em index.html.
Vitrine publicada com sucesso.
[main 329d650] Atualiza vitrine - 04/10/2026 02:15
 2 files changed, 75 insertions(+), 69 deletions(-)
To github.com:gestordecx/promod-vitrine.git
   f4882da..329d650  main -> main
60 ofertas escritas em index.html.
Vitrine publicada com sucesso.
[main d914072] Atualiza vitrine - 04/10/2026 02:30
 2 files changed, 23 insertions(+), 19 deletions(-)
To github.com:gestordecx/promod-vitrine.git
   329d650..d914072  main -> main
60 ofertas escritas em index.html.
Vitrine publicada com sucesso.
[main 9102192] Atualiza vitrine - 04/10/2026 02:45
 2 files changed, 281 insertions(+), 275 deletions(-)
To github.com:gestordecx/promod-vitrine.git
   d914072..9102192  main -> main
60 ofertas escritas em index.html.
Vitrine publicada com sucesso.
[main ddbbee3] Atualiza vitrine - 04/10/2026 03:00
 2 files changed, 7 insertions(+), 1 deletion(-)
To github.com:gestordecx/promod-vitrine.git
   9102192..ddbbee3  main -> main
60 ofertas escritas em index.html.
Vitrine publicada com sucesso.
[main 229c98f] Atualiza vitrine - 04/10/2026 03:15
 2 files changed, 24 insertions(+), 18 deletions(-)
To github.com:gestordecx/promod-vitrine.git
   ddbbee3..229c98f  main -> main
60 ofertas escritas em index.html.
Vitrine publicada com sucesso.
[main 760275e] Atualiza vitrine - 04/10/2026 03:30
 2 files changed, 7 insertions(+), 1 deletion(-)
To github.com:gestordecx/promod-vitrine.git
   229c98f..760275e  main -> main
60 ofertas escritas em index.html.
Vitrine publicada com sucesso.
[main e7a8dd4] Atualiza vitrine - 04/10/2026 03:45
 2 files changed, 7 insertions(+), 1 deletion(-)
To github.com:gestordecx/promod-vitrine.git
   760275e..e7a8dd4  main -> main
60 ofertas escritas em index.html.
Vitrine publicada com sucesso.
[main 241aca7] Atualiza vitrine - 04/10/2026 04:00
 2 files changed, 7 insertions(+), 1 deletion(-)
To github.com:gestordecx/promod-vitrine.git
   e7a8dd4..241aca7  main -> main
60 ofertas escritas em index.html.
Vitrine publicada com sucesso.
[main bfa5344] Atualiza vitrine - 04/10/2026 04:15
 2 files changed, 7 insertions(+), 1 deletion(-)
To github.com:gestordecx/promod-vitrine.git
   241aca7..bfa5344  main -> main
60 ofertas escritas em index.html.
Vitrine publicada com sucesso.
[main b48707c] Atualiza vitrine - 04/10/2026 04:30
 2 files changed, 109 insertions(+), 103 deletions(-)
To github.com:gestordecx/promod-vitrine.git
   bfa5344..b48707c  main -> main
60 ofertas escritas em index.html.
Vitrine publicada com sucesso.
[main 6830711] Atualiza vitrine - 04/10/2026 04:45
 2 files changed, 7 insertions(+), 1 deletion(-)
To github.com:gestordecx/promod-vitrine.git
   b48707c..6830711  main -> main
60 ofertas escritas em index.html.
Vitrine publicada com sucesso.
[main b0a1fdf] Atualiza vitrine - 04/10/2026 05:00
 2 files changed, 24 insertions(+), 18 deletions(-)
To github.com:gestordecx/promod-vitrine.git
   6830711..b0a1fdf  main -> main
60 ofertas escritas em index.html.
Vitrine publicada com sucesso.
[main 3677af0] Atualiza vitrine - 04/10/2026 05:15
 2 files changed, 167 insertions(+), 161 deletions(-)
To github.com:gestordecx/promod-vitrine.git
   b0a1fdf..3677af0  main -> main
60 ofertas escritas em index.html.
Vitrine publicada com sucesso.
[main 9ef5ed1] Atualiza vitrine - 04/10/2026 05:30
 2 files changed, 7 insertions(+), 1 deletion(-)
To github.com:gestordecx/promod-vitrine.git
   3677af0..9ef5ed1  main -> main
60 ofertas escritas em index.html.
Vitrine publicada com sucesso.
[main e76c764] Atualiza vitrine - 04/10/2026 05:45
 2 files changed, 7 insertions(+), 1 deletion(-)
To github.com:gestordecx/promod-vitrine.git
   9ef5ed1..e76c764  main -> main
60 ofertas escritas em index.html.
Vitrine publicada com sucesso.
[main 3181464] Atualiza vitrine - 04/10/2026 06:00
 2 files changed, 7 insertions(+), 1 deletion(-)
To github.com:gestordecx/promod-vitrine.git
   e76c764..3181464  main -> main
60 ofertas escritas em index.html.
Vitrine publicada com sucesso.
[main 50969ce] Atualiza vitrine - 04/10/2026 06:15
 2 files changed, 7 insertions(+), 1 deletion(-)
To github.com:gestordecx/promod-vitrine.git
   3181464..50969ce  main -> main
60 ofertas escritas em index.html.
Vitrine publicada com sucesso.
[main d8eaa4d] Atualiza vitrine - 04/10/2026 06:30
 2 files changed, 7 insertions(+), 1 deletion(-)
To github.com:gestordecx/promod-vitrine.git
   50969ce..d8eaa4d  main -> main
60 ofertas escritas em index.html.
Vitrine publicada com sucesso.
[main 2a65702] Atualiza vitrine - 04/10/2026 06:45
 2 files changed, 7 insertions(+), 1 deletion(-)
To github.com:gestordecx/promod-vitrine.git
   d8eaa4d..2a65702  main -> main
60 ofertas escritas em index.html.
Vitrine publicada com sucesso.
[main c8941dc] Atualiza vitrine - 04/10/2026 07:00
 2 files changed, 7 insertions(+), 1 deletion(-)
To github.com:gestordecx/promod-vitrine.git
   2a65702..c8941dc  main -> main
60 ofertas escritas em index.html.
Vitrine publicada com sucesso.
[main 6e449e1] Atualiza vitrine - 04/10/2026 07:15
 2 files changed, 107 insertions(+), 102 deletions(-)
To github.com:gestordecx/promod-vitrine.git
   c8941dc..6e449e1  main -> main
60 ofertas escritas em index.html.
Vitrine publicada com sucesso.
[main 3253611] Atualiza vitrine - 04/10/2026 07:30
 2 files changed, 56 insertions(+), 50 deletions(-)
To github.com:gestordecx/promod-vitrine.git
   6e449e1..3253611  main -> main
60 ofertas escritas em index.html.
Vitrine publicada com sucesso.
[main 39456a3] Atualiza vitrine - 04/10/2026 07:45
 2 files changed, 157 insertions(+), 150 deletions(-)
To github.com:gestordecx/promod-vitrine.git
   3253611..39456a3  main -> main
60 ofertas escritas em index.html.
Vitrine publicada com sucesso.
[main af7bb27] Atualiza vitrine - 04/10/2026 08:00
 2 files changed, 109 insertions(+), 101 deletions(-)
To github.com:gestordecx/promod-vitrine.git
   39456a3..af7bb27  main -> main
60 ofertas escritas em index.html.
Vitrine publicada com sucesso.
[main 292690d] Atualiza vitrine - 04/10/2026 08:15
 2 files changed, 73 insertions(+), 67 deletions(-)
To github.com:gestordecx/promod-vitrine.git
   af7bb27..292690d  main -> main
60 ofertas escritas em index.html.
Vitrine publicada com sucesso.
[main efc5ee8] Atualiza vitrine - 04/10/2026 08:30
 2 files changed, 71 insertions(+), 65 deletions(-)
To github.com:gestordecx/promod-vitrine.git
   292690d..efc5ee8  main -> main
60 ofertas escritas em index.html.
Vitrine publicada com sucesso.
[main dedd749] Atualiza vitrine - 04/10/2026 08:45
 2 files changed, 91 insertions(+), 85 deletions(-)
To github.com:gestordecx/promod-vitrine.git
   efc5ee8..dedd749  main -> main
60 ofertas escritas em index.html.
Vitrine publicada com sucesso.
[main 4a18275] Atualiza vitrine - 04/10/2026 09:00
 2 files changed, 57 insertions(+), 51 deletions(-)
To github.com:gestordecx/promod-vitrine.git
   dedd749..4a18275  main -> main
60 ofertas escritas em index.html.
Vitrine publicada com sucesso.
[main 20f1600] Atualiza vitrine - 04/10/2026 09:15
 2 files changed, 41 insertions(+), 35 deletions(-)
To github.com:gestordecx/promod-vitrine.git
   4a18275..20f1600  main -> main
60 ofertas escritas em index.html.
Vitrine publicada com sucesso.
[main cc4f513] Atualiza vitrine - 04/10/2026 09:30
 2 files changed, 55 insertions(+), 49 deletions(-)
To github.com:gestordecx/promod-vitrine.git
   20f1600..cc4f513  main -> main
60 ofertas escritas em index.html.
Vitrine publicada com sucesso.
[main 9a4729e] Atualiza vitrine - 04/10/2026 09:45
 2 files changed, 140 insertions(+), 136 deletions(-)
To github.com:gestordecx/promod-vitrine.git
   cc4f513..9a4729e  main -> main
60 ofertas escritas em index.html.
Vitrine publicada com sucesso.
[main 798eacb] Atualiza vitrine - 04/10/2026 10:00
 2 files changed, 93 insertions(+), 85 deletions(-)
To github.com:gestordecx/promod-vitrine.git
   9a4729e..798eacb  main -> main
60 ofertas escritas em index.html.
Vitrine publicada com sucesso.
[main adb3c5c] Atualiza vitrine - 04/10/2026 10:15
 2 files changed, 24 insertions(+), 18 deletions(-)
To github.com:gestordecx/promod-vitrine.git
   798eacb..adb3c5c  main -> main
60 ofertas escritas em index.html.
Vitrine publicada com sucesso.
[main 346920b] Atualiza vitrine - 04/10/2026 10:30
 2 files changed, 141 insertions(+), 133 deletions(-)
To github.com:gestordecx/promod-vitrine.git
   adb3c5c..346920b  main -> main
60 ofertas escritas em index.html.
Vitrine publicada com sucesso.
[main ce341e8] Atualiza vitrine - 04/10/2026 10:45
 2 files changed, 155 insertions(+), 149 deletions(-)
To github.com:gestordecx/promod-vitrine.git
   346920b..ce341e8  main -> main
60 ofertas escritas em index.html.
Vitrine publicada com sucesso.
[main 725a53f] Atualiza vitrine - 04/10/2026 11:00
 2 files changed, 91 insertions(+), 85 deletions(-)
To github.com:gestordecx/promod-vitrine.git
   ce341e8..725a53f  main -> main
60 ofertas escritas em index.html.
Vitrine publicada com sucesso.
[main c9e2e7b] Atualiza vitrine - 04/10/2026 11:15
 2 files changed, 142 insertions(+), 136 deletions(-)
To github.com:gestordecx/promod-vitrine.git
   725a53f..c9e2e7b  main -> main
60 ofertas escritas em index.html.
Vitrine publicada com sucesso.
[main 7edfcdd] Atualiza vitrine - 04/10/2026 11:30
 2 files changed, 73 insertions(+), 67 deletions(-)
To github.com:gestordecx/promod-vitrine.git
   c9e2e7b..7edfcdd  main -> main
60 ofertas escritas em index.html.
Vitrine publicada com sucesso.
[main f5384f8] Atualiza vitrine - 04/10/2026 11:45
 2 files changed, 122 insertions(+), 118 deletions(-)
To github.com:gestordecx/promod-vitrine.git
   7edfcdd..f5384f8  main -> main
60 ofertas escritas em index.html.
Vitrine publicada com sucesso.
[main e309b77] Atualiza vitrine - 04/10/2026 12:00
 2 files changed, 169 insertions(+), 163 deletions(-)
To github.com:gestordecx/promod-vitrine.git
   f5384f8..e309b77  main -> main
60 ofertas escritas em index.html.
Vitrine publicada com sucesso.
[main 0196810] Atualiza vitrine - 04/10/2026 12:15
 2 files changed, 349 insertions(+), 343 deletions(-)
To github.com:gestordecx/promod-vitrine.git
   e309b77..0196810  main -> main
60 ofertas escritas em index.html.
Vitrine publicada com sucesso.
[main 7abec13] Atualiza vitrine - 04/10/2026 12:30
 2 files changed, 125 insertions(+), 119 deletions(-)
To github.com:gestordecx/promod-vitrine.git
   0196810..7abec13  main -> main
60 ofertas escritas em index.html.
Vitrine publicada com sucesso.
[main cd6f583] Atualiza vitrine - 04/10/2026 12:45
 2 files changed, 23 insertions(+), 18 deletions(-)
To github.com:gestordecx/promod-vitrine.git
   7abec13..cd6f583  main -> main
60 ofertas escritas em index.html.
Vitrine publicada com sucesso.
[main a3c5011] Atualiza vitrine - 04/10/2026 13:00
 2 files changed, 188 insertions(+), 182 deletions(-)
To github.com:gestordecx/promod-vitrine.git
   cd6f583..a3c5011  main -> main
60 ofertas escritas em index.html.
Vitrine publicada com sucesso.
[main 8455c66] Atualiza vitrine - 04/10/2026 13:15
 2 files changed, 39 insertions(+), 33 deletions(-)
To github.com:gestordecx/promod-vitrine.git
   a3c5011..8455c66  main -> main
60 ofertas escritas em index.html.
Vitrine publicada com sucesso.
[main 0045979] Atualiza vitrine - 04/10/2026 13:30
 2 files changed, 56 insertions(+), 52 deletions(-)
To github.com:gestordecx/promod-vitrine.git
   8455c66..0045979  main -> main
60 ofertas escritas em index.html.
Vitrine publicada com sucesso.
[main b385204] Atualiza vitrine - 04/10/2026 13:45
 2 files changed, 120 insertions(+), 114 deletions(-)
To github.com:gestordecx/promod-vitrine.git
   0045979..b385204  main -> main
60 ofertas escritas em index.html.
Vitrine publicada com sucesso.
[main 64ae14a] Atualiza vitrine - 04/10/2026 14:00
 2 files changed, 74 insertions(+), 68 deletions(-)
To github.com:gestordecx/promod-vitrine.git
   b385204..64ae14a  main -> main
60 ofertas escritas em index.html.
Vitrine publicada com sucesso.
[main f74eaea] Atualiza vitrine - 04/10/2026 14:15
 2 files changed, 40 insertions(+), 33 deletions(-)
To github.com:gestordecx/promod-vitrine.git
   64ae14a..f74eaea  main -> main
60 ofertas escritas em index.html.
Vitrine publicada com sucesso.
[main 5f91878] Atualiza vitrine - 04/10/2026 14:30
 2 files changed, 74 insertions(+), 68 deletions(-)
To github.com:gestordecx/promod-vitrine.git
   f74eaea..5f91878  main -> main
60 ofertas escritas em index.html.
Vitrine publicada com sucesso.
[main dbbb33e] Atualiza vitrine - 04/10/2026 14:45
 2 files changed, 369 insertions(+), 365 deletions(-)
To github.com:gestordecx/promod-vitrine.git
   5f91878..dbbb33e  main -> main
60 ofertas escritas em index.html.
Vitrine publicada com sucesso.
[main 88bb5c9] Atualiza vitrine - 04/10/2026 15:00
 2 files changed, 71 insertions(+), 65 deletions(-)
To github.com:gestordecx/promod-vitrine.git
   dbbb33e..88bb5c9  main -> main
60 ofertas escritas em index.html.
Vitrine publicada com sucesso.
[main 81b9cd0] Atualiza vitrine - 04/10/2026 15:15
 2 files changed, 57 insertions(+), 49 deletions(-)
To github.com:gestordecx/promod-vitrine.git
   88bb5c9..81b9cd0  main -> main
60 ofertas escritas em index.html.
Vitrine publicada com sucesso.
[main 0a6a716] Atualiza vitrine - 04/10/2026 15:30
 2 files changed, 92 insertions(+), 82 deletions(-)
To github.com:gestordecx/promod-vitrine.git
   81b9cd0..0a6a716  main -> main
60 ofertas escritas em index.html.
Vitrine publicada com sucesso.
[main 5b3bcc8] Atualiza vitrine - 04/10/2026 15:45
 2 files changed, 89 insertions(+), 83 deletions(-)
To github.com:gestordecx/promod-vitrine.git
   0a6a716..5b3bcc8  main -> main
60 ofertas escritas em index.html.
Vitrine publicada com sucesso.
[main 8757628] Atualiza vitrine - 04/10/2026 16:00
 2 files changed, 228 insertions(+), 222 deletions(-)
To github.com:gestordecx/promod-vitrine.git
   5b3bcc8..8757628  main -> main
60 ofertas escritas em index.html.
Vitrine publicada com sucesso.
[main 0a94ef6] Atualiza vitrine - 04/10/2026 16:15
 2 files changed, 176 insertions(+), 170 deletions(-)
To github.com:gestordecx/promod-vitrine.git
   8757628..0a94ef6  main -> main
60 ofertas escritas em index.html.
Vitrine publicada com sucesso.
[main 6c1bd36] Atualiza vitrine - 04/10/2026 16:30
 2 files changed, 89 insertions(+), 83 deletions(-)
To github.com:gestordecx/promod-vitrine.git
   0a94ef6..6c1bd36  main -> main
60 ofertas escritas em index.html.
Vitrine publicada com sucesso.
[main 0537236] Atualiza vitrine - 04/10/2026 16:45
 2 files changed, 121 insertions(+), 115 deletions(-)
To github.com:gestordecx/promod-vitrine.git
   6c1bd36..0537236  main -> main
60 ofertas escritas em index.html.
Vitrine publicada com sucesso.
[main 61872d6] Atualiza vitrine - 04/10/2026 17:00
 2 files changed, 23 insertions(+), 17 deletions(-)
To github.com:gestordecx/promod-vitrine.git
   0537236..61872d6  main -> main
60 ofertas escritas em index.html.
Vitrine publicada com sucesso.
[main aa4f171] Atualiza vitrine - 04/10/2026 17:15
 2 files changed, 23 insertions(+), 17 deletions(-)
To github.com:gestordecx/promod-vitrine.git
   61872d6..aa4f171  main -> main
60 ofertas escritas em index.html.
Vitrine publicada com sucesso.
[main fcf159e] Atualiza vitrine - 04/10/2026 17:30
 2 files changed, 71 insertions(+), 65 deletions(-)
To github.com:gestordecx/promod-vitrine.git
   aa4f171..fcf159e  main -> main
60 ofertas escritas em index.html.
Vitrine publicada com sucesso.
[main 33eec6f] Atualiza vitrine - 04/10/2026 17:45
 2 files changed, 91 insertions(+), 83 deletions(-)
To github.com:gestordecx/promod-vitrine.git
   fcf159e..33eec6f  main -> main
60 ofertas escritas em index.html.
Vitrine publicada com sucesso.
[main 38302bb] Atualiza vitrine - 04/10/2026 18:00
 2 files changed, 56 insertions(+), 50 deletions(-)
To github.com:gestordecx/promod-vitrine.git
   33eec6f..38302bb  main -> main
60 ofertas escritas em index.html.
Vitrine publicada com sucesso.
[main b75223f] Atualiza vitrine - 04/10/2026 18:15
 2 files changed, 106 insertions(+), 102 deletions(-)
To github.com:gestordecx/promod-vitrine.git
   38302bb..b75223f  main -> main
60 ofertas escritas em index.html.
Vitrine publicada com sucesso.
[main f939832] Atualiza vitrine - 04/10/2026 18:30
 2 files changed, 55 insertions(+), 49 deletions(-)
To github.com:gestordecx/promod-vitrine.git
   b75223f..f939832  main -> main
60 ofertas escritas em index.html.
Vitrine publicada com sucesso.
[main abbea55] Atualiza vitrine - 04/10/2026 18:45
 2 files changed, 58 insertions(+), 50 deletions(-)
To github.com:gestordecx/promod-vitrine.git
   f939832..abbea55  main -> main
60 ofertas escritas em index.html.
Vitrine publicada com sucesso.
[main 60507a4] Atualiza vitrine - 04/10/2026 19:00
 2 files changed, 141 insertions(+), 136 deletions(-)
To github.com:gestordecx/promod-vitrine.git
   abbea55..60507a4  main -> main
60 ofertas escritas em index.html.
Vitrine publicada com sucesso.
[main b45671a] Atualiza vitrine - 04/10/2026 19:15
 2 files changed, 7 insertions(+), 1 deletion(-)
To github.com:gestordecx/promod-vitrine.git
   60507a4..b45671a  main -> main
60 ofertas escritas em index.html.
Vitrine publicada com sucesso.
[main 4b92ee6] Atualiza vitrine - 04/10/2026 19:30
 2 files changed, 58 insertions(+), 52 deletions(-)
To github.com:gestordecx/promod-vitrine.git
   b45671a..4b92ee6  main -> main
60 ofertas escritas em index.html.
Vitrine publicada com sucesso.
[main 37246a5] Atualiza vitrine - 04/10/2026 19:45
 2 files changed, 23 insertions(+), 18 deletions(-)
To github.com:gestordecx/promod-vitrine.git
   4b92ee6..37246a5  main -> main
60 ofertas escritas em index.html.
Vitrine publicada com sucesso.
[main 9146249] Atualiza vitrine - 04/10/2026 20:00
 2 files changed, 122 insertions(+), 116 deletions(-)
To github.com:gestordecx/promod-vitrine.git
   37246a5..9146249  main -> main
60 ofertas escritas em index.html.
Vitrine publicada com sucesso.
[main 146c324] Atualiza vitrine - 04/10/2026 20:15
 2 files changed, 56 insertions(+), 50 deletions(-)
To github.com:gestordecx/promod-vitrine.git
   9146249..146c324  main -> main
60 ofertas escritas em index.html.
Vitrine publicada com sucesso.
[main f0e492b] Atualiza vitrine - 04/10/2026 20:30
 2 files changed, 39 insertions(+), 33 deletions(-)
To github.com:gestordecx/promod-vitrine.git
   146c324..f0e492b  main -> main
60 ofertas escritas em index.html.
Vitrine publicada com sucesso.
[main 43193e5] Atualiza vitrine - 04/10/2026 20:45
 2 files changed, 23 insertions(+), 17 deletions(-)
To github.com:gestordecx/promod-vitrine.git
   f0e492b..43193e5  main -> main
60 ofertas escritas em index.html.
Vitrine publicada com sucesso.
[main 67de4ab] Atualiza vitrine - 04/10/2026 21:00
 2 files changed, 41 insertions(+), 35 deletions(-)
To github.com:gestordecx/promod-vitrine.git
   43193e5..67de4ab  main -> main
60 ofertas escritas em index.html.
Vitrine publicada com sucesso.
[main da7339e] Atualiza vitrine - 04/10/2026 21:15
 2 files changed, 39 insertions(+), 33 deletions(-)
To github.com:gestordecx/promod-vitrine.git
   67de4ab..da7339e  main -> main
60 ofertas escritas em index.html.
Vitrine publicada com sucesso.
[main 258c5b1] Atualiza vitrine - 04/10/2026 21:30
 2 files changed, 7 insertions(+), 1 deletion(-)
To github.com:gestordecx/promod-vitrine.git
   da7339e..258c5b1  main -> main
60 ofertas escritas em index.html.
Vitrine publicada com sucesso.
[main f3be723] Atualiza vitrine - 04/10/2026 21:45
 2 files changed, 75 insertions(+), 71 deletions(-)
To github.com:gestordecx/promod-vitrine.git
   258c5b1..f3be723  main -> main
60 ofertas escritas em index.html.
Vitrine publicada com sucesso.
[main c7aa554] Atualiza vitrine - 04/10/2026 22:00
 2 files changed, 125 insertions(+), 119 deletions(-)
To github.com:gestordecx/promod-vitrine.git
   f3be723..c7aa554  main -> main
60 ofertas escritas em index.html.
Vitrine publicada com sucesso.
[main 6b762e7] Atualiza vitrine - 04/10/2026 22:15
 2 files changed, 7 insertions(+), 1 deletion(-)
To github.com:gestordecx/promod-vitrine.git
   c7aa554..6b762e7  main -> main
60 ofertas escritas em index.html.
Vitrine publicada com sucesso.
[main bf5544a] Atualiza vitrine - 04/10/2026 22:30
 2 files changed, 7 insertions(+), 1 deletion(-)
To github.com:gestordecx/promod-vitrine.git
   6b762e7..bf5544a  main -> main
60 ofertas escritas em index.html.
Vitrine publicada com sucesso.
[main 24101e6] Atualiza vitrine - 04/10/2026 22:45
 2 files changed, 7 insertions(+), 1 deletion(-)
To github.com:gestordecx/promod-vitrine.git
   bf5544a..24101e6  main -> main
60 ofertas escritas em index.html.
Vitrine publicada com sucesso.
[main 4fa5574] Atualiza vitrine - 04/10/2026 23:00
 2 files changed, 7 insertions(+), 1 deletion(-)
To github.com:gestordecx/promod-vitrine.git
   24101e6..4fa5574  main -> main
60 ofertas escritas em index.html.
Vitrine publicada com sucesso.
[main 3a16698] Atualiza vitrine - 04/10/2026 23:15
 2 files changed, 7 insertions(+), 1 deletion(-)
To github.com:gestordecx/promod-vitrine.git
   4fa5574..3a16698  main -> main
60 ofertas escritas em index.html.
Vitrine publicada com sucesso.
[main f33693f] Atualiza vitrine - 04/10/2026 23:30
 2 files changed, 7 insertions(+), 1 deletion(-)
To github.com:gestordecx/promod-vitrine.git
   3a16698..f33693f  main -> main
60 ofertas escritas em index.html.
Vitrine publicada com sucesso.
[main ae0d9ac] Atualiza vitrine - 04/10/2026 23:45
 2 files changed, 7 insertions(+), 1 deletion(-)
To github.com:gestordecx/promod-vitrine.git
   f33693f..ae0d9ac  main -> main
60 ofertas escritas em index.html.
Vitrine publicada com sucesso.
[main 95c9b57] Atualiza vitrine - 05/10/2026 00:00
 2 files changed, 7 insertions(+), 1 deletion(-)
To github.com:gestordecx/promod-vitrine.git
   ae0d9ac..95c9b57  main -> main
60 ofertas escritas em index.html.
Vitrine publicada com sucesso.
[main 762649d] Atualiza vitrine - 05/10/2026 00:15
 2 files changed, 236 insertions(+), 233 deletions(-)
To github.com:gestordecx/promod-vitrine.git
   95c9b57..762649d  main -> main
60 ofertas escritas em index.html.
Vitrine publicada com sucesso.
[main 9b45b71] Atualiza vitrine - 05/10/2026 00:30
 2 files changed, 394 insertions(+), 379 deletions(-)
To github.com:gestordecx/promod-vitrine.git
   762649d..9b45b71  main -> main
60 ofertas escritas em index.html.
Vitrine publicada com sucesso.
[main d73a7bd] Atualiza vitrine - 05/10/2026 00:45
 2 files changed, 224 insertions(+), 218 deletions(-)
To github.com:gestordecx/promod-vitrine.git
   9b45b71..d73a7bd  main -> main
60 ofertas escritas em index.html.
Vitrine publicada com sucesso.
[main 2cee22c] Atualiza vitrine - 05/10/2026 01:00
 2 files changed, 271 insertions(+), 265 deletions(-)
To github.com:gestordecx/promod-vitrine.git
   d73a7bd..2cee22c  main -> main
60 ofertas escritas em index.html.
Vitrine publicada com sucesso.
[main a90d6f8] Atualiza vitrine - 05/10/2026 01:15
 2 files changed, 125 insertions(+), 121 deletions(-)
To github.com:gestordecx/promod-vitrine.git
   2cee22c..a90d6f8  main -> main
60 ofertas escritas em index.html.
Vitrine publicada com sucesso.
[main 48992e9] Atualiza vitrine - 05/10/2026 01:30
 2 files changed, 106 insertions(+), 99 deletions(-)
To github.com:gestordecx/promod-vitrine.git
   a90d6f8..48992e9  main -> main
60 ofertas escritas em index.html.
Vitrine publicada com sucesso.
[main 2a92f82] Atualiza vitrine - 05/10/2026 01:45
 2 files changed, 72 insertions(+), 65 deletions(-)
To github.com:gestordecx/promod-vitrine.git
   48992e9..2a92f82  main -> main
60 ofertas escritas em index.html.
Vitrine publicada com sucesso.
[main 9d488f3] Atualiza vitrine - 05/10/2026 02:00
 2 files changed, 74 insertions(+), 68 deletions(-)
To github.com:gestordecx/promod-vitrine.git
   2a92f82..9d488f3  main -> main
60 ofertas escritas em index.html.
Vitrine publicada com sucesso.
[main dd304eb] Atualiza vitrine - 05/10/2026 02:15
 2 files changed, 89 insertions(+), 83 deletions(-)
To github.com:gestordecx/promod-vitrine.git
   9d488f3..dd304eb  main -> main
60 ofertas escritas em index.html.
Vitrine publicada com sucesso.
[main ac85054] Atualiza vitrine - 05/10/2026 02:30
 2 files changed, 55 insertions(+), 51 deletions(-)
To github.com:gestordecx/promod-vitrine.git
   dd304eb..ac85054  main -> main
60 ofertas escritas em index.html.
Vitrine publicada com sucesso.
[main b763803] Atualiza vitrine - 05/10/2026 02:45
 2 files changed, 190 insertions(+), 184 deletions(-)
To github.com:gestordecx/promod-vitrine.git
   ac85054..b763803  main -> main
60 ofertas escritas em index.html.
Vitrine publicada com sucesso.
[main dec4acd] Atualiza vitrine - 05/10/2026 03:00
 2 files changed, 55 insertions(+), 51 deletions(-)
To github.com:gestordecx/promod-vitrine.git
   b763803..dec4acd  main -> main
60 ofertas escritas em index.html.
Vitrine publicada com sucesso.
[main da5e36e] Atualiza vitrine - 05/10/2026 03:15
 2 files changed, 171 insertions(+), 165 deletions(-)
To github.com:gestordecx/promod-vitrine.git
   dec4acd..da5e36e  main -> main
60 ofertas escritas em index.html.
Vitrine publicada com sucesso.
[main 2431d7d] Atualiza vitrine - 05/10/2026 03:30
 2 files changed, 7 insertions(+), 1 deletion(-)
To github.com:gestordecx/promod-vitrine.git
   da5e36e..2431d7d  main -> main
60 ofertas escritas em index.html.
Vitrine publicada com sucesso.
[main d6757b3] Atualiza vitrine - 05/10/2026 03:45
 2 files changed, 23 insertions(+), 17 deletions(-)
To github.com:gestordecx/promod-vitrine.git
   2431d7d..d6757b3  main -> main
60 ofertas escritas em index.html.
Vitrine publicada com sucesso.
[main 969729d] Atualiza vitrine - 05/10/2026 04:00
 2 files changed, 55 insertions(+), 49 deletions(-)
To github.com:gestordecx/promod-vitrine.git
   d6757b3..969729d  main -> main
60 ofertas escritas em index.html.
Vitrine publicada com sucesso.
[main 67e10c5] Atualiza vitrine - 05/10/2026 04:15
 2 files changed, 23 insertions(+), 17 deletions(-)
To github.com:gestordecx/promod-vitrine.git
   969729d..67e10c5  main -> main
60 ofertas escritas em index.html.
Vitrine publicada com sucesso.
[main 8a916ed] Atualiza vitrine - 05/10/2026 04:30
 2 files changed, 39 insertions(+), 33 deletions(-)
To github.com:gestordecx/promod-vitrine.git
   67e10c5..8a916ed  main -> main
60 ofertas escritas em index.html.
Vitrine publicada com sucesso.
[main ab9a385] Atualiza vitrine - 05/10/2026 04:45
 2 files changed, 7 insertions(+), 1 deletion(-)
To github.com:gestordecx/promod-vitrine.git
   8a916ed..ab9a385  main -> main
60 ofertas escritas em index.html.
Vitrine publicada com sucesso.
[main a9e6655] Atualiza vitrine - 05/10/2026 05:00
 2 files changed, 39 insertions(+), 33 deletions(-)
To github.com:gestordecx/promod-vitrine.git
   ab9a385..a9e6655  main -> main
60 ofertas escritas em index.html.
Vitrine publicada com sucesso.
[main 58d59ab] Atualiza vitrine - 05/10/2026 05:15
 2 files changed, 40 insertions(+), 36 deletions(-)
To github.com:gestordecx/promod-vitrine.git
   a9e6655..58d59ab  main -> main
60 ofertas escritas em index.html.
Vitrine publicada com sucesso.
[main 5b1765a] Atualiza vitrine - 05/10/2026 05:30
 2 files changed, 23 insertions(+), 19 deletions(-)
To github.com:gestordecx/promod-vitrine.git
   58d59ab..5b1765a  main -> main
60 ofertas escritas em index.html.
Vitrine publicada com sucesso.
[main a209c48] Atualiza vitrine - 05/10/2026 05:45
 2 files changed, 40 insertions(+), 33 deletions(-)
To github.com:gestordecx/promod-vitrine.git
   5b1765a..a209c48  main -> main
60 ofertas escritas em index.html.
Vitrine publicada com sucesso.
[main 040cae7] Atualiza vitrine - 05/10/2026 06:00
 2 files changed, 25 insertions(+), 17 deletions(-)
To github.com:gestordecx/promod-vitrine.git
   a209c48..040cae7  main -> main
60 ofertas escritas em index.html.
Vitrine publicada com sucesso.
[main d619eb3] Atualiza vitrine - 05/10/2026 06:15
 2 files changed, 7 insertions(+), 1 deletion(-)
To github.com:gestordecx/promod-vitrine.git
   040cae7..d619eb3  main -> main
60 ofertas escritas em index.html.
Vitrine publicada com sucesso.
[main eee790a] Atualiza vitrine - 05/10/2026 06:30
 2 files changed, 24 insertions(+), 18 deletions(-)
To github.com:gestordecx/promod-vitrine.git
   d619eb3..eee790a  main -> main
60 ofertas escritas em index.html.
Vitrine publicada com sucesso.
[main 17a8a95] Atualiza vitrine - 05/10/2026 06:45
 2 files changed, 23 insertions(+), 17 deletions(-)
To github.com:gestordecx/promod-vitrine.git
   eee790a..17a8a95  main -> main
60 ofertas escritas em index.html.
Vitrine publicada com sucesso.
[main 308db6d] Atualiza vitrine - 05/10/2026 07:00
 2 files changed, 23 insertions(+), 17 deletions(-)
To github.com:gestordecx/promod-vitrine.git
   17a8a95..308db6d  main -> main
60 ofertas escritas em index.html.
Vitrine publicada com sucesso.
[main aa8c694] Atualiza vitrine - 05/10/2026 07:15
 2 files changed, 41 insertions(+), 35 deletions(-)
To github.com:gestordecx/promod-vitrine.git
   308db6d..aa8c694  main -> main
60 ofertas escritas em index.html.
Vitrine publicada com sucesso.
[main cb20511] Atualiza vitrine - 05/10/2026 07:30
 2 files changed, 41 insertions(+), 34 deletions(-)
To github.com:gestordecx/promod-vitrine.git
   aa8c694..cb20511  main -> main
60 ofertas escritas em index.html.
Vitrine publicada com sucesso.
[main 6d250b2] Atualiza vitrine - 05/10/2026 07:45
 2 files changed, 289 insertions(+), 281 deletions(-)
To github.com:gestordecx/promod-vitrine.git
   cb20511..6d250b2  main -> main
60 ofertas escritas em index.html.
Vitrine publicada com sucesso.
[main f30877f] Atualiza vitrine - 05/10/2026 08:00
 2 files changed, 87 insertions(+), 82 deletions(-)
To github.com:gestordecx/promod-vitrine.git
   6d250b2..f30877f  main -> main
60 ofertas escritas em index.html.
Vitrine publicada com sucesso.
[main 70ae0c0] Atualiza vitrine - 05/10/2026 08:15
 2 files changed, 206 insertions(+), 204 deletions(-)
To github.com:gestordecx/promod-vitrine.git
   f30877f..70ae0c0  main -> main
60 ofertas escritas em index.html.
Vitrine publicada com sucesso.
[main 4292da1] Atualiza vitrine - 05/10/2026 08:30
 2 files changed, 243 insertions(+), 237 deletions(-)
To github.com:gestordecx/promod-vitrine.git
   70ae0c0..4292da1  main -> main
60 ofertas escritas em index.html.
Vitrine publicada com sucesso.
[main 33dc50c] Atualiza vitrine - 05/10/2026 08:45
 2 files changed, 175 insertions(+), 165 deletions(-)
To github.com:gestordecx/promod-vitrine.git
   4292da1..33dc50c  main -> main
60 ofertas escritas em index.html.
Vitrine publicada com sucesso.
[main f661ca3] Atualiza vitrine - 05/10/2026 09:00
 2 files changed, 174 insertions(+), 164 deletions(-)
To github.com:gestordecx/promod-vitrine.git
   33dc50c..f661ca3  main -> main
60 ofertas escritas em index.html.
Vitrine publicada com sucesso.
[main 4f16392] Atualiza vitrine - 05/10/2026 09:15
 2 files changed, 260 insertions(+), 256 deletions(-)
To github.com:gestordecx/promod-vitrine.git
   f661ca3..4f16392  main -> main
60 ofertas escritas em index.html.
Vitrine publicada com sucesso.
[main cf53815] Atualiza vitrine - 05/10/2026 09:30
 2 files changed, 222 insertions(+), 219 deletions(-)
To github.com:gestordecx/promod-vitrine.git
   4f16392..cf53815  main -> main
60 ofertas escritas em index.html.
Vitrine publicada com sucesso.
[main 2a36966] Atualiza vitrine - 05/10/2026 09:45
 2 files changed, 293 insertions(+), 285 deletions(-)
To github.com:gestordecx/promod-vitrine.git
   cf53815..2a36966  main -> main
60 ofertas escritas em index.html.
Vitrine publicada com sucesso.
[main 495855a] Atualiza vitrine - 05/10/2026 10:00
 2 files changed, 106 insertions(+), 97 deletions(-)
To github.com:gestordecx/promod-vitrine.git
   2a36966..495855a  main -> main
60 ofertas escritas em index.html.
Vitrine publicada com sucesso.
[main 1322753] Atualiza vitrine - 05/10/2026 10:15
 2 files changed, 370 insertions(+), 364 deletions(-)
To github.com:gestordecx/promod-vitrine.git
   495855a..1322753  main -> main
60 ofertas escritas em index.html.
Vitrine publicada com sucesso.
[main 6a685a1] Atualiza vitrine - 05/10/2026 10:30
 2 files changed, 184 insertions(+), 177 deletions(-)
To github.com:gestordecx/promod-vitrine.git
   1322753..6a685a1  main -> main
60 ofertas escritas em index.html.
Vitrine publicada com sucesso.
[main 7fae36c] Atualiza vitrine - 05/10/2026 10:45
 2 files changed, 224 insertions(+), 220 deletions(-)
To github.com:gestordecx/promod-vitrine.git
   6a685a1..7fae36c  main -> main
60 ofertas escritas em index.html.
Vitrine publicada com sucesso.
[main c9855b6] Atualiza vitrine - 05/10/2026 11:00
 2 files changed, 119 insertions(+), 113 deletions(-)
To github.com:gestordecx/promod-vitrine.git
   7fae36c..c9855b6  main -> main
60 ofertas escritas em index.html.
Vitrine publicada com sucesso.
[main ed4aaef] Atualiza vitrine - 05/10/2026 11:15
 2 files changed, 189 insertions(+), 186 deletions(-)
To github.com:gestordecx/promod-vitrine.git
   c9855b6..ed4aaef  main -> main
60 ofertas escritas em index.html.
Vitrine publicada com sucesso.
[main c4ff39b] Atualiza vitrine - 05/10/2026 11:30
 2 files changed, 105 insertions(+), 99 deletions(-)
To github.com:gestordecx/promod-vitrine.git
   ed4aaef..c4ff39b  main -> main
60 ofertas escritas em index.html.
Vitrine publicada com sucesso.
[main 4453385] Atualiza vitrine - 05/10/2026 11:45
 2 files changed, 300 insertions(+), 296 deletions(-)
To github.com:gestordecx/promod-vitrine.git
   c4ff39b..4453385  main -> main
60 ofertas escritas em index.html.
Vitrine publicada com sucesso.
[main 46f68eb] Atualiza vitrine - 05/10/2026 12:00
 2 files changed, 184 insertions(+), 180 deletions(-)
To github.com:gestordecx/promod-vitrine.git
   4453385..46f68eb  main -> main
60 ofertas escritas em index.html.
Vitrine publicada com sucesso.
[main e9bec8d] Atualiza vitrine - 05/10/2026 12:15
 2 files changed, 119 insertions(+), 113 deletions(-)
To github.com:gestordecx/promod-vitrine.git
   46f68eb..e9bec8d  main -> main
60 ofertas escritas em index.html.
Vitrine publicada com sucesso.
[main bb06a01] Atualiza vitrine - 05/10/2026 12:30
 2 files changed, 139 insertions(+), 133 deletions(-)
To github.com:gestordecx/promod-vitrine.git
   e9bec8d..bb06a01  main -> main
60 ofertas escritas em index.html.
Vitrine publicada com sucesso.
[main 2a01f4a] Atualiza vitrine - 05/10/2026 12:45
 2 files changed, 223 insertions(+), 219 deletions(-)
To github.com:gestordecx/promod-vitrine.git
   bb06a01..2a01f4a  main -> main
60 ofertas escritas em index.html.
Vitrine publicada com sucesso.
[main 795aa74] Atualiza vitrine - 05/10/2026 13:00
 2 files changed, 105 insertions(+), 99 deletions(-)
To github.com:gestordecx/promod-vitrine.git
   2a01f4a..795aa74  main -> main
60 ofertas escritas em index.html.
Vitrine publicada com sucesso.
[main 3818419] Atualiza vitrine - 05/10/2026 13:15
 2 files changed, 39 insertions(+), 33 deletions(-)
To github.com:gestordecx/promod-vitrine.git
   795aa74..3818419  main -> main
60 ofertas escritas em index.html.
Vitrine publicada com sucesso.
[main dff73ca] Atualiza vitrine - 05/10/2026 13:30
 2 files changed, 39 insertions(+), 33 deletions(-)
To github.com:gestordecx/promod-vitrine.git
   3818419..dff73ca  main -> main
60 ofertas escritas em index.html.
Vitrine publicada com sucesso.
[main 30c17cc] Atualiza vitrine - 05/10/2026 13:45
 2 files changed, 87 insertions(+), 81 deletions(-)
To github.com:gestordecx/promod-vitrine.git
   dff73ca..30c17cc  main -> main
60 ofertas escritas em index.html.
Vitrine publicada com sucesso.
[main 1e15e31] Atualiza vitrine - 05/10/2026 14:00
 2 files changed, 186 insertions(+), 179 deletions(-)
To github.com:gestordecx/promod-vitrine.git
   30c17cc..1e15e31  main -> main
60 ofertas escritas em index.html.
Vitrine publicada com sucesso.
[main 794827d] Atualiza vitrine - 05/10/2026 14:15
 2 files changed, 24 insertions(+), 18 deletions(-)
To github.com:gestordecx/promod-vitrine.git
   1e15e31..794827d  main -> main
60 ofertas escritas em index.html.
Vitrine publicada com sucesso.
[main b8b0ebc] Atualiza vitrine - 05/10/2026 14:30
 2 files changed, 55 insertions(+), 49 deletions(-)
To github.com:gestordecx/promod-vitrine.git
   794827d..b8b0ebc  main -> main
60 ofertas escritas em index.html.
Vitrine publicada com sucesso.
[main 8963166] Atualiza vitrine - 05/10/2026 15:00
 2 files changed, 104 insertions(+), 98 deletions(-)
To github.com:gestordecx/promod-vitrine.git
   b8b0ebc..8963166  main -> main
60 ofertas escritas em index.html.
Vitrine publicada com sucesso.
[main 04c736c] Atualiza vitrine - 05/10/2026 15:15
 2 files changed, 153 insertions(+), 147 deletions(-)
To github.com:gestordecx/promod-vitrine.git
   8963166..04c736c  main -> main
60 ofertas escritas em index.html.
Vitrine publicada com sucesso.
[main 7ed9348] Atualiza vitrine - 05/10/2026 15:30
 2 files changed, 122 insertions(+), 114 deletions(-)
To github.com:gestordecx/promod-vitrine.git
   04c736c..7ed9348  main -> main
60 ofertas escritas em index.html.
Vitrine publicada com sucesso.
[main 5af2baa] Atualiza vitrine - 05/10/2026 15:45
 2 files changed, 7 insertions(+), 1 deletion(-)
To github.com:gestordecx/promod-vitrine.git
   7ed9348..5af2baa  main -> main
60 ofertas escritas em index.html.
Vitrine publicada com sucesso.
[main 28a2449] Atualiza vitrine - 05/10/2026 16:00
 2 files changed, 7 insertions(+), 1 deletion(-)
To github.com:gestordecx/promod-vitrine.git
   5af2baa..28a2449  main -> main
60 ofertas escritas em index.html.
Vitrine publicada com sucesso.
[main ea4468d] Atualiza vitrine - 05/10/2026 16:15
 2 files changed, 7 insertions(+), 1 deletion(-)
To github.com:gestordecx/promod-vitrine.git
   28a2449..ea4468d  main -> main
60 ofertas escritas em index.html.
Vitrine publicada com sucesso.
[main 4e3fd71] Atualiza vitrine - 05/10/2026 16:30
 2 files changed, 7 insertions(+), 1 deletion(-)
To github.com:gestordecx/promod-vitrine.git
   ea4468d..4e3fd71  main -> main
60 ofertas escritas em index.html.
Vitrine publicada com sucesso.
[main 51b646a] Atualiza vitrine - 05/10/2026 16:45
 2 files changed, 7 insertions(+), 1 deletion(-)
To github.com:gestordecx/promod-vitrine.git
   4e3fd71..51b646a  main -> main
60 ofertas escritas em index.html.
Vitrine publicada com sucesso.
[main 858b605] Atualiza vitrine - 05/10/2026 17:00
 2 files changed, 7 insertions(+), 1 deletion(-)
To github.com:gestordecx/promod-vitrine.git
   51b646a..858b605  main -> main
60 ofertas escritas em index.html.
Vitrine publicada com sucesso.
[main 2f7a47c] Atualiza vitrine - 05/10/2026 17:15
 2 files changed, 7 insertions(+), 1 deletion(-)
To github.com:gestordecx/promod-vitrine.git
   858b605..2f7a47c  main -> main
60 ofertas escritas em index.html.
Vitrine publicada com sucesso.
[main 4b01a30] Atualiza vitrine - 05/10/2026 17:30
 2 files changed, 7 insertions(+), 1 deletion(-)
To github.com:gestordecx/promod-vitrine.git
   2f7a47c..4b01a30  main -> main
60 ofertas escritas em index.html.
Vitrine publicada com sucesso.
[main 8af2fb9] Atualiza vitrine - 05/10/2026 17:45
 2 files changed, 7 insertions(+), 1 deletion(-)
To github.com:gestordecx/promod-vitrine.git
   4b01a30..8af2fb9  main -> main
60 ofertas escritas em index.html.
Vitrine publicada com sucesso.
[main 1458cb7] Atualiza vitrine - 05/10/2026 18:00
 2 files changed, 7 insertions(+), 1 deletion(-)
To github.com:gestordecx/promod-vitrine.git
   8af2fb9..1458cb7  main -> main
60 ofertas escritas em index.html.
Vitrine publicada com sucesso.
[main f229e7f] Atualiza vitrine - 05/10/2026 18:15
 2 files changed, 7 insertions(+), 1 deletion(-)
To github.com:gestordecx/promod-vitrine.git
   1458cb7..f229e7f  main -> main
60 ofertas escritas em index.html.
Vitrine publicada com sucesso.
[main 1eec94d] Atualiza vitrine - 05/10/2026 18:30
 2 files changed, 7 insertions(+), 1 deletion(-)
To github.com:gestordecx/promod-vitrine.git
   f229e7f..1eec94d  main -> main
60 ofertas escritas em index.html.
Vitrine publicada com sucesso.
[main 849e983] Atualiza vitrine - 05/10/2026 18:45
 2 files changed, 7 insertions(+), 1 deletion(-)
To github.com:gestordecx/promod-vitrine.git
   1eec94d..849e983  main -> main
60 ofertas escritas em index.html.
Vitrine publicada com sucesso.
[main 6bce66c] Atualiza vitrine - 05/10/2026 19:00
 2 files changed, 7 insertions(+), 1 deletion(-)
To github.com:gestordecx/promod-vitrine.git
   849e983..6bce66c  main -> main
60 ofertas escritas em index.html.
Vitrine publicada com sucesso.
[main f729827] Atualiza vitrine - 05/10/2026 19:15
 2 files changed, 7 insertions(+), 1 deletion(-)
To github.com:gestordecx/promod-vitrine.git
   6bce66c..f729827  main -> main
60 ofertas escritas em index.html.
Vitrine publicada com sucesso.
[main 764f144] Atualiza vitrine - 05/10/2026 19:30
 2 files changed, 7 insertions(+), 1 deletion(-)
To github.com:gestordecx/promod-vitrine.git
   f729827..764f144  main -> main
60 ofertas escritas em index.html.
Vitrine publicada com sucesso.
[main b3a4ea8] Atualiza vitrine - 05/10/2026 19:45
 2 files changed, 7 insertions(+), 1 deletion(-)
To github.com:gestordecx/promod-vitrine.git
   764f144..b3a4ea8  main -> main
60 ofertas escritas em index.html.
Vitrine publicada com sucesso.
[main 28ded7f] Atualiza vitrine - 05/10/2026 20:00
 2 files changed, 7 insertions(+), 1 deletion(-)
To github.com:gestordecx/promod-vitrine.git
   b3a4ea8..28ded7f  main -> main
60 ofertas escritas em index.html.
Vitrine publicada com sucesso.
[main 028f1cd] Atualiza vitrine - 05/10/2026 20:15
 2 files changed, 7 insertions(+), 1 deletion(-)
To github.com:gestordecx/promod-vitrine.git
   28ded7f..028f1cd  main -> main
60 ofertas escritas em index.html.
Vitrine publicada com sucesso.
[main 967b1be] Atualiza vitrine - 05/10/2026 20:30
 2 files changed, 7 insertions(+), 1 deletion(-)
To github.com:gestordecx/promod-vitrine.git
   028f1cd..967b1be  main -> main
60 ofertas escritas em index.html.
Vitrine publicada com sucesso.
[main 962e307] Atualiza vitrine - 05/10/2026 20:45
 2 files changed, 7 insertions(+), 1 deletion(-)
To github.com:gestordecx/promod-vitrine.git
   967b1be..962e307  main -> main
60 ofertas escritas em index.html.
Vitrine publicada com sucesso.
[main 3381f7b] Atualiza vitrine - 05/10/2026 21:00
 2 files changed, 7 insertions(+), 1 deletion(-)
To github.com:gestordecx/promod-vitrine.git
   962e307..3381f7b  main -> main
60 ofertas escritas em index.html.
Vitrine publicada com sucesso.
[main b76a1b1] Atualiza vitrine - 05/10/2026 21:15
 2 files changed, 7 insertions(+), 1 deletion(-)
To github.com:gestordecx/promod-vitrine.git
   3381f7b..b76a1b1  main -> main
60 ofertas escritas em index.html.
Vitrine publicada com sucesso.
[main 49d2c62] Atualiza vitrine - 05/10/2026 21:30
 2 files changed, 7 insertions(+), 1 deletion(-)
To github.com:gestordecx/promod-vitrine.git
   b76a1b1..49d2c62  main -> main
60 ofertas escritas em index.html.
Vitrine publicada com sucesso.
[main 3b8e91f] Atualiza vitrine - 05/10/2026 21:45
 2 files changed, 7 insertions(+), 1 deletion(-)
To github.com:gestordecx/promod-vitrine.git
   49d2c62..3b8e91f  main -> main
60 ofertas escritas em index.html.
Vitrine publicada com sucesso.
[main 9700418] Atualiza vitrine - 05/10/2026 22:00
 2 files changed, 7 insertions(+), 1 deletion(-)
To github.com:gestordecx/promod-vitrine.git
   3b8e91f..9700418  main -> main
60 ofertas escritas em index.html.
Vitrine publicada com sucesso.
[main 3edbbfb] Atualiza vitrine - 05/10/2026 22:15
 2 files changed, 7 insertions(+), 1 deletion(-)
To github.com:gestordecx/promod-vitrine.git
   9700418..3edbbfb  main -> main
60 ofertas escritas em index.html.
Vitrine publicada com sucesso.
[main 6199df0] Atualiza vitrine - 05/10/2026 22:30
 2 files changed, 7 insertions(+), 1 deletion(-)
To github.com:gestordecx/promod-vitrine.git
   3edbbfb..6199df0  main -> main
60 ofertas escritas em index.html.
Vitrine publicada com sucesso.
[main a6a6fb6] Atualiza vitrine - 05/10/2026 22:45
 2 files changed, 7 insertions(+), 1 deletion(-)
To github.com:gestordecx/promod-vitrine.git
   6199df0..a6a6fb6  main -> main
60 ofertas escritas em index.html.
Vitrine publicada com sucesso.
[main 7e1f6e9] Atualiza vitrine - 05/10/2026 23:00
 2 files changed, 7 insertions(+), 1 deletion(-)
To github.com:gestordecx/promod-vitrine.git
   a6a6fb6..7e1f6e9  main -> main
60 ofertas escritas em index.html.
Vitrine publicada com sucesso.
[main 3406868] Atualiza vitrine - 05/10/2026 23:15
 2 files changed, 7 insertions(+), 1 deletion(-)
To github.com:gestordecx/promod-vitrine.git
   7e1f6e9..3406868  main -> main
60 ofertas escritas em index.html.
Vitrine publicada com sucesso.
[main 07fbdfe] Atualiza vitrine - 05/10/2026 23:30
 2 files changed, 7 insertions(+), 1 deletion(-)
To github.com:gestordecx/promod-vitrine.git
   3406868..07fbdfe  main -> main
60 ofertas escritas em index.html.
Vitrine publicada com sucesso.
[main e152dd1] Atualiza vitrine - 05/10/2026 23:45
 2 files changed, 7 insertions(+), 1 deletion(-)
To github.com:gestordecx/promod-vitrine.git
   07fbdfe..e152dd1  main -> main
60 ofertas escritas em index.html.
Vitrine publicada com sucesso.
[main eeaa332] Atualiza vitrine - 06/10/2026 00:00
 2 files changed, 7 insertions(+), 1 deletion(-)
To github.com:gestordecx/promod-vitrine.git
   e152dd1..eeaa332  main -> main
60 ofertas escritas em index.html.
Vitrine publicada com sucesso.
[main 1b4c962] Atualiza vitrine - 06/10/2026 00:15
 2 files changed, 296 insertions(+), 290 deletions(-)
To github.com:gestordecx/promod-vitrine.git
   eeaa332..1b4c962  main -> main
60 ofertas escritas em index.html.
Vitrine publicada com sucesso.
[main 624c09b] Atualiza vitrine - 06/10/2026 00:30
 2 files changed, 257 insertions(+), 251 deletions(-)
To github.com:gestordecx/promod-vitrine.git
   1b4c962..624c09b  main -> main
60 ofertas escritas em index.html.
Vitrine publicada com sucesso.
[main 17a4acc] Atualiza vitrine - 06/10/2026 00:45
 2 files changed, 227 insertions(+), 217 deletions(-)
To github.com:gestordecx/promod-vitrine.git
   624c09b..17a4acc  main -> main
60 ofertas escritas em index.html.
Vitrine publicada com sucesso.
[main 1a1da98] Atualiza vitrine - 06/10/2026 01:00
 2 files changed, 209 insertions(+), 199 deletions(-)
To github.com:gestordecx/promod-vitrine.git
   17a4acc..1a1da98  main -> main
60 ofertas escritas em index.html.
Vitrine publicada com sucesso.
[main 279e715] Atualiza vitrine - 06/10/2026 01:15
 2 files changed, 107 insertions(+), 101 deletions(-)
To github.com:gestordecx/promod-vitrine.git
   1a1da98..279e715  main -> main
60 ofertas escritas em index.html.
Vitrine publicada com sucesso.
[main b6b9daf] Atualiza vitrine - 06/10/2026 01:30
 2 files changed, 23 insertions(+), 17 deletions(-)
To github.com:gestordecx/promod-vitrine.git
   279e715..b6b9daf  main -> main
60 ofertas escritas em index.html.
Vitrine publicada com sucesso.
[main 1241084] Atualiza vitrine - 06/10/2026 01:45
 2 files changed, 120 insertions(+), 114 deletions(-)
To github.com:gestordecx/promod-vitrine.git
   b6b9daf..1241084  main -> main
60 ofertas escritas em index.html.
Vitrine publicada com sucesso.
[main 4a8701b] Atualiza vitrine - 06/10/2026 02:00
 2 files changed, 71 insertions(+), 67 deletions(-)
To github.com:gestordecx/promod-vitrine.git
   1241084..4a8701b  main -> main
60 ofertas escritas em index.html.
Vitrine publicada com sucesso.
[main dfba978] Atualiza vitrine - 06/10/2026 02:15
 2 files changed, 107 insertions(+), 103 deletions(-)
To github.com:gestordecx/promod-vitrine.git
   4a8701b..dfba978  main -> main
60 ofertas escritas em index.html.
Vitrine publicada com sucesso.
[main 2cecbe2] Atualiza vitrine - 06/10/2026 02:30
 2 files changed, 7 insertions(+), 1 deletion(-)
To github.com:gestordecx/promod-vitrine.git
   dfba978..2cecbe2  main -> main
60 ofertas escritas em index.html.
Vitrine publicada com sucesso.
[main 160059b] Atualiza vitrine - 06/10/2026 02:45
 2 files changed, 261 insertions(+), 260 deletions(-)
To github.com:gestordecx/promod-vitrine.git
   2cecbe2..160059b  main -> main
60 ofertas escritas em index.html.
Vitrine publicada com sucesso.
[main 2d06484] Atualiza vitrine - 06/10/2026 03:00
 2 files changed, 91 insertions(+), 85 deletions(-)
To github.com:gestordecx/promod-vitrine.git
   160059b..2d06484  main -> main
60 ofertas escritas em index.html.
Vitrine publicada com sucesso.
[main a5eec33] Atualiza vitrine - 06/10/2026 03:15
 2 files changed, 58 insertions(+), 52 deletions(-)
To github.com:gestordecx/promod-vitrine.git
   2d06484..a5eec33  main -> main
60 ofertas escritas em index.html.
Vitrine publicada com sucesso.
[main 79f09a7] Atualiza vitrine - 06/10/2026 03:30
 2 files changed, 24 insertions(+), 18 deletions(-)
To github.com:gestordecx/promod-vitrine.git
   a5eec33..79f09a7  main -> main
60 ofertas escritas em index.html.
Vitrine publicada com sucesso.
[main 973d268] Atualiza vitrine - 06/10/2026 03:45
 2 files changed, 23 insertions(+), 17 deletions(-)
To github.com:gestordecx/promod-vitrine.git
   79f09a7..973d268  main -> main
60 ofertas escritas em index.html.
Vitrine publicada com sucesso.
[main b94fde6] Atualiza vitrine - 06/10/2026 04:00
 2 files changed, 23 insertions(+), 17 deletions(-)
To github.com:gestordecx/promod-vitrine.git
   973d268..b94fde6  main -> main
60 ofertas escritas em index.html.
Vitrine publicada com sucesso.
[main c58ac6b] Atualiza vitrine - 06/10/2026 04:15
 2 files changed, 7 insertions(+), 1 deletion(-)
To github.com:gestordecx/promod-vitrine.git
   b94fde6..c58ac6b  main -> main
60 ofertas escritas em index.html.
Vitrine publicada com sucesso.
[main 7cc9359] Atualiza vitrine - 06/10/2026 04:30
 2 files changed, 141 insertions(+), 135 deletions(-)
To github.com:gestordecx/promod-vitrine.git
   c58ac6b..7cc9359  main -> main
60 ofertas escritas em index.html.
Vitrine publicada com sucesso.
[main 044c470] Atualiza vitrine - 06/10/2026 04:45
 2 files changed, 7 insertions(+), 1 deletion(-)
To github.com:gestordecx/promod-vitrine.git
   7cc9359..044c470  main -> main
60 ofertas escritas em index.html.
Vitrine publicada com sucesso.
[main b7ad4ee] Atualiza vitrine - 06/10/2026 05:00
 2 files changed, 24 insertions(+), 18 deletions(-)
To github.com:gestordecx/promod-vitrine.git
   044c470..b7ad4ee  main -> main
60 ofertas escritas em index.html.
Vitrine publicada com sucesso.
[main 8b2f9c4] Atualiza vitrine - 06/10/2026 05:15
 2 files changed, 39 insertions(+), 33 deletions(-)
To github.com:gestordecx/promod-vitrine.git
   b7ad4ee..8b2f9c4  main -> main
60 ofertas escritas em index.html.
Vitrine publicada com sucesso.
[main e20ffef] Atualiza vitrine - 06/10/2026 05:30
 2 files changed, 153 insertions(+), 145 deletions(-)
To github.com:gestordecx/promod-vitrine.git
   8b2f9c4..e20ffef  main -> main
60 ofertas escritas em index.html.
Vitrine publicada com sucesso.
[main e5fedc0] Atualiza vitrine - 06/10/2026 05:45
 2 files changed, 40 insertions(+), 34 deletions(-)
To github.com:gestordecx/promod-vitrine.git
   e20ffef..e5fedc0  main -> main
60 ofertas escritas em index.html.
Vitrine publicada com sucesso.
[main a674580] Atualiza vitrine - 06/10/2026 06:00
 2 files changed, 7 insertions(+), 1 deletion(-)
To github.com:gestordecx/promod-vitrine.git
   e5fedc0..a674580  main -> main
60 ofertas escritas em index.html.
Vitrine publicada com sucesso.
[main 5e7e718] Atualiza vitrine - 06/10/2026 06:15
 2 files changed, 176 insertions(+), 170 deletions(-)
To github.com:gestordecx/promod-vitrine.git
   a674580..5e7e718  main -> main
60 ofertas escritas em index.html.
Vitrine publicada com sucesso.
[main 529a9fe] Atualiza vitrine - 06/10/2026 06:30
 2 files changed, 42 insertions(+), 34 deletions(-)
To github.com:gestordecx/promod-vitrine.git
   5e7e718..529a9fe  main -> main
60 ofertas escritas em index.html.
Vitrine publicada com sucesso.
[main 0d94d52] Atualiza vitrine - 06/10/2026 06:45
 2 files changed, 23 insertions(+), 17 deletions(-)
To github.com:gestordecx/promod-vitrine.git
   529a9fe..0d94d52  main -> main
60 ofertas escritas em index.html.
Vitrine publicada com sucesso.
[main 00e5ea6] Atualiza vitrine - 06/10/2026 07:00
 2 files changed, 39 insertions(+), 33 deletions(-)
To github.com:gestordecx/promod-vitrine.git
   0d94d52..00e5ea6  main -> main
60 ofertas escritas em index.html.
Vitrine publicada com sucesso.
[main d2a0634] Atualiza vitrine - 06/10/2026 07:15
 2 files changed, 106 insertions(+), 101 deletions(-)
To github.com:gestordecx/promod-vitrine.git
   00e5ea6..d2a0634  main -> main
60 ofertas escritas em index.html.
Vitrine publicada com sucesso.
[main 0c3ccd5] Atualiza vitrine - 06/10/2026 07:30
 2 files changed, 55 insertions(+), 49 deletions(-)
To github.com:gestordecx/promod-vitrine.git
   d2a0634..0c3ccd5  main -> main
60 ofertas escritas em index.html.
Vitrine publicada com sucesso.
[main 6b1bf77] Atualiza vitrine - 06/10/2026 07:45
 2 files changed, 177 insertions(+), 171 deletions(-)
To github.com:gestordecx/promod-vitrine.git
   0c3ccd5..6b1bf77  main -> main
60 ofertas escritas em index.html.
Vitrine publicada com sucesso.
[main 6a48d8b] Atualiza vitrine - 06/10/2026 08:00
 2 files changed, 109 insertions(+), 101 deletions(-)
To github.com:gestordecx/promod-vitrine.git
   6b1bf77..6a48d8b  main -> main
60 ofertas escritas em index.html.
Vitrine publicada com sucesso.
[main 0fb8c98] Atualiza vitrine - 06/10/2026 08:15
 2 files changed, 91 insertions(+), 81 deletions(-)
To github.com:gestordecx/promod-vitrine.git
   6a48d8b..0fb8c98  main -> main
60 ofertas escritas em index.html.
Vitrine publicada com sucesso.
[main 47b7389] Atualiza vitrine - 06/10/2026 08:30
 2 files changed, 108 insertions(+), 98 deletions(-)
To github.com:gestordecx/promod-vitrine.git
   0fb8c98..47b7389  main -> main
60 ofertas escritas em index.html.
Vitrine publicada com sucesso.
[main a5cbfae] Atualiza vitrine - 06/10/2026 08:45
 2 files changed, 142 insertions(+), 138 deletions(-)
To github.com:gestordecx/promod-vitrine.git
   47b7389..a5cbfae  main -> main
60 ofertas escritas em index.html.
Vitrine publicada com sucesso.
[main cf50c2c] Atualiza vitrine - 06/10/2026 09:00
 2 files changed, 74 insertions(+), 66 deletions(-)
To github.com:gestordecx/promod-vitrine.git
   a5cbfae..cf50c2c  main -> main
60 ofertas escritas em index.html.
Vitrine publicada com sucesso.
[main b043297] Atualiza vitrine - 06/10/2026 09:15
 2 files changed, 124 insertions(+), 117 deletions(-)
To github.com:gestordecx/promod-vitrine.git
   cf50c2c..b043297  main -> main
60 ofertas escritas em index.html.
Vitrine publicada com sucesso.
[main 30593f0] Atualiza vitrine - 06/10/2026 09:30
 2 files changed, 71 insertions(+), 65 deletions(-)
To github.com:gestordecx/promod-vitrine.git
   b043297..30593f0  main -> main
60 ofertas escritas em index.html.
Vitrine publicada com sucesso.
[main 0a8ece0] Atualiza vitrine - 06/10/2026 09:45
 2 files changed, 225 insertions(+), 219 deletions(-)
To github.com:gestordecx/promod-vitrine.git
   30593f0..0a8ece0  main -> main
60 ofertas escritas em index.html.
Vitrine publicada com sucesso.
[main a2bcc8c] Atualiza vitrine - 06/10/2026 10:00
 2 files changed, 254 insertions(+), 250 deletions(-)
To github.com:gestordecx/promod-vitrine.git
   0a8ece0..a2bcc8c  main -> main
60 ofertas escritas em index.html.
Vitrine publicada com sucesso.
[main 20ce2db] Atualiza vitrine - 06/10/2026 10:15
 2 files changed, 136 insertions(+), 135 deletions(-)
To github.com:gestordecx/promod-vitrine.git
   a2bcc8c..20ce2db  main -> main
60 ofertas escritas em index.html.
Vitrine publicada com sucesso.
[main 02e6095] Atualiza vitrine - 06/10/2026 10:30
 2 files changed, 138 insertions(+), 136 deletions(-)
To github.com:gestordecx/promod-vitrine.git
   20ce2db..02e6095  main -> main
60 ofertas escritas em index.html.
Vitrine publicada com sucesso.
[main ae3f3f8] Atualiza vitrine - 06/10/2026 10:45
 2 files changed, 57 insertions(+), 49 deletions(-)
To github.com:gestordecx/promod-vitrine.git
   02e6095..ae3f3f8  main -> main
60 ofertas escritas em index.html.
Vitrine publicada com sucesso.
[main 962a8c7] Atualiza vitrine - 06/10/2026 11:00
 2 files changed, 160 insertions(+), 152 deletions(-)
To github.com:gestordecx/promod-vitrine.git
   ae3f3f8..962a8c7  main -> main
60 ofertas escritas em index.html.
Vitrine publicada com sucesso.
[main c094b04] Atualiza vitrine - 06/10/2026 11:15
 2 files changed, 228 insertions(+), 221 deletions(-)
To github.com:gestordecx/promod-vitrine.git
   962a8c7..c094b04  main -> main
60 ofertas escritas em index.html.
Vitrine publicada com sucesso.
[main ff3463d] Atualiza vitrine - 06/10/2026 11:30
 2 files changed, 121 insertions(+), 118 deletions(-)
To github.com:gestordecx/promod-vitrine.git
   c094b04..ff3463d  main -> main
60 ofertas escritas em index.html.
Vitrine publicada com sucesso.
[main 241f199] Atualiza vitrine - 06/10/2026 11:45
 2 files changed, 41 insertions(+), 35 deletions(-)
To github.com:gestordecx/promod-vitrine.git
   ff3463d..241f199  main -> main
60 ofertas escritas em index.html.
Vitrine publicada com sucesso.
[main f7bcdae] Atualiza vitrine - 06/10/2026 12:00
 2 files changed, 259 insertions(+), 253 deletions(-)
To github.com:gestordecx/promod-vitrine.git
   241f199..f7bcdae  main -> main
60 ofertas escritas em index.html.
Vitrine publicada com sucesso.
[main b67aad0] Atualiza vitrine - 06/10/2026 12:15
 2 files changed, 247 insertions(+), 241 deletions(-)
To github.com:gestordecx/promod-vitrine.git
   f7bcdae..b67aad0  main -> main
60 ofertas escritas em index.html.
Vitrine publicada com sucesso.
[main d54b54d] Atualiza vitrine - 06/10/2026 12:30
 2 files changed, 221 insertions(+), 215 deletions(-)
To github.com:gestordecx/promod-vitrine.git
   b67aad0..d54b54d  main -> main
60 ofertas escritas em index.html.
Vitrine publicada com sucesso.
[main 958d720] Atualiza vitrine - 06/10/2026 12:45
 2 files changed, 191 insertions(+), 185 deletions(-)
To github.com:gestordecx/promod-vitrine.git
   d54b54d..958d720  main -> main
60 ofertas escritas em index.html.
Vitrine publicada com sucesso.
[main c8b4826] Atualiza vitrine - 06/10/2026 13:00
 2 files changed, 252 insertions(+), 246 deletions(-)
To github.com:gestordecx/promod-vitrine.git
   958d720..c8b4826  main -> main
60 ofertas escritas em index.html.
Vitrine publicada com sucesso.
[main 52f4709] Atualiza vitrine - 06/10/2026 13:15
 2 files changed, 152 insertions(+), 152 deletions(-)
To github.com:gestordecx/promod-vitrine.git
   c8b4826..52f4709  main -> main
60 ofertas escritas em index.html.
Vitrine publicada com sucesso.
[main 8d94d8f] Atualiza vitrine - 06/10/2026 13:30
 2 files changed, 119 insertions(+), 115 deletions(-)
To github.com:gestordecx/promod-vitrine.git
   52f4709..8d94d8f  main -> main
60 ofertas escritas em index.html.
Vitrine publicada com sucesso.
[main c93bd44] Atualiza vitrine - 06/10/2026 13:45
 2 files changed, 255 insertions(+), 243 deletions(-)
To github.com:gestordecx/promod-vitrine.git
   8d94d8f..c93bd44  main -> main
60 ofertas escritas em index.html.
Vitrine publicada com sucesso.
[main c622a10] Atualiza vitrine - 06/10/2026 14:00
 2 files changed, 138 insertions(+), 130 deletions(-)
To github.com:gestordecx/promod-vitrine.git
   c93bd44..c622a10  main -> main
60 ofertas escritas em index.html.
Vitrine publicada com sucesso.
[main 5ebf6f4] Atualiza vitrine - 06/10/2026 14:15
 2 files changed, 171 insertions(+), 164 deletions(-)
To github.com:gestordecx/promod-vitrine.git
   c622a10..5ebf6f4  main -> main
60 ofertas escritas em index.html.
Vitrine publicada com sucesso.
[main 25ade11] Atualiza vitrine - 06/10/2026 14:30
 2 files changed, 395 insertions(+), 387 deletions(-)
To github.com:gestordecx/promod-vitrine.git
   5ebf6f4..25ade11  main -> main
60 ofertas escritas em index.html.
Vitrine publicada com sucesso.
[main 9b7d6eb] Atualiza vitrine - 06/10/2026 14:45
 2 files changed, 7 insertions(+), 1 deletion(-)
To github.com:gestordecx/promod-vitrine.git
   25ade11..9b7d6eb  main -> main
60 ofertas escritas em index.html.
Vitrine publicada com sucesso.
[main ad1cfe2] Atualiza vitrine - 06/10/2026 15:00
 2 files changed, 7 insertions(+), 1 deletion(-)
To github.com:gestordecx/promod-vitrine.git
   9b7d6eb..ad1cfe2  main -> main
60 ofertas escritas em index.html.
Vitrine publicada com sucesso.
[main f33ab09] Atualiza vitrine - 06/10/2026 15:15
 2 files changed, 7 insertions(+), 1 deletion(-)
To github.com:gestordecx/promod-vitrine.git
   ad1cfe2..f33ab09  main -> main
60 ofertas escritas em index.html.
Vitrine publicada com sucesso.
[main 2db823d] Atualiza vitrine - 06/10/2026 15:30
 2 files changed, 7 insertions(+), 1 deletion(-)
To github.com:gestordecx/promod-vitrine.git
   f33ab09..2db823d  main -> main
60 ofertas escritas em index.html.
Vitrine publicada com sucesso.
[main f6bebb4] Atualiza vitrine - 06/10/2026 15:45
 2 files changed, 7 insertions(+), 1 deletion(-)
To github.com:gestordecx/promod-vitrine.git
   2db823d..f6bebb4  main -> main
60 ofertas escritas em index.html.
Vitrine publicada com sucesso.
[main 0411d9b] Atualiza vitrine - 06/10/2026 16:00
 2 files changed, 7 insertions(+), 1 deletion(-)
To github.com:gestordecx/promod-vitrine.git
   f6bebb4..0411d9b  main -> main
60 ofertas escritas em index.html.
Vitrine publicada com sucesso.
[main 7b8cc12] Atualiza vitrine - 06/10/2026 16:15
 2 files changed, 7 insertions(+), 1 deletion(-)
To github.com:gestordecx/promod-vitrine.git
   0411d9b..7b8cc12  main -> main
60 ofertas escritas em index.html.
Vitrine publicada com sucesso.
[main c15d17d] Atualiza vitrine - 06/10/2026 16:30
 2 files changed, 7 insertions(+), 1 deletion(-)
To github.com:gestordecx/promod-vitrine.git
   7b8cc12..c15d17d  main -> main
60 ofertas escritas em index.html.
Vitrine publicada com sucesso.
[main 3e8ddf4] Atualiza vitrine - 06/10/2026 16:45
 2 files changed, 7 insertions(+), 1 deletion(-)
To github.com:gestordecx/promod-vitrine.git
   c15d17d..3e8ddf4  main -> main
60 ofertas escritas em index.html.
Vitrine publicada com sucesso.
[main 6b8eb28] Atualiza vitrine - 06/10/2026 17:00
 2 files changed, 7 insertions(+), 1 deletion(-)
To github.com:gestordecx/promod-vitrine.git
   3e8ddf4..6b8eb28  main -> main
60 ofertas escritas em index.html.
Vitrine publicada com sucesso.
[main 81a2c49] Atualiza vitrine - 06/10/2026 17:15
 2 files changed, 7 insertions(+), 1 deletion(-)
To github.com:gestordecx/promod-vitrine.git
   6b8eb28..81a2c49  main -> main
60 ofertas escritas em index.html.
Vitrine publicada com sucesso.
[main 89b48b8] Atualiza vitrine - 06/10/2026 17:30
 2 files changed, 7 insertions(+), 1 deletion(-)
To github.com:gestordecx/promod-vitrine.git
   81a2c49..89b48b8  main -> main
60 ofertas escritas em index.html.
Vitrine publicada com sucesso.
[main cf74af4] Atualiza vitrine - 06/10/2026 17:45
 2 files changed, 7 insertions(+), 1 deletion(-)
To github.com:gestordecx/promod-vitrine.git
   89b48b8..cf74af4  main -> main
60 ofertas escritas em index.html.
Vitrine publicada com sucesso.
[main 5799b41] Atualiza vitrine - 06/10/2026 18:00
 2 files changed, 7 insertions(+), 1 deletion(-)
To github.com:gestordecx/promod-vitrine.git
   cf74af4..5799b41  main -> main
60 ofertas escritas em index.html.
Vitrine publicada com sucesso.
[main f9468c1] Atualiza vitrine - 06/10/2026 18:15
 2 files changed, 7 insertions(+), 1 deletion(-)
To github.com:gestordecx/promod-vitrine.git
   5799b41..f9468c1  main -> main
60 ofertas escritas em index.html.
Vitrine publicada com sucesso.
[main 57ca32d] Atualiza vitrine - 06/10/2026 18:30
 2 files changed, 7 insertions(+), 1 deletion(-)
To github.com:gestordecx/promod-vitrine.git
   f9468c1..57ca32d  main -> main
60 ofertas escritas em index.html.
Vitrine publicada com sucesso.
[main 0e5a2a3] Atualiza vitrine - 06/10/2026 18:45
 2 files changed, 7 insertions(+), 1 deletion(-)
To github.com:gestordecx/promod-vitrine.git
   57ca32d..0e5a2a3  main -> main
60 ofertas escritas em index.html.
Vitrine publicada com sucesso.
[main 4ca6069] Atualiza vitrine - 06/10/2026 19:00
 2 files changed, 7 insertions(+), 1 deletion(-)
To github.com:gestordecx/promod-vitrine.git
   0e5a2a3..4ca6069  main -> main
60 ofertas escritas em index.html.
Vitrine publicada com sucesso.
[main b4a3029] Atualiza vitrine - 06/10/2026 19:15
 2 files changed, 7 insertions(+), 1 deletion(-)
To github.com:gestordecx/promod-vitrine.git
   4ca6069..b4a3029  main -> main
60 ofertas escritas em index.html.
Vitrine publicada com sucesso.
[main dcdae68] Atualiza vitrine - 06/10/2026 19:30
 2 files changed, 7 insertions(+), 1 deletion(-)
To github.com:gestordecx/promod-vitrine.git
   b4a3029..dcdae68  main -> main
60 ofertas escritas em index.html.
Vitrine publicada com sucesso.
[main d2e9f17] Atualiza vitrine - 06/10/2026 19:45
 2 files changed, 7 insertions(+), 1 deletion(-)
To github.com:gestordecx/promod-vitrine.git
   dcdae68..d2e9f17  main -> main
60 ofertas escritas em index.html.
Vitrine publicada com sucesso.
[main 95a147d] Atualiza vitrine - 06/10/2026 20:00
 2 files changed, 7 insertions(+), 1 deletion(-)
To github.com:gestordecx/promod-vitrine.git
   d2e9f17..95a147d  main -> main
60 ofertas escritas em index.html.
Vitrine publicada com sucesso.
[main c013cdb] Atualiza vitrine - 06/10/2026 20:15
 2 files changed, 7 insertions(+), 1 deletion(-)
To github.com:gestordecx/promod-vitrine.git
   95a147d..c013cdb  main -> main
60 ofertas escritas em index.html.
Vitrine publicada com sucesso.
[main 1af9b29] Atualiza vitrine - 06/10/2026 20:30
 2 files changed, 7 insertions(+), 1 deletion(-)
To github.com:gestordecx/promod-vitrine.git
   c013cdb..1af9b29  main -> main
60 ofertas escritas em index.html.
Vitrine publicada com sucesso.
[main d14bd1b] Atualiza vitrine - 06/10/2026 20:45
 2 files changed, 7 insertions(+), 1 deletion(-)
To github.com:gestordecx/promod-vitrine.git
   1af9b29..d14bd1b  main -> main
60 ofertas escritas em index.html.
Vitrine publicada com sucesso.
[main 36999de] Atualiza vitrine - 06/10/2026 21:00
 2 files changed, 7 insertions(+), 1 deletion(-)
To github.com:gestordecx/promod-vitrine.git
   d14bd1b..36999de  main -> main
60 ofertas escritas em index.html.
Vitrine publicada com sucesso.
[main 56a3768] Atualiza vitrine - 06/10/2026 21:15
 2 files changed, 7 insertions(+), 1 deletion(-)
To github.com:gestordecx/promod-vitrine.git
   36999de..56a3768  main -> main
60 ofertas escritas em index.html.
Vitrine publicada com sucesso.
[main 9b144ac] Atualiza vitrine - 06/10/2026 21:30
 2 files changed, 7 insertions(+), 1 deletion(-)
To github.com:gestordecx/promod-vitrine.git
   56a3768..9b144ac  main -> main
60 ofertas escritas em index.html.
Vitrine publicada com sucesso.
[main c08e63a] Atualiza vitrine - 06/10/2026 21:45
 2 files changed, 7 insertions(+), 1 deletion(-)
To github.com:gestordecx/promod-vitrine.git
   9b144ac..c08e63a  main -> main
60 ofertas escritas em index.html.
Vitrine publicada com sucesso.
[main de84756] Atualiza vitrine - 06/10/2026 22:00
 2 files changed, 7 insertions(+), 1 deletion(-)
To github.com:gestordecx/promod-vitrine.git
   c08e63a..de84756  main -> main
60 ofertas escritas em index.html.
Vitrine publicada com sucesso.
[main 76364b3] Atualiza vitrine - 06/10/2026 22:15
 2 files changed, 7 insertions(+), 1 deletion(-)
To github.com:gestordecx/promod-vitrine.git
   de84756..76364b3  main -> main
60 ofertas escritas em index.html.
Vitrine publicada com sucesso.
Auto packing the repository in background for optimum performance.
See "git help gc" for manual housekeeping.
[main 1748dfe] Atualiza vitrine - 06/10/2026 22:30
 2 files changed, 9 insertions(+), 1 deletion(-)
To github.com:gestordecx/promod-vitrine.git
   76364b3..1748dfe  main -> main
60 ofertas escritas em index.html.
Vitrine publicada com sucesso.
[main 2559cc2] Atualiza vitrine - 06/10/2026 22:45
 2 files changed, 9 insertions(+), 1 deletion(-)
To github.com:gestordecx/promod-vitrine.git
   1748dfe..2559cc2  main -> main
60 ofertas escritas em index.html.
Vitrine publicada com sucesso.
[main 4d3d9a7] Atualiza vitrine - 06/10/2026 23:00
 2 files changed, 7 insertions(+), 1 deletion(-)
To github.com:gestordecx/promod-vitrine.git
   2559cc2..4d3d9a7  main -> main
60 ofertas escritas em index.html.
Vitrine publicada com sucesso.
[main 01e8974] Atualiza vitrine - 06/10/2026 23:15
 2 files changed, 7 insertions(+), 1 deletion(-)
To github.com:gestordecx/promod-vitrine.git
   4d3d9a7..01e8974  main -> main
60 ofertas escritas em index.html.
Vitrine publicada com sucesso.
[main 24d957f] Atualiza vitrine - 06/10/2026 23:30
 2 files changed, 7 insertions(+), 1 deletion(-)
To github.com:gestordecx/promod-vitrine.git
   01e8974..24d957f  main -> main
60 ofertas escritas em index.html.
Vitrine publicada com sucesso.
[main 2bc7e4a] Atualiza vitrine - 06/10/2026 23:45
 2 files changed, 7 insertions(+), 1 deletion(-)
To github.com:gestordecx/promod-vitrine.git
   24d957f..2bc7e4a  main -> main
60 ofertas escritas em index.html.
Vitrine publicada com sucesso.
[main 33897c7] Atualiza vitrine - 07/10/2026 00:00
 2 files changed, 7 insertions(+), 1 deletion(-)
To github.com:gestordecx/promod-vitrine.git
   2bc7e4a..33897c7  main -> main
60 ofertas escritas em index.html.
Vitrine publicada com sucesso.
[main e58503a] Atualiza vitrine - 07/10/2026 00:15
 2 files changed, 252 insertions(+), 250 deletions(-)
To github.com:gestordecx/promod-vitrine.git
   33897c7..e58503a  main -> main
60 ofertas escritas em index.html.
Vitrine publicada com sucesso.
[main bc0d415] Atualiza vitrine - 07/10/2026 00:30
 2 files changed, 232 insertions(+), 224 deletions(-)
To github.com:gestordecx/promod-vitrine.git
   e58503a..bc0d415  main -> main
60 ofertas escritas em index.html.
Vitrine publicada com sucesso.
[main 32f1f68] Atualiza vitrine - 07/10/2026 00:45
 2 files changed, 337 insertions(+), 334 deletions(-)
To github.com:gestordecx/promod-vitrine.git
   bc0d415..32f1f68  main -> main
60 ofertas escritas em index.html.
Vitrine publicada com sucesso.
[main bb4a713] Atualiza vitrine - 07/10/2026 01:00
 2 files changed, 276 insertions(+), 270 deletions(-)
To github.com:gestordecx/promod-vitrine.git
   32f1f68..bb4a713  main -> main
60 ofertas escritas em index.html.
Vitrine publicada com sucesso.
[main 65d363c] Atualiza vitrine - 07/10/2026 01:15
 2 files changed, 92 insertions(+), 86 deletions(-)
To github.com:gestordecx/promod-vitrine.git
   bb4a713..65d363c  main -> main
60 ofertas escritas em index.html.
Vitrine publicada com sucesso.
[main e77ed7f] Atualiza vitrine - 07/10/2026 01:30
 2 files changed, 7 insertions(+), 1 deletion(-)
To github.com:gestordecx/promod-vitrine.git
   65d363c..e77ed7f  main -> main
60 ofertas escritas em index.html.
Vitrine publicada com sucesso.
[main 59da350] Atualiza vitrine - 07/10/2026 01:45
 2 files changed, 40 insertions(+), 34 deletions(-)
To github.com:gestordecx/promod-vitrine.git
   e77ed7f..59da350  main -> main
60 ofertas escritas em index.html.
Vitrine publicada com sucesso.
[main 92998dc] Atualiza vitrine - 07/10/2026 02:00
 2 files changed, 57 insertions(+), 54 deletions(-)
To github.com:gestordecx/promod-vitrine.git
   59da350..92998dc  main -> main
60 ofertas escritas em index.html.
Vitrine publicada com sucesso.
[main e965c2c] Atualiza vitrine - 07/10/2026 02:15
 2 files changed, 7 insertions(+), 1 deletion(-)
To github.com:gestordecx/promod-vitrine.git
   92998dc..e965c2c  main -> main
60 ofertas escritas em index.html.
Vitrine publicada com sucesso.
[main a24bb18] Atualiza vitrine - 07/10/2026 02:30
 2 files changed, 39 insertions(+), 33 deletions(-)
To github.com:gestordecx/promod-vitrine.git
   e965c2c..a24bb18  main -> main
60 ofertas escritas em index.html.
Vitrine publicada com sucesso.
[main 4e62a28] Atualiza vitrine - 07/10/2026 02:45
 2 files changed, 75 insertions(+), 69 deletions(-)
To github.com:gestordecx/promod-vitrine.git
   a24bb18..4e62a28  main -> main
60 ofertas escritas em index.html.
Vitrine publicada com sucesso.
[main 05f5f8a] Atualiza vitrine - 07/10/2026 03:00
 2 files changed, 7 insertions(+), 1 deletion(-)
To github.com:gestordecx/promod-vitrine.git
   4e62a28..05f5f8a  main -> main
60 ofertas escritas em index.html.
Vitrine publicada com sucesso.
[main d057c30] Atualiza vitrine - 07/10/2026 03:15
 2 files changed, 24 insertions(+), 18 deletions(-)
To github.com:gestordecx/promod-vitrine.git
   05f5f8a..d057c30  main -> main
60 ofertas escritas em index.html.
Vitrine publicada com sucesso.
[main 94d1d13] Atualiza vitrine - 07/10/2026 03:30
 2 files changed, 7 insertions(+), 1 deletion(-)
To github.com:gestordecx/promod-vitrine.git
   d057c30..94d1d13  main -> main
60 ofertas escritas em index.html.
Vitrine publicada com sucesso.
[main 3cfef2f] Atualiza vitrine - 07/10/2026 03:45
 2 files changed, 7 insertions(+), 1 deletion(-)
To github.com:gestordecx/promod-vitrine.git
   94d1d13..3cfef2f  main -> main
60 ofertas escritas em index.html.
Vitrine publicada com sucesso.
[main c0b5c24] Atualiza vitrine - 07/10/2026 04:00
 2 files changed, 7 insertions(+), 1 deletion(-)
To github.com:gestordecx/promod-vitrine.git
   3cfef2f..c0b5c24  main -> main
60 ofertas escritas em index.html.
Vitrine publicada com sucesso.
[main 2a564c6] Atualiza vitrine - 07/10/2026 04:15
 2 files changed, 7 insertions(+), 1 deletion(-)
To github.com:gestordecx/promod-vitrine.git
   c0b5c24..2a564c6  main -> main
60 ofertas escritas em index.html.
Vitrine publicada com sucesso.
[main 7797527] Atualiza vitrine - 07/10/2026 04:30
 2 files changed, 7 insertions(+), 1 deletion(-)
To github.com:gestordecx/promod-vitrine.git
   2a564c6..7797527  main -> main
60 ofertas escritas em index.html.
Vitrine publicada com sucesso.
[main 6806463] Atualiza vitrine - 07/10/2026 04:45
 2 files changed, 7 insertions(+), 1 deletion(-)
To github.com:gestordecx/promod-vitrine.git
   7797527..6806463  main -> main
60 ofertas escritas em index.html.
Vitrine publicada com sucesso.
[main 475e176] Atualiza vitrine - 07/10/2026 05:00
 2 files changed, 7 insertions(+), 1 deletion(-)
To github.com:gestordecx/promod-vitrine.git
   6806463..475e176  main -> main
60 ofertas escritas em index.html.
Vitrine publicada com sucesso.
[main 93d3677] Atualiza vitrine - 07/10/2026 05:15
 2 files changed, 39 insertions(+), 33 deletions(-)
To github.com:gestordecx/promod-vitrine.git
   475e176..93d3677  main -> main
60 ofertas escritas em index.html.
Vitrine publicada com sucesso.
[main ae32807] Atualiza vitrine - 07/10/2026 05:30
 2 files changed, 23 insertions(+), 17 deletions(-)
To github.com:gestordecx/promod-vitrine.git
   93d3677..ae32807  main -> main
60 ofertas escritas em index.html.
Vitrine publicada com sucesso.
[main 71f90f0] Atualiza vitrine - 07/10/2026 05:45
 2 files changed, 24 insertions(+), 18 deletions(-)
To github.com:gestordecx/promod-vitrine.git
   ae32807..71f90f0  main -> main
60 ofertas escritas em index.html.
Vitrine publicada com sucesso.
[main c31bc2d] Atualiza vitrine - 07/10/2026 06:00
 2 files changed, 23 insertions(+), 17 deletions(-)
To github.com:gestordecx/promod-vitrine.git
   71f90f0..c31bc2d  main -> main
60 ofertas escritas em index.html.
Vitrine publicada com sucesso.
[main 5d3f03c] Atualiza vitrine - 07/10/2026 06:15
 2 files changed, 23 insertions(+), 17 deletions(-)
To github.com:gestordecx/promod-vitrine.git
   c31bc2d..5d3f03c  main -> main
60 ofertas escritas em index.html.
Vitrine publicada com sucesso.
[main bc07de8] Atualiza vitrine - 07/10/2026 06:30
 2 files changed, 56 insertions(+), 50 deletions(-)
To github.com:gestordecx/promod-vitrine.git
   5d3f03c..bc07de8  main -> main
60 ofertas escritas em index.html.
Vitrine publicada com sucesso.
[main 2eb2033] Atualiza vitrine - 07/10/2026 06:45
 2 files changed, 39 insertions(+), 35 deletions(-)
To github.com:gestordecx/promod-vitrine.git
   bc07de8..2eb2033  main -> main
60 ofertas escritas em index.html.
Vitrine publicada com sucesso.
[main 2644ed3] Atualiza vitrine - 07/10/2026 07:00
 2 files changed, 23 insertions(+), 17 deletions(-)
To github.com:gestordecx/promod-vitrine.git
   2eb2033..2644ed3  main -> main
60 ofertas escritas em index.html.
Vitrine publicada com sucesso.
[main 5b39289] Atualiza vitrine - 07/10/2026 07:15
 2 files changed, 7 insertions(+), 1 deletion(-)
To github.com:gestordecx/promod-vitrine.git
   2644ed3..5b39289  main -> main
60 ofertas escritas em index.html.
Vitrine publicada com sucesso.
[main 804f910] Atualiza vitrine - 07/10/2026 07:30
 2 files changed, 41 insertions(+), 33 deletions(-)
To github.com:gestordecx/promod-vitrine.git
   5b39289..804f910  main -> main
60 ofertas escritas em index.html.
Vitrine publicada com sucesso.
[main 4a9869b] Atualiza vitrine - 07/10/2026 07:45
 2 files changed, 140 insertions(+), 134 deletions(-)
To github.com:gestordecx/promod-vitrine.git
   804f910..4a9869b  main -> main
60 ofertas escritas em index.html.
Vitrine publicada com sucesso.
[main f3eaab9] Atualiza vitrine - 07/10/2026 08:00
 2 files changed, 39 insertions(+), 33 deletions(-)
To github.com:gestordecx/promod-vitrine.git
   4a9869b..f3eaab9  main -> main
60 ofertas escritas em index.html.
Vitrine publicada com sucesso.
[main 449350d] Atualiza vitrine - 07/10/2026 08:15
 2 files changed, 177 insertions(+), 171 deletions(-)
To github.com:gestordecx/promod-vitrine.git
   f3eaab9..449350d  main -> main
60 ofertas escritas em index.html.
Vitrine publicada com sucesso.
[main efe610f] Atualiza vitrine - 07/10/2026 08:30
 2 files changed, 226 insertions(+), 220 deletions(-)
To github.com:gestordecx/promod-vitrine.git
   449350d..efe610f  main -> main
60 ofertas escritas em index.html.
Vitrine publicada com sucesso.
[main 1335489] Atualiza vitrine - 07/10/2026 08:45
 2 files changed, 40 insertions(+), 33 deletions(-)
To github.com:gestordecx/promod-vitrine.git
   efe610f..1335489  main -> main
60 ofertas escritas em index.html.
Vitrine publicada com sucesso.
[main a7022ef] Atualiza vitrine - 07/10/2026 09:00
 2 files changed, 7 insertions(+), 1 deletion(-)
To github.com:gestordecx/promod-vitrine.git
   1335489..a7022ef  main -> main
60 ofertas escritas em index.html.
Vitrine publicada com sucesso.
[main fb15282] Atualiza vitrine - 07/10/2026 09:15
 2 files changed, 57 insertions(+), 51 deletions(-)
To github.com:gestordecx/promod-vitrine.git
   a7022ef..fb15282  main -> main
60 ofertas escritas em index.html.
Vitrine publicada com sucesso.
[main 178a08c] Atualiza vitrine - 07/10/2026 09:30
 2 files changed, 126 insertions(+), 120 deletions(-)
To github.com:gestordecx/promod-vitrine.git
   fb15282..178a08c  main -> main
60 ofertas escritas em index.html.
Vitrine publicada com sucesso.
[main 33091b9] Atualiza vitrine - 07/10/2026 09:45
 2 files changed, 109 insertions(+), 103 deletions(-)
To github.com:gestordecx/promod-vitrine.git
   178a08c..33091b9  main -> main
60 ofertas escritas em index.html.
Vitrine publicada com sucesso.
[main 019b1a6] Atualiza vitrine - 07/10/2026 10:00
 2 files changed, 23 insertions(+), 17 deletions(-)
To github.com:gestordecx/promod-vitrine.git
   33091b9..019b1a6  main -> main
60 ofertas escritas em index.html.
Vitrine publicada com sucesso.
[main 196bbe7] Atualiza vitrine - 07/10/2026 10:15
 2 files changed, 232 insertions(+), 223 deletions(-)
To github.com:gestordecx/promod-vitrine.git
   019b1a6..196bbe7  main -> main
60 ofertas escritas em index.html.
Vitrine publicada com sucesso.
[main f3b8394] Atualiza vitrine - 07/10/2026 10:30
 2 files changed, 176 insertions(+), 170 deletions(-)
To github.com:gestordecx/promod-vitrine.git
   196bbe7..f3b8394  main -> main
60 ofertas escritas em index.html.
Vitrine publicada com sucesso.
[main 6e6776d] Atualiza vitrine - 07/10/2026 10:45
 2 files changed, 150 insertions(+), 144 deletions(-)
To github.com:gestordecx/promod-vitrine.git
   f3b8394..6e6776d  main -> main
60 ofertas escritas em index.html.
Vitrine publicada com sucesso.
[main b348fc2] Atualiza vitrine - 07/10/2026 11:00
 2 files changed, 73 insertions(+), 67 deletions(-)
To github.com:gestordecx/promod-vitrine.git
   6e6776d..b348fc2  main -> main
60 ofertas escritas em index.html.
Vitrine publicada com sucesso.
[main af50f2a] Atualiza vitrine - 07/10/2026 11:15
 2 files changed, 175 insertions(+), 169 deletions(-)
To github.com:gestordecx/promod-vitrine.git
   b348fc2..af50f2a  main -> main
60 ofertas escritas em index.html.
Vitrine publicada com sucesso.
[main 5e01cb0] Atualiza vitrine - 07/10/2026 11:30
 2 files changed, 94 insertions(+), 85 deletions(-)
To github.com:gestordecx/promod-vitrine.git
   af50f2a..5e01cb0  main -> main
60 ofertas escritas em index.html.
Vitrine publicada com sucesso.
[main 3743ff8] Atualiza vitrine - 07/10/2026 11:45
 2 files changed, 40 insertions(+), 34 deletions(-)
To github.com:gestordecx/promod-vitrine.git
   5e01cb0..3743ff8  main -> main
60 ofertas escritas em index.html.
Vitrine publicada com sucesso.
[main 4429e9b] Atualiza vitrine - 07/10/2026 12:00
 2 files changed, 91 insertions(+), 85 deletions(-)
To github.com:gestordecx/promod-vitrine.git
   3743ff8..4429e9b  main -> main
60 ofertas escritas em index.html.
Vitrine publicada com sucesso.
[main 694e121] Atualiza vitrine - 07/10/2026 12:15
 2 files changed, 177 insertions(+), 171 deletions(-)
remote: Internal Server Error        
remote: Request ID FC76:2A71FF:1A6E2:6127F:6AC661F8        
remote: Time 2026-10-07T15:15:06Z
To github.com:gestordecx/promod-vitrine.git
 ! [remote rejected] main -> main (Internal Server Error)
error: failed to push some refs to 'github.com:gestordecx/promod-vitrine.git'
60 ofertas escritas em index.html.
Traceback (most recent call last):
  File "/home/darlan/projetos/promod-vitrine/gerar_vitrine.py", line 580, in <module>
    main()
  File "/home/darlan/projetos/promod-vitrine/gerar_vitrine.py", line 576, in main
    publicar_no_git()
  File "/home/darlan/projetos/promod-vitrine/gerar_vitrine.py", line 564, in publicar_no_git
    subprocess.run(["git", "push"], cwd=REPO_DIR, check=True)
  File "/usr/lib/python3.12/subprocess.py", line 571, in run
    raise CalledProcessError(retcode, process.args,
subprocess.CalledProcessError: Command '['git', 'push']' returned non-zero exit status 1.
[main 678b329] Atualiza vitrine - 07/10/2026 12:30
 2 files changed, 103 insertions(+), 84 deletions(-)
To github.com:gestordecx/promod-vitrine.git
   4429e9b..678b329  main -> main
60 ofertas escritas em index.html.
Vitrine publicada com sucesso.
